"","group","ASV"
"1","February_ColaDeBallena","ASV_26"
"2","February_ColaDeBallena","ASV_55"
"3","February_ColaDeBallena","ASV_67"
"4","February_ColaDeBallena","ASV_82"
"5","February_ColaDeBallena","ASV_110"
"6","February_ColaDeBallena","ASV_195"
"7","February_ColaDeBallena","ASV_249"
"8","February_ColaDeBallena","ASV_312"
"9","February_ColaDeBallena","ASV_429"
"10","February_ColaDeBallena","ASV_603"
"11","February_ColaDeBallena","ASV_659"
"12","February_ColaDeBallena","ASV_664"
"13","February_ColaDeBallena","ASV_707"
"14","February_ColaDeBallena","ASV_713"
"15","February_ColaDeBallena","ASV_748"
"16","February_ColaDeBallena","ASV_786"
"17","February_ColaDeBallena","ASV_811"
"18","February_ColaDeBallena","ASV_1012"
"19","February_ColaDeBallena","ASV_1041"
"20","February_ColaDeBallena","ASV_1047"
"21","February_ColaDeBallena","ASV_1062"
"22","February_ColaDeBallena","ASV_1096"
"23","February_ColaDeBallena","ASV_1155"
"24","February_ColaDeBallena","ASV_1180"
"25","February_ColaDeBallena","ASV_1204"
"26","February_ColaDeBallena","ASV_1268"
"27","February_ColaDeBallena","ASV_1313"
"28","February_ColaDeBallena","ASV_1365"
"29","February_ColaDeBallena","ASV_1368"
"30","February_ColaDeBallena","ASV_1501"
"31","February_ColaDeBallena","ASV_1509"
"32","February_ColaDeBallena","ASV_1620"
"33","February_ColaDeBallena","ASV_1622"
"34","February_ColaDeBallena","ASV_1652"
"35","February_ColaDeBallena","ASV_1823"
"36","February_ColaDeBallena","ASV_1846"
"37","February_ColaDeBallena","ASV_2050"
"38","February_ColaDeBallena","ASV_2109"
"39","February_ColaDeBallena","ASV_2184"
"40","February_ColaDeBallena","ASV_2225"
"41","February_ColaDeBallena","ASV_2228"
"42","February_ColaDeBallena","ASV_2255"
"43","February_ColaDeBallena","ASV_2269"
"44","February_ColaDeBallena","ASV_2330"
"45","February_ColaDeBallena","ASV_2473"
"46","February_ColaDeBallena","ASV_2528"
"47","February_ColaDeBallena","ASV_2541"
"48","February_ColaDeBallena","ASV_2609"
"49","February_ColaDeBallena","ASV_2665"
"50","February_ColaDeBallena","ASV_2681"
"51","February_ColaDeBallena","ASV_2700"
"52","February_ColaDeBallena","ASV_2715"
"53","February_ColaDeBallena","ASV_2769"
"54","February_ColaDeBallena","ASV_2926"
"55","February_ColaDeBallena","ASV_2932"
"56","February_ColaDeBallena","ASV_2958"
"57","February_ColaDeBallena","ASV_2967"
"58","February_ColaDeBallena","ASV_3004"
"59","February_ColaDeBallena","ASV_3044"
"60","February_ColaDeBallena","ASV_3062"
"61","February_ColaDeBallena","ASV_3163"
"62","February_ColaDeBallena","ASV_3178"
"63","February_ColaDeBallena","ASV_3198"
"64","February_ColaDeBallena","ASV_3237"
"65","February_ColaDeBallena","ASV_3310"
"66","February_ColaDeBallena","ASV_3378"
"67","February_ColaDeBallena","ASV_3445"
"68","February_ColaDeBallena","ASV_3447"
"69","February_ColaDeBallena","ASV_3483"
"70","February_ColaDeBallena","ASV_3517"
"71","February_ColaDeBallena","ASV_3531"
"72","February_ColaDeBallena","ASV_3532"
"73","February_ColaDeBallena","ASV_3566"
"74","February_ColaDeBallena","ASV_3589"
"75","February_ColaDeBallena","ASV_3604"
"76","February_ColaDeBallena","ASV_3689"
"77","February_ColaDeBallena","ASV_3706"
"78","February_ColaDeBallena","ASV_3711"
"79","February_ColaDeBallena","ASV_3731"
"80","February_ColaDeBallena","ASV_3742"
"81","February_ColaDeBallena","ASV_3786"
"82","February_ColaDeBallena","ASV_3832"
"83","February_ColaDeBallena","ASV_3847"
"84","February_ColaDeBallena","ASV_3850"
"85","February_ColaDeBallena","ASV_3907"
"86","February_ColaDeBallena","ASV_3911"
"87","February_ColaDeBallena","ASV_3940"
"88","February_ColaDeBallena","ASV_4045"
"89","February_ColaDeBallena","ASV_4057"
"90","February_ColaDeBallena","ASV_4116"
"91","February_ColaDeBallena","ASV_4187"
"92","February_ColaDeBallena","ASV_4282"
"93","February_ColaDeBallena","ASV_4313"
"94","February_ColaDeBallena","ASV_4417"
"95","February_ColaDeBallena","ASV_4439"
"96","February_ColaDeBallena","ASV_4496"
"97","February_ColaDeBallena","ASV_4531"
"98","February_ColaDeBallena","ASV_4564"
"99","February_ColaDeBallena","ASV_4707"
"100","February_ColaDeBallena","ASV_4722"
"101","February_ColaDeBallena","ASV_4733"
"102","February_ColaDeBallena","ASV_4906"
"103","February_ColaDeBallena","ASV_4944"
"104","February_ColaDeBallena","ASV_4948"
"105","February_ColaDeBallena","ASV_4991"
"106","February_ColaDeBallena","ASV_5010"
"107","February_ColaDeBallena","ASV_5058"
"108","February_ColaDeBallena","ASV_5224"
"109","February_ColaDeBallena","ASV_5304"
"110","February_ColaDeBallena","ASV_5396"
"111","February_ColaDeBallena","ASV_5409"
"112","February_ColaDeBallena","ASV_5509"
"113","February_ColaDeBallena","ASV_5513"
"114","February_ColaDeBallena","ASV_5556"
"115","February_ColaDeBallena","ASV_5641"
"116","February_ColaDeBallena","ASV_5652"
"117","February_ColaDeBallena","ASV_5667"
"118","February_ColaDeBallena","ASV_5671"
"119","February_ColaDeBallena","ASV_5707"
"120","February_ColaDeBallena","ASV_5775"
"121","February_ColaDeBallena","ASV_5785"
"122","February_ColaDeBallena","ASV_5817"
"123","February_ColaDeBallena","ASV_5840"
"124","February_ColaDeBallena","ASV_5842"
"125","February_ColaDeBallena","ASV_5856"
"126","February_ColaDeBallena","ASV_5943"
"127","February_ColaDeBallena","ASV_5951"
"128","February_ColaDeBallena","ASV_5991"
"129","February_ColaDeBallena","ASV_6002"
"130","February_ColaDeBallena","ASV_6003"
"131","February_ColaDeBallena","ASV_6004"
"132","February_ColaDeBallena","ASV_6058"
"133","February_ColaDeBallena","ASV_6161"
"134","February_ColaDeBallena","ASV_6203"
"135","February_ColaDeBallena","ASV_6251"
"136","February_ColaDeBallena","ASV_6342"
"137","February_ColaDeBallena","ASV_6391"
"138","February_ColaDeBallena","ASV_6402"
"139","February_ColaDeBallena","ASV_6424"
"140","February_ColaDeBallena","ASV_6441"
"141","February_ColaDeBallena","ASV_6489"
"142","February_ColaDeBallena","ASV_6527"
"143","February_ColaDeBallena","ASV_6535"
"144","February_ColaDeBallena","ASV_6586"
"145","February_ColaDeBallena","ASV_6684"
"146","February_ColaDeBallena","ASV_6706"
"147","February_ColaDeBallena","ASV_6725"
"148","February_ColaDeBallena","ASV_6733"
"149","February_ColaDeBallena","ASV_6741"
"150","February_ColaDeBallena","ASV_6936"
"151","February_ColaDeBallena","ASV_6948"
"152","February_ColaDeBallena","ASV_6997"
"153","February_ColaDeBallena","ASV_7004"
"154","February_ColaDeBallena","ASV_7069"
"155","February_ColaDeBallena","ASV_7083"
"156","February_ColaDeBallena","ASV_7108"
"157","February_ColaDeBallena","ASV_7123"
"158","February_ColaDeBallena","ASV_7144"
"159","February_ColaDeBallena","ASV_7186"
"160","February_ColaDeBallena","ASV_7263"
"161","February_ColaDeBallena","ASV_7328"
"162","February_ColaDeBallena","ASV_7443"
"163","February_ColaDeBallena","ASV_7471"
"164","February_ColaDeBallena","ASV_7484"
"165","February_ColaDeBallena","ASV_7541"
"166","February_ColaDeBallena","ASV_7560"
"167","February_ColaDeBallena","ASV_7724"
"168","February_ColaDeBallena","ASV_7742"
"169","February_ColaDeBallena","ASV_7773"
"170","February_ColaDeBallena","ASV_7782"
"171","February_ColaDeBallena","ASV_7808"
"172","February_ColaDeBallena","ASV_7814"
"173","February_ColaDeBallena","ASV_7897"
"174","February_ColaDeBallena","ASV_7903"
"175","February_ColaDeBallena","ASV_7930"
"176","February_ColaDeBallena","ASV_7953"
"177","February_ColaDeBallena","ASV_7963"
"178","February_ColaDeBallena","ASV_8066"
"179","February_ColaDeBallena","ASV_8146"
"180","February_ColaDeBallena","ASV_8248"
"181","February_ColaDeBallena","ASV_8288"
"182","February_ColaDeBallena","ASV_8289"
"183","February_ColaDeBallena","ASV_8301"
"184","February_ColaDeBallena","ASV_8338"
"185","February_ColaDeBallena","ASV_8340"
"186","February_ColaDeBallena","ASV_8403"
"187","February_ColaDeBallena","ASV_8414"
"188","February_ColaDeBallena","ASV_8500"
"189","February_ColaDeBallena","ASV_8542"
"190","February_ColaDeBallena","ASV_8558"
"191","February_ColaDeBallena","ASV_8593"
"192","February_ColaDeBallena","ASV_8666"
"193","February_ColaDeBallena","ASV_8713"
"194","February_ColaDeBallena","ASV_8835"
"195","February_ColaDeBallena","ASV_8870"
"196","February_ColaDeBallena","ASV_8880"
"197","February_ColaDeBallena","ASV_8943"
"198","February_ColaDeBallena","ASV_8957"
"199","February_ColaDeBallena","ASV_9048"
"200","February_ColaDeBallena","ASV_9078"
"201","February_ColaDeBallena","ASV_9109"
"202","February_ColaDeBallena","ASV_9295"
"203","February_ColaDeBallena","ASV_9379"
"204","February_ColaDeBallena","ASV_9414"
"205","February_ColaDeBallena","ASV_9556"
"206","February_ColaDeBallena","ASV_9642"
"207","February_ColaDeBallena","ASV_9670"
"208","February_ColaDeBallena","ASV_9686"
"209","February_ColaDeBallena","ASV_9756"
"210","February_ColaDeBallena","ASV_9761"
"211","February_ColaDeBallena","ASV_9783"
"212","February_ColaDeBallena","ASV_9805"
"213","February_ColaDeBallena","ASV_9855"
"214","February_ColaDeBallena","ASV_9865"
"215","February_ColaDeBallena","ASV_9867"
"216","February_ColaDeBallena","ASV_9881"
"217","February_ColaDeBallena","ASV_9919"
"218","February_ColaDeBallena","ASV_9961"
"219","February_ColaDeBallena","ASV_9973"
"220","February_ColaDeBallena","ASV_9994"
"221","February_ColaDeBallena","ASV_10019"
"222","February_ColaDeBallena","ASV_10161"
"223","February_ColaDeBallena","ASV_10272"
"224","February_ColaDeBallena","ASV_10311"
"225","February_ColaDeBallena","ASV_10344"
"226","February_ColaDeBallena","ASV_10386"
"227","February_ColaDeBallena","ASV_10387"
"228","February_ColaDeBallena","ASV_10411"
"229","February_ColaDeBallena","ASV_10440"
"230","February_ColaDeBallena","ASV_10489"
"231","February_ColaDeBallena","ASV_10531"
"232","February_ColaDeBallena","ASV_10532"
"233","February_ColaDeBallena","ASV_10539"
"234","February_ColaDeBallena","ASV_10544"
"235","February_ColaDeBallena","ASV_10631"
"236","February_ColaDeBallena","ASV_10644"
"237","February_ColaDeBallena","ASV_10676"
"238","February_ColaDeBallena","ASV_10684"
"239","February_ColaDeBallena","ASV_10742"
"240","February_ColaDeBallena","ASV_10762"
"241","February_ColaDeBallena","ASV_10764"
"242","February_ColaDeBallena","ASV_10845"
"243","February_ColaDeBallena","ASV_10850"
"244","February_ColaDeBallena","ASV_10906"
"245","February_ColaDeBallena","ASV_10943"
"246","February_ColaDeBallena","ASV_10951"
"247","February_ColaDeBallena","ASV_10962"
"248","February_ColaDeBallena","ASV_11051"
"249","February_ColaDeBallena","ASV_11054"
"250","February_ColaDeBallena","ASV_11060"
"251","February_ColaDeBallena","ASV_11065"
"252","February_ColaDeBallena","ASV_11076"
"253","February_ColaDeBallena","ASV_11092"
"254","February_ColaDeBallena","ASV_11130"
"255","February_ColaDeBallena","ASV_11131"
"256","February_ColaDeBallena","ASV_11134"
"257","February_ColaDeBallena","ASV_11145"
"258","February_ColaDeBallena","ASV_11195"
"259","February_ColaDeBallena","ASV_11209"
"260","February_ColaDeBallena","ASV_11235"
"261","February_ColaDeBallena","ASV_11285"
"262","February_ColaDeBallena","ASV_11427"
"263","February_ColaDeBallena","ASV_11443"
"264","February_ColaDeBallena","ASV_11464"
"265","February_ColaDeBallena","ASV_11483"
"266","February_ColaDeBallena","ASV_11577"
"267","February_ColaDeBallena","ASV_11583"
"268","February_ColaDeBallena","ASV_11592"
"269","February_ColaDeBallena","ASV_11633"
"270","February_ColaDeBallena","ASV_11661"
"271","February_ColaDeBallena","ASV_11693"
"272","February_ColaDeBallena","ASV_11724"
"273","February_ColaDeBallena","ASV_11816"
"274","February_ColaDeBallena","ASV_11864"
"275","February_ColaDeBallena","ASV_11870"
"276","February_ColaDeBallena","ASV_11874"
"277","February_ColaDeBallena","ASV_11904"
"278","February_ColaDeBallena","ASV_11925"
"279","February_ColaDeBallena","ASV_11931"
"280","February_ColaDeBallena","ASV_11939"
"281","February_ColaDeBallena","ASV_11950"
"282","February_ColaDeBallena","ASV_11962"
"283","February_ColaDeBallena","ASV_12039"
"284","February_ColaDeBallena","ASV_12135"
"285","February_ColaDeBallena","ASV_12204"
"286","February_ColaDeBallena","ASV_12238"
"287","February_ColaDeBallena","ASV_12268"
"288","February_ColaDeBallena","ASV_12273"
"289","February_ColaDeBallena","ASV_12317"
"290","February_ColaDeBallena","ASV_12350"
"291","February_ColaDeBallena","ASV_12367"
"292","February_ColaDeBallena","ASV_12370"
"293","February_ColaDeBallena","ASV_12382"
"294","February_ColaDeBallena","ASV_12398"
"295","February_ColaDeBallena","ASV_12432"
"296","February_ColaDeBallena","ASV_12473"
"297","February_ColaDeBallena","ASV_12486"
"298","February_ColaDeBallena","ASV_12511"
"299","February_ColaDeBallena","ASV_12562"
"300","February_ColaDeBallena","ASV_12612"
"301","February_ColaDeBallena","ASV_12613"
"302","February_ColaDeBallena","ASV_12652"
"303","February_ColaDeBallena","ASV_12705"
"304","February_ColaDeBallena","ASV_12719"
"305","February_ColaDeBallena","ASV_12729"
"306","February_ColaDeBallena","ASV_12765"
"307","February_ColaDeBallena","ASV_12814"
"308","February_ColaDeBallena","ASV_12828"
"309","February_ColaDeBallena","ASV_12829"
"310","February_ColaDeBallena","ASV_12846"
"311","February_ColaDeBallena","ASV_12965"
"312","February_ColaDeBallena","ASV_12992"
"313","February_ColaDeBallena","ASV_13000"
"314","February_ColaDeBallena","ASV_13020"
"315","February_ColaDeBallena","ASV_13045"
"316","February_ColaDeBallena","ASV_13076"
"317","February_ColaDeBallena","ASV_13115"
"318","February_ColaDeBallena","ASV_13196"
"319","February_ColaDeBallena","ASV_13236"
"320","February_ColaDeBallena","ASV_13291"
"321","February_ColaDeBallena","ASV_13326"
"322","February_ColaDeBallena","ASV_13366"
"323","February_ColaDeBallena","ASV_13400"
"324","February_ColaDeBallena","ASV_13435"
"325","February_ColaDeBallena","ASV_13474"
"326","February_ColaDeBallena","ASV_13594"
"327","February_ColaDeBallena","ASV_13671"
"328","February_ColaDeBallena","ASV_13757"
"329","February_ColaDeBallena","ASV_13762"
"330","February_ColaDeBallena","ASV_13827"
"331","February_ColaDeBallena","ASV_13843"
"332","February_ColaDeBallena","ASV_13870"
"333","February_ColaDeBallena","ASV_13974"
"334","February_ColaDeBallena","ASV_13985"
"335","February_ColaDeBallena","ASV_14048"
"336","February_ColaDeBallena","ASV_14091"
"337","February_ColaDeBallena","ASV_14123"
"338","February_ColaDeBallena","ASV_14205"
"339","February_ColaDeBallena","ASV_14211"
"340","February_ColaDeBallena","ASV_14216"
"341","February_ColaDeBallena","ASV_14272"
"342","February_ColaDeBallena","ASV_14279"
"343","February_ColaDeBallena","ASV_14312"
"344","February_ColaDeBallena","ASV_14354"
"345","February_ColaDeBallena","ASV_14382"
"346","February_ColaDeBallena","ASV_14451"
"347","February_ColaDeBallena","ASV_14464"
"348","February_ColaDeBallena","ASV_14605"
"349","February_ColaDeBallena","ASV_14636"
"350","February_ColaDeBallena","ASV_14652"
"351","February_ColaDeBallena","ASV_14712"
"352","February_ColaDeBallena","ASV_14872"
"353","February_ColaDeBallena","ASV_14893"
"354","February_ColaDeBallena","ASV_14902"
"355","February_ColaDeBallena","ASV_14934"
"356","February_ColaDeBallena","ASV_14993"
"357","February_ColaDeBallena","ASV_15048"
"358","February_ColaDeBallena","ASV_15050"
"359","February_ColaDeBallena","ASV_15068"
"360","February_ColaDeBallena","ASV_15092"
"361","February_ColaDeBallena","ASV_15192"
"362","February_ColaDeBallena","ASV_15290"
"363","February_ColaDeBallena","ASV_15311"
"364","February_ColaDeBallena","ASV_15346"
"365","February_ColaDeBallena","ASV_15372"
"366","February_ColaDeBallena","ASV_15449"
"367","February_ColaDeBallena","ASV_15461"
"368","February_ColaDeBallena","ASV_15504"
"369","February_ColaDeBallena","ASV_15547"
"370","February_ColaDeBallena","ASV_15550"
"371","February_ColaDeBallena","ASV_15604"
"372","February_ColaDeBallena","ASV_15630"
"373","February_ColaDeBallena","ASV_15638"
"374","February_ColaDeBallena","ASV_15691"
"375","February_ColaDeBallena","ASV_15757"
"376","February_ColaDeBallena","ASV_15773"
"377","February_ColaDeBallena","ASV_15820"
"378","February_ColaDeBallena","ASV_15837"
"379","February_ColaDeBallena","ASV_15846"
"380","February_ColaDeBallena","ASV_15900"
"381","February_ColaDeBallena","ASV_15905"
"382","February_ColaDeBallena","ASV_15908"
"383","February_ColaDeBallena","ASV_15920"
"384","February_ColaDeBallena","ASV_15923"
"385","February_ColaDeBallena","ASV_15934"
"386","February_ColaDeBallena","ASV_15944"
"387","February_ColaDeBallena","ASV_15946"
"388","February_ColaDeBallena","ASV_15957"
"389","February_ColaDeBallena","ASV_15981"
"390","February_ColaDeBallena","ASV_16072"
"391","February_EsteroZacatecas","ASV_71"
"392","February_EsteroZacatecas","ASV_119"
"393","February_EsteroZacatecas","ASV_121"
"394","February_EsteroZacatecas","ASV_124"
"395","February_EsteroZacatecas","ASV_137"
"396","February_EsteroZacatecas","ASV_203"
"397","February_EsteroZacatecas","ASV_213"
"398","February_EsteroZacatecas","ASV_223"
"399","February_EsteroZacatecas","ASV_249"
"400","February_EsteroZacatecas","ASV_277"
"401","February_EsteroZacatecas","ASV_298"
"402","February_EsteroZacatecas","ASV_398"
"403","February_EsteroZacatecas","ASV_413"
"404","February_EsteroZacatecas","ASV_429"
"405","February_EsteroZacatecas","ASV_457"
"406","February_EsteroZacatecas","ASV_526"
"407","February_EsteroZacatecas","ASV_536"
"408","February_EsteroZacatecas","ASV_544"
"409","February_EsteroZacatecas","ASV_546"
"410","February_EsteroZacatecas","ASV_592"
"411","February_EsteroZacatecas","ASV_621"
"412","February_EsteroZacatecas","ASV_636"
"413","February_EsteroZacatecas","ASV_696"
"414","February_EsteroZacatecas","ASV_726"
"415","February_EsteroZacatecas","ASV_745"
"416","February_EsteroZacatecas","ASV_840"
"417","February_EsteroZacatecas","ASV_922"
"418","February_EsteroZacatecas","ASV_949"
"419","February_EsteroZacatecas","ASV_951"
"420","February_EsteroZacatecas","ASV_996"
"421","February_EsteroZacatecas","ASV_1103"
"422","February_EsteroZacatecas","ASV_1133"
"423","February_EsteroZacatecas","ASV_1202"
"424","February_EsteroZacatecas","ASV_1266"
"425","February_EsteroZacatecas","ASV_1442"
"426","February_EsteroZacatecas","ASV_1444"
"427","February_EsteroZacatecas","ASV_1466"
"428","February_EsteroZacatecas","ASV_1480"
"429","February_EsteroZacatecas","ASV_1544"
"430","February_EsteroZacatecas","ASV_1545"
"431","February_EsteroZacatecas","ASV_1550"
"432","February_EsteroZacatecas","ASV_1570"
"433","February_EsteroZacatecas","ASV_1652"
"434","February_EsteroZacatecas","ASV_1671"
"435","February_EsteroZacatecas","ASV_1777"
"436","February_EsteroZacatecas","ASV_1832"
"437","February_EsteroZacatecas","ASV_1846"
"438","February_EsteroZacatecas","ASV_1957"
"439","February_EsteroZacatecas","ASV_1997"
"440","February_EsteroZacatecas","ASV_2015"
"441","February_EsteroZacatecas","ASV_2086"
"442","February_EsteroZacatecas","ASV_2118"
"443","February_EsteroZacatecas","ASV_2236"
"444","February_EsteroZacatecas","ASV_2255"
"445","February_EsteroZacatecas","ASV_2265"
"446","February_EsteroZacatecas","ASV_2268"
"447","February_EsteroZacatecas","ASV_2541"
"448","February_EsteroZacatecas","ASV_2700"
"449","February_EsteroZacatecas","ASV_2769"
"450","February_EsteroZacatecas","ASV_2773"
"451","February_EsteroZacatecas","ASV_3051"
"452","February_EsteroZacatecas","ASV_3135"
"453","February_EsteroZacatecas","ASV_3182"
"454","February_EsteroZacatecas","ASV_3220"
"455","February_EsteroZacatecas","ASV_3237"
"456","February_EsteroZacatecas","ASV_3307"
"457","February_EsteroZacatecas","ASV_3343"
"458","February_EsteroZacatecas","ASV_3515"
"459","February_EsteroZacatecas","ASV_3528"
"460","February_EsteroZacatecas","ASV_3563"
"461","February_EsteroZacatecas","ASV_3566"
"462","February_EsteroZacatecas","ASV_3584"
"463","February_EsteroZacatecas","ASV_3585"
"464","February_EsteroZacatecas","ASV_3665"
"465","February_EsteroZacatecas","ASV_3670"
"466","February_EsteroZacatecas","ASV_3742"
"467","February_EsteroZacatecas","ASV_3834"
"468","February_EsteroZacatecas","ASV_4006"
"469","February_EsteroZacatecas","ASV_4027"
"470","February_EsteroZacatecas","ASV_4034"
"471","February_EsteroZacatecas","ASV_4049"
"472","February_EsteroZacatecas","ASV_4050"
"473","February_EsteroZacatecas","ASV_4065"
"474","February_EsteroZacatecas","ASV_4172"
"475","February_EsteroZacatecas","ASV_4173"
"476","February_EsteroZacatecas","ASV_4242"
"477","February_EsteroZacatecas","ASV_4251"
"478","February_EsteroZacatecas","ASV_4279"
"479","February_EsteroZacatecas","ASV_4316"
"480","February_EsteroZacatecas","ASV_4342"
"481","February_EsteroZacatecas","ASV_4361"
"482","February_EsteroZacatecas","ASV_4411"
"483","February_EsteroZacatecas","ASV_4417"
"484","February_EsteroZacatecas","ASV_4439"
"485","February_EsteroZacatecas","ASV_4459"
"486","February_EsteroZacatecas","ASV_4510"
"487","February_EsteroZacatecas","ASV_4624"
"488","February_EsteroZacatecas","ASV_4746"
"489","February_EsteroZacatecas","ASV_4932"
"490","February_EsteroZacatecas","ASV_4944"
"491","February_EsteroZacatecas","ASV_4964"
"492","February_EsteroZacatecas","ASV_5047"
"493","February_EsteroZacatecas","ASV_5093"
"494","February_EsteroZacatecas","ASV_5145"
"495","February_EsteroZacatecas","ASV_5248"
"496","February_EsteroZacatecas","ASV_5253"
"497","February_EsteroZacatecas","ASV_5258"
"498","February_EsteroZacatecas","ASV_5260"
"499","February_EsteroZacatecas","ASV_5269"
"500","February_EsteroZacatecas","ASV_5409"
"501","February_EsteroZacatecas","ASV_5420"
"502","February_EsteroZacatecas","ASV_5482"
"503","February_EsteroZacatecas","ASV_5525"
"504","February_EsteroZacatecas","ASV_5674"
"505","February_EsteroZacatecas","ASV_5824"
"506","February_EsteroZacatecas","ASV_5842"
"507","February_EsteroZacatecas","ASV_5959"
"508","February_EsteroZacatecas","ASV_6080"
"509","February_EsteroZacatecas","ASV_6086"
"510","February_EsteroZacatecas","ASV_6090"
"511","February_EsteroZacatecas","ASV_6111"
"512","February_EsteroZacatecas","ASV_6125"
"513","February_EsteroZacatecas","ASV_6130"
"514","February_EsteroZacatecas","ASV_6161"
"515","February_EsteroZacatecas","ASV_6320"
"516","February_EsteroZacatecas","ASV_6399"
"517","February_EsteroZacatecas","ASV_6441"
"518","February_EsteroZacatecas","ASV_6484"
"519","February_EsteroZacatecas","ASV_6532"
"520","February_EsteroZacatecas","ASV_6535"
"521","February_EsteroZacatecas","ASV_6649"
"522","February_EsteroZacatecas","ASV_6690"
"523","February_EsteroZacatecas","ASV_6837"
"524","February_EsteroZacatecas","ASV_6892"
"525","February_EsteroZacatecas","ASV_6948"
"526","February_EsteroZacatecas","ASV_6961"
"527","February_EsteroZacatecas","ASV_7012"
"528","February_EsteroZacatecas","ASV_7068"
"529","February_EsteroZacatecas","ASV_7083"
"530","February_EsteroZacatecas","ASV_7144"
"531","February_EsteroZacatecas","ASV_7182"
"532","February_EsteroZacatecas","ASV_7191"
"533","February_EsteroZacatecas","ASV_7227"
"534","February_EsteroZacatecas","ASV_7263"
"535","February_EsteroZacatecas","ASV_7283"
"536","February_EsteroZacatecas","ASV_7308"
"537","February_EsteroZacatecas","ASV_7328"
"538","February_EsteroZacatecas","ASV_7416"
"539","February_EsteroZacatecas","ASV_7535"
"540","February_EsteroZacatecas","ASV_7636"
"541","February_EsteroZacatecas","ASV_7782"
"542","February_EsteroZacatecas","ASV_7814"
"543","February_EsteroZacatecas","ASV_7837"
"544","February_EsteroZacatecas","ASV_7871"
"545","February_EsteroZacatecas","ASV_7897"
"546","February_EsteroZacatecas","ASV_7934"
"547","February_EsteroZacatecas","ASV_7972"
"548","February_EsteroZacatecas","ASV_8065"
"549","February_EsteroZacatecas","ASV_8114"
"550","February_EsteroZacatecas","ASV_8238"
"551","February_EsteroZacatecas","ASV_8252"
"552","February_EsteroZacatecas","ASV_8264"
"553","February_EsteroZacatecas","ASV_8289"
"554","February_EsteroZacatecas","ASV_8306"
"555","February_EsteroZacatecas","ASV_8325"
"556","February_EsteroZacatecas","ASV_8380"
"557","February_EsteroZacatecas","ASV_8388"
"558","February_EsteroZacatecas","ASV_8456"
"559","February_EsteroZacatecas","ASV_8457"
"560","February_EsteroZacatecas","ASV_8492"
"561","February_EsteroZacatecas","ASV_8501"
"562","February_EsteroZacatecas","ASV_8503"
"563","February_EsteroZacatecas","ASV_8644"
"564","February_EsteroZacatecas","ASV_8666"
"565","February_EsteroZacatecas","ASV_8714"
"566","February_EsteroZacatecas","ASV_8729"
"567","February_EsteroZacatecas","ASV_8753"
"568","February_EsteroZacatecas","ASV_8880"
"569","February_EsteroZacatecas","ASV_8887"
"570","February_EsteroZacatecas","ASV_8923"
"571","February_EsteroZacatecas","ASV_8939"
"572","February_EsteroZacatecas","ASV_8954"
"573","February_EsteroZacatecas","ASV_8981"
"574","February_EsteroZacatecas","ASV_9004"
"575","February_EsteroZacatecas","ASV_9068"
"576","February_EsteroZacatecas","ASV_9078"
"577","February_EsteroZacatecas","ASV_9109"
"578","February_EsteroZacatecas","ASV_9177"
"579","February_EsteroZacatecas","ASV_9267"
"580","February_EsteroZacatecas","ASV_9281"
"581","February_EsteroZacatecas","ASV_9292"
"582","February_EsteroZacatecas","ASV_9318"
"583","February_EsteroZacatecas","ASV_9379"
"584","February_EsteroZacatecas","ASV_9420"
"585","February_EsteroZacatecas","ASV_9450"
"586","February_EsteroZacatecas","ASV_9451"
"587","February_EsteroZacatecas","ASV_9536"
"588","February_EsteroZacatecas","ASV_9611"
"589","February_EsteroZacatecas","ASV_9614"
"590","February_EsteroZacatecas","ASV_9662"
"591","February_EsteroZacatecas","ASV_9665"
"592","February_EsteroZacatecas","ASV_9721"
"593","February_EsteroZacatecas","ASV_9760"
"594","February_EsteroZacatecas","ASV_9823"
"595","February_EsteroZacatecas","ASV_9865"
"596","February_EsteroZacatecas","ASV_9951"
"597","February_EsteroZacatecas","ASV_10048"
"598","February_EsteroZacatecas","ASV_10138"
"599","February_EsteroZacatecas","ASV_10141"
"600","February_EsteroZacatecas","ASV_10173"
"601","February_EsteroZacatecas","ASV_10265"
"602","February_EsteroZacatecas","ASV_10445"
"603","February_EsteroZacatecas","ASV_10615"
"604","February_EsteroZacatecas","ASV_10631"
"605","February_EsteroZacatecas","ASV_10664"
"606","February_EsteroZacatecas","ASV_10749"
"607","February_EsteroZacatecas","ASV_10845"
"608","February_EsteroZacatecas","ASV_10882"
"609","February_EsteroZacatecas","ASV_10906"
"610","February_EsteroZacatecas","ASV_10959"
"611","February_EsteroZacatecas","ASV_11013"
"612","February_EsteroZacatecas","ASV_11054"
"613","February_EsteroZacatecas","ASV_11077"
"614","February_EsteroZacatecas","ASV_11098"
"615","February_EsteroZacatecas","ASV_11109"
"616","February_EsteroZacatecas","ASV_11116"
"617","February_EsteroZacatecas","ASV_11128"
"618","February_EsteroZacatecas","ASV_11131"
"619","February_EsteroZacatecas","ASV_11133"
"620","February_EsteroZacatecas","ASV_11169"
"621","February_EsteroZacatecas","ASV_11215"
"622","February_EsteroZacatecas","ASV_11222"
"623","February_EsteroZacatecas","ASV_11225"
"624","February_EsteroZacatecas","ASV_11336"
"625","February_EsteroZacatecas","ASV_11477"
"626","February_EsteroZacatecas","ASV_11518"
"627","February_EsteroZacatecas","ASV_11540"
"628","February_EsteroZacatecas","ASV_11556"
"629","February_EsteroZacatecas","ASV_11613"
"630","February_EsteroZacatecas","ASV_11680"
"631","February_EsteroZacatecas","ASV_11725"
"632","February_EsteroZacatecas","ASV_11874"
"633","February_EsteroZacatecas","ASV_11943"
"634","February_EsteroZacatecas","ASV_11962"
"635","February_EsteroZacatecas","ASV_12014"
"636","February_EsteroZacatecas","ASV_12020"
"637","February_EsteroZacatecas","ASV_12065"
"638","February_EsteroZacatecas","ASV_12109"
"639","February_EsteroZacatecas","ASV_12166"
"640","February_EsteroZacatecas","ASV_12212"
"641","February_EsteroZacatecas","ASV_12226"
"642","February_EsteroZacatecas","ASV_12253"
"643","February_EsteroZacatecas","ASV_12294"
"644","February_EsteroZacatecas","ASV_12367"
"645","February_EsteroZacatecas","ASV_12371"
"646","February_EsteroZacatecas","ASV_12422"
"647","February_EsteroZacatecas","ASV_12437"
"648","February_EsteroZacatecas","ASV_12448"
"649","February_EsteroZacatecas","ASV_12463"
"650","February_EsteroZacatecas","ASV_12486"
"651","February_EsteroZacatecas","ASV_12600"
"652","February_EsteroZacatecas","ASV_12652"
"653","February_EsteroZacatecas","ASV_12719"
"654","February_EsteroZacatecas","ASV_12745"
"655","February_EsteroZacatecas","ASV_12775"
"656","February_EsteroZacatecas","ASV_12788"
"657","February_EsteroZacatecas","ASV_12853"
"658","February_EsteroZacatecas","ASV_13004"
"659","February_EsteroZacatecas","ASV_13106"
"660","February_EsteroZacatecas","ASV_13177"
"661","February_EsteroZacatecas","ASV_13211"
"662","February_EsteroZacatecas","ASV_13232"
"663","February_EsteroZacatecas","ASV_13236"
"664","February_EsteroZacatecas","ASV_13252"
"665","February_EsteroZacatecas","ASV_13364"
"666","February_EsteroZacatecas","ASV_13386"
"667","February_EsteroZacatecas","ASV_13522"
"668","February_EsteroZacatecas","ASV_13538"
"669","February_EsteroZacatecas","ASV_13539"
"670","February_EsteroZacatecas","ASV_13571"
"671","February_EsteroZacatecas","ASV_13601"
"672","February_EsteroZacatecas","ASV_13619"
"673","February_EsteroZacatecas","ASV_13649"
"674","February_EsteroZacatecas","ASV_13670"
"675","February_EsteroZacatecas","ASV_13771"
"676","February_EsteroZacatecas","ASV_13815"
"677","February_EsteroZacatecas","ASV_13824"
"678","February_EsteroZacatecas","ASV_13826"
"679","February_EsteroZacatecas","ASV_13852"
"680","February_EsteroZacatecas","ASV_13856"
"681","February_EsteroZacatecas","ASV_13876"
"682","February_EsteroZacatecas","ASV_13962"
"683","February_EsteroZacatecas","ASV_13971"
"684","February_EsteroZacatecas","ASV_13985"
"685","February_EsteroZacatecas","ASV_14091"
"686","February_EsteroZacatecas","ASV_14101"
"687","February_EsteroZacatecas","ASV_14191"
"688","February_EsteroZacatecas","ASV_14300"
"689","February_EsteroZacatecas","ASV_14368"
"690","February_EsteroZacatecas","ASV_14418"
"691","February_EsteroZacatecas","ASV_14489"
"692","February_EsteroZacatecas","ASV_14533"
"693","February_EsteroZacatecas","ASV_14547"
"694","February_EsteroZacatecas","ASV_14557"
"695","February_EsteroZacatecas","ASV_14628"
"696","February_EsteroZacatecas","ASV_14630"
"697","February_EsteroZacatecas","ASV_14687"
"698","February_EsteroZacatecas","ASV_14727"
"699","February_EsteroZacatecas","ASV_14754"
"700","February_EsteroZacatecas","ASV_14761"
"701","February_EsteroZacatecas","ASV_14804"
"702","February_EsteroZacatecas","ASV_14872"
"703","February_EsteroZacatecas","ASV_14934"
"704","February_EsteroZacatecas","ASV_14979"
"705","February_EsteroZacatecas","ASV_15002"
"706","February_EsteroZacatecas","ASV_15130"
"707","February_EsteroZacatecas","ASV_15166"
"708","February_EsteroZacatecas","ASV_15181"
"709","February_EsteroZacatecas","ASV_15214"
"710","February_EsteroZacatecas","ASV_15238"
"711","February_EsteroZacatecas","ASV_15291"
"712","February_EsteroZacatecas","ASV_15336"
"713","February_EsteroZacatecas","ASV_15362"
"714","February_EsteroZacatecas","ASV_15437"
"715","February_EsteroZacatecas","ASV_15452"
"716","February_EsteroZacatecas","ASV_15493"
"717","February_EsteroZacatecas","ASV_15498"
"718","February_EsteroZacatecas","ASV_15668"
"719","February_EsteroZacatecas","ASV_15773"
"720","February_EsteroZacatecas","ASV_15816"
"721","February_EsteroZacatecas","ASV_15820"
"722","February_EsteroZacatecas","ASV_15859"
"723","February_EsteroZacatecas","ASV_15923"
"724","February_EsteroZacatecas","ASV_15927"
"725","February_EsteroZacatecas","ASV_15977"
"726","February_EsteroZacatecas","ASV_15993"
"727","February_EsteroZacatecas","ASV_15997"
"728","February_EsteroZacatecas","ASV_16008"
"729","February_EsteroZacatecas","ASV_16062"
"730","February_EsteroZacatecas","ASV_16064"
"731","September_ColaDeBallena","ASV_36"
"732","September_ColaDeBallena","ASV_67"
"733","September_ColaDeBallena","ASV_82"
"734","September_ColaDeBallena","ASV_110"
"735","September_ColaDeBallena","ASV_136"
"736","September_ColaDeBallena","ASV_221"
"737","September_ColaDeBallena","ASV_249"
"738","September_ColaDeBallena","ASV_260"
"739","September_ColaDeBallena","ASV_280"
"740","September_ColaDeBallena","ASV_291"
"741","September_ColaDeBallena","ASV_312"
"742","September_ColaDeBallena","ASV_368"
"743","September_ColaDeBallena","ASV_472"
"744","September_ColaDeBallena","ASV_474"
"745","September_ColaDeBallena","ASV_526"
"746","September_ColaDeBallena","ASV_571"
"747","September_ColaDeBallena","ASV_619"
"748","September_ColaDeBallena","ASV_636"
"749","September_ColaDeBallena","ASV_659"
"750","September_ColaDeBallena","ASV_661"
"751","September_ColaDeBallena","ASV_954"
"752","September_ColaDeBallena","ASV_1011"
"753","September_ColaDeBallena","ASV_1047"
"754","September_ColaDeBallena","ASV_1062"
"755","September_ColaDeBallena","ASV_1071"
"756","September_ColaDeBallena","ASV_1096"
"757","September_ColaDeBallena","ASV_1163"
"758","September_ColaDeBallena","ASV_1268"
"759","September_ColaDeBallena","ASV_1365"
"760","September_ColaDeBallena","ASV_1505"
"761","September_ColaDeBallena","ASV_1509"
"762","September_ColaDeBallena","ASV_1758"
"763","September_ColaDeBallena","ASV_1823"
"764","September_ColaDeBallena","ASV_1871"
"765","September_ColaDeBallena","ASV_1895"
"766","September_ColaDeBallena","ASV_1930"
"767","September_ColaDeBallena","ASV_2081"
"768","September_ColaDeBallena","ASV_2086"
"769","September_ColaDeBallena","ASV_2184"
"770","September_ColaDeBallena","ASV_2217"
"771","September_ColaDeBallena","ASV_2218"
"772","September_ColaDeBallena","ASV_2255"
"773","September_ColaDeBallena","ASV_2528"
"774","September_ColaDeBallena","ASV_2541"
"775","September_ColaDeBallena","ASV_2752"
"776","September_ColaDeBallena","ASV_2824"
"777","September_ColaDeBallena","ASV_2841"
"778","September_ColaDeBallena","ASV_2882"
"779","September_ColaDeBallena","ASV_3062"
"780","September_ColaDeBallena","ASV_3202"
"781","September_ColaDeBallena","ASV_3213"
"782","September_ColaDeBallena","ASV_3298"
"783","September_ColaDeBallena","ASV_3310"
"784","September_ColaDeBallena","ASV_3378"
"785","September_ColaDeBallena","ASV_3446"
"786","September_ColaDeBallena","ASV_3531"
"787","September_ColaDeBallena","ASV_3532"
"788","September_ColaDeBallena","ASV_3566"
"789","September_ColaDeBallena","ASV_3675"
"790","September_ColaDeBallena","ASV_3678"
"791","September_ColaDeBallena","ASV_3683"
"792","September_ColaDeBallena","ASV_3706"
"793","September_ColaDeBallena","ASV_3786"
"794","September_ColaDeBallena","ASV_3822"
"795","September_ColaDeBallena","ASV_3850"
"796","September_ColaDeBallena","ASV_3911"
"797","September_ColaDeBallena","ASV_4057"
"798","September_ColaDeBallena","ASV_4092"
"799","September_ColaDeBallena","ASV_4361"
"800","September_ColaDeBallena","ASV_4397"
"801","September_ColaDeBallena","ASV_4417"
"802","September_ColaDeBallena","ASV_4439"
"803","September_ColaDeBallena","ASV_4564"
"804","September_ColaDeBallena","ASV_4707"
"805","September_ColaDeBallena","ASV_4791"
"806","September_ColaDeBallena","ASV_4948"
"807","September_ColaDeBallena","ASV_4991"
"808","September_ColaDeBallena","ASV_5056"
"809","September_ColaDeBallena","ASV_5122"
"810","September_ColaDeBallena","ASV_5217"
"811","September_ColaDeBallena","ASV_5219"
"812","September_ColaDeBallena","ASV_5270"
"813","September_ColaDeBallena","ASV_5362"
"814","September_ColaDeBallena","ASV_5363"
"815","September_ColaDeBallena","ASV_5381"
"816","September_ColaDeBallena","ASV_5403"
"817","September_ColaDeBallena","ASV_5450"
"818","September_ColaDeBallena","ASV_5501"
"819","September_ColaDeBallena","ASV_5509"
"820","September_ColaDeBallena","ASV_5513"
"821","September_ColaDeBallena","ASV_5521"
"822","September_ColaDeBallena","ASV_5667"
"823","September_ColaDeBallena","ASV_5746"
"824","September_ColaDeBallena","ASV_5775"
"825","September_ColaDeBallena","ASV_5842"
"826","September_ColaDeBallena","ASV_5904"
"827","September_ColaDeBallena","ASV_5991"
"828","September_ColaDeBallena","ASV_6058"
"829","September_ColaDeBallena","ASV_6146"
"830","September_ColaDeBallena","ASV_6174"
"831","September_ColaDeBallena","ASV_6338"
"832","September_ColaDeBallena","ASV_6341"
"833","September_ColaDeBallena","ASV_6423"
"834","September_ColaDeBallena","ASV_6441"
"835","September_ColaDeBallena","ASV_6535"
"836","September_ColaDeBallena","ASV_6541"
"837","September_ColaDeBallena","ASV_6586"
"838","September_ColaDeBallena","ASV_6611"
"839","September_ColaDeBallena","ASV_6628"
"840","September_ColaDeBallena","ASV_6684"
"841","September_ColaDeBallena","ASV_6863"
"842","September_ColaDeBallena","ASV_6892"
"843","September_ColaDeBallena","ASV_6944"
"844","September_ColaDeBallena","ASV_6948"
"845","September_ColaDeBallena","ASV_6999"
"846","September_ColaDeBallena","ASV_7004"
"847","September_ColaDeBallena","ASV_7017"
"848","September_ColaDeBallena","ASV_7083"
"849","September_ColaDeBallena","ASV_7108"
"850","September_ColaDeBallena","ASV_7122"
"851","September_ColaDeBallena","ASV_7123"
"852","September_ColaDeBallena","ASV_7144"
"853","September_ColaDeBallena","ASV_7175"
"854","September_ColaDeBallena","ASV_7179"
"855","September_ColaDeBallena","ASV_7263"
"856","September_ColaDeBallena","ASV_7291"
"857","September_ColaDeBallena","ASV_7369"
"858","September_ColaDeBallena","ASV_7471"
"859","September_ColaDeBallena","ASV_7519"
"860","September_ColaDeBallena","ASV_7541"
"861","September_ColaDeBallena","ASV_7782"
"862","September_ColaDeBallena","ASV_7872"
"863","September_ColaDeBallena","ASV_7903"
"864","September_ColaDeBallena","ASV_7953"
"865","September_ColaDeBallena","ASV_8056"
"866","September_ColaDeBallena","ASV_8187"
"867","September_ColaDeBallena","ASV_8234"
"868","September_ColaDeBallena","ASV_8288"
"869","September_ColaDeBallena","ASV_8326"
"870","September_ColaDeBallena","ASV_8456"
"871","September_ColaDeBallena","ASV_8463"
"872","September_ColaDeBallena","ASV_8500"
"873","September_ColaDeBallena","ASV_8558"
"874","September_ColaDeBallena","ASV_8635"
"875","September_ColaDeBallena","ASV_8699"
"876","September_ColaDeBallena","ASV_8835"
"877","September_ColaDeBallena","ASV_8887"
"878","September_ColaDeBallena","ASV_8954"
"879","September_ColaDeBallena","ASV_8996"
"880","September_ColaDeBallena","ASV_9024"
"881","September_ColaDeBallena","ASV_9042"
"882","September_ColaDeBallena","ASV_9068"
"883","September_ColaDeBallena","ASV_9391"
"884","September_ColaDeBallena","ASV_9425"
"885","September_ColaDeBallena","ASV_9440"
"886","September_ColaDeBallena","ASV_9556"
"887","September_ColaDeBallena","ASV_9563"
"888","September_ColaDeBallena","ASV_9614"
"889","September_ColaDeBallena","ASV_9635"
"890","September_ColaDeBallena","ASV_9726"
"891","September_ColaDeBallena","ASV_9805"
"892","September_ColaDeBallena","ASV_9855"
"893","September_ColaDeBallena","ASV_9864"
"894","September_ColaDeBallena","ASV_9879"
"895","September_ColaDeBallena","ASV_9994"
"896","September_ColaDeBallena","ASV_10060"
"897","September_ColaDeBallena","ASV_10139"
"898","September_ColaDeBallena","ASV_10161"
"899","September_ColaDeBallena","ASV_10171"
"900","September_ColaDeBallena","ASV_10179"
"901","September_ColaDeBallena","ASV_10185"
"902","September_ColaDeBallena","ASV_10218"
"903","September_ColaDeBallena","ASV_10311"
"904","September_ColaDeBallena","ASV_10332"
"905","September_ColaDeBallena","ASV_10344"
"906","September_ColaDeBallena","ASV_10440"
"907","September_ColaDeBallena","ASV_10497"
"908","September_ColaDeBallena","ASV_10594"
"909","September_ColaDeBallena","ASV_10629"
"910","September_ColaDeBallena","ASV_10664"
"911","September_ColaDeBallena","ASV_10676"
"912","September_ColaDeBallena","ASV_10722"
"913","September_ColaDeBallena","ASV_10820"
"914","September_ColaDeBallena","ASV_10841"
"915","September_ColaDeBallena","ASV_10845"
"916","September_ColaDeBallena","ASV_10928"
"917","September_ColaDeBallena","ASV_10962"
"918","September_ColaDeBallena","ASV_11059"
"919","September_ColaDeBallena","ASV_11136"
"920","September_ColaDeBallena","ASV_11154"
"921","September_ColaDeBallena","ASV_11178"
"922","September_ColaDeBallena","ASV_11209"
"923","September_ColaDeBallena","ASV_11225"
"924","September_ColaDeBallena","ASV_11245"
"925","September_ColaDeBallena","ASV_11484"
"926","September_ColaDeBallena","ASV_11592"
"927","September_ColaDeBallena","ASV_11633"
"928","September_ColaDeBallena","ASV_11651"
"929","September_ColaDeBallena","ASV_11816"
"930","September_ColaDeBallena","ASV_11870"
"931","September_ColaDeBallena","ASV_11904"
"932","September_ColaDeBallena","ASV_11931"
"933","September_ColaDeBallena","ASV_12053"
"934","September_ColaDeBallena","ASV_12150"
"935","September_ColaDeBallena","ASV_12197"
"936","September_ColaDeBallena","ASV_12272"
"937","September_ColaDeBallena","ASV_12382"
"938","September_ColaDeBallena","ASV_12398"
"939","September_ColaDeBallena","ASV_12588"
"940","September_ColaDeBallena","ASV_12613"
"941","September_ColaDeBallena","ASV_12652"
"942","September_ColaDeBallena","ASV_12658"
"943","September_ColaDeBallena","ASV_12667"
"944","September_ColaDeBallena","ASV_12809"
"945","September_ColaDeBallena","ASV_12810"
"946","September_ColaDeBallena","ASV_12828"
"947","September_ColaDeBallena","ASV_12829"
"948","September_ColaDeBallena","ASV_12846"
"949","September_ColaDeBallena","ASV_13076"
"950","September_ColaDeBallena","ASV_13125"
"951","September_ColaDeBallena","ASV_13236"
"952","September_ColaDeBallena","ASV_13295"
"953","September_ColaDeBallena","ASV_13326"
"954","September_ColaDeBallena","ASV_13377"
"955","September_ColaDeBallena","ASV_13477"
"956","September_ColaDeBallena","ASV_13518"
"957","September_ColaDeBallena","ASV_13522"
"958","September_ColaDeBallena","ASV_13532"
"959","September_ColaDeBallena","ASV_13588"
"960","September_ColaDeBallena","ASV_13594"
"961","September_ColaDeBallena","ASV_13617"
"962","September_ColaDeBallena","ASV_13638"
"963","September_ColaDeBallena","ASV_13671"
"964","September_ColaDeBallena","ASV_13762"
"965","September_ColaDeBallena","ASV_13774"
"966","September_ColaDeBallena","ASV_13782"
"967","September_ColaDeBallena","ASV_13827"
"968","September_ColaDeBallena","ASV_13954"
"969","September_ColaDeBallena","ASV_14022"
"970","September_ColaDeBallena","ASV_14091"
"971","September_ColaDeBallena","ASV_14205"
"972","September_ColaDeBallena","ASV_14237"
"973","September_ColaDeBallena","ASV_14279"
"974","September_ColaDeBallena","ASV_14451"
"975","September_ColaDeBallena","ASV_14464"
"976","September_ColaDeBallena","ASV_14489"
"977","September_ColaDeBallena","ASV_14720"
"978","September_ColaDeBallena","ASV_14777"
"979","September_ColaDeBallena","ASV_14795"
"980","September_ColaDeBallena","ASV_14872"
"981","September_ColaDeBallena","ASV_14934"
"982","September_ColaDeBallena","ASV_14973"
"983","September_ColaDeBallena","ASV_15092"
"984","September_ColaDeBallena","ASV_15128"
"985","September_ColaDeBallena","ASV_15235"
"986","September_ColaDeBallena","ASV_15365"
"987","September_ColaDeBallena","ASV_15437"
"988","September_ColaDeBallena","ASV_15504"
"989","September_ColaDeBallena","ASV_15550"
"990","September_ColaDeBallena","ASV_15626"
"991","September_ColaDeBallena","ASV_15630"
"992","September_ColaDeBallena","ASV_15697"
"993","September_ColaDeBallena","ASV_15803"
"994","September_ColaDeBallena","ASV_15810"
"995","September_ColaDeBallena","ASV_15837"
"996","September_ColaDeBallena","ASV_15879"
"997","September_ColaDeBallena","ASV_15923"
"998","September_ColaDeBallena","ASV_15934"
"999","September_ColaDeBallena","ASV_15944"
"1000","September_ColaDeBallena","ASV_15946"
"1001","September_EsteroZacatecas","ASV_36"
"1002","September_EsteroZacatecas","ASV_82"
"1003","September_EsteroZacatecas","ASV_110"
"1004","September_EsteroZacatecas","ASV_136"
"1005","September_EsteroZacatecas","ASV_137"
"1006","September_EsteroZacatecas","ASV_213"
"1007","September_EsteroZacatecas","ASV_219"
"1008","September_EsteroZacatecas","ASV_221"
"1009","September_EsteroZacatecas","ASV_238"
"1010","September_EsteroZacatecas","ASV_249"
"1011","September_EsteroZacatecas","ASV_260"
"1012","September_EsteroZacatecas","ASV_312"
"1013","September_EsteroZacatecas","ASV_361"
"1014","September_EsteroZacatecas","ASV_488"
"1015","September_EsteroZacatecas","ASV_495"
"1016","September_EsteroZacatecas","ASV_526"
"1017","September_EsteroZacatecas","ASV_529"
"1018","September_EsteroZacatecas","ASV_594"
"1019","September_EsteroZacatecas","ASV_619"
"1020","September_EsteroZacatecas","ASV_634"
"1021","September_EsteroZacatecas","ASV_636"
"1022","September_EsteroZacatecas","ASV_659"
"1023","September_EsteroZacatecas","ASV_661"
"1024","September_EsteroZacatecas","ASV_664"
"1025","September_EsteroZacatecas","ASV_696"
"1026","September_EsteroZacatecas","ASV_745"
"1027","September_EsteroZacatecas","ASV_796"
"1028","September_EsteroZacatecas","ASV_986"
"1029","September_EsteroZacatecas","ASV_1011"
"1030","September_EsteroZacatecas","ASV_1062"
"1031","September_EsteroZacatecas","ASV_1110"
"1032","September_EsteroZacatecas","ASV_1163"
"1033","September_EsteroZacatecas","ASV_1266"
"1034","September_EsteroZacatecas","ASV_1268"
"1035","September_EsteroZacatecas","ASV_1358"
"1036","September_EsteroZacatecas","ASV_1439"
"1037","September_EsteroZacatecas","ASV_1466"
"1038","September_EsteroZacatecas","ASV_1473"
"1039","September_EsteroZacatecas","ASV_1480"
"1040","September_EsteroZacatecas","ASV_1482"
"1041","September_EsteroZacatecas","ASV_1530"
"1042","September_EsteroZacatecas","ASV_1534"
"1043","September_EsteroZacatecas","ASV_1544"
"1044","September_EsteroZacatecas","ASV_1623"
"1045","September_EsteroZacatecas","ASV_1671"
"1046","September_EsteroZacatecas","ASV_1677"
"1047","September_EsteroZacatecas","ASV_1823"
"1048","September_EsteroZacatecas","ASV_2086"
"1049","September_EsteroZacatecas","ASV_2125"
"1050","September_EsteroZacatecas","ASV_2172"
"1051","September_EsteroZacatecas","ASV_2236"
"1052","September_EsteroZacatecas","ASV_2255"
"1053","September_EsteroZacatecas","ASV_2330"
"1054","September_EsteroZacatecas","ASV_2526"
"1055","September_EsteroZacatecas","ASV_2541"
"1056","September_EsteroZacatecas","ASV_2698"
"1057","September_EsteroZacatecas","ASV_2710"
"1058","September_EsteroZacatecas","ASV_2767"
"1059","September_EsteroZacatecas","ASV_2799"
"1060","September_EsteroZacatecas","ASV_2841"
"1061","September_EsteroZacatecas","ASV_2867"
"1062","September_EsteroZacatecas","ASV_2884"
"1063","September_EsteroZacatecas","ASV_2894"
"1064","September_EsteroZacatecas","ASV_2935"
"1065","September_EsteroZacatecas","ASV_2998"
"1066","September_EsteroZacatecas","ASV_3202"
"1067","September_EsteroZacatecas","ASV_3220"
"1068","September_EsteroZacatecas","ASV_3237"
"1069","September_EsteroZacatecas","ASV_3264"
"1070","September_EsteroZacatecas","ASV_3353"
"1071","September_EsteroZacatecas","ASV_3566"
"1072","September_EsteroZacatecas","ASV_3585"
"1073","September_EsteroZacatecas","ASV_3656"
"1074","September_EsteroZacatecas","ASV_3678"
"1075","September_EsteroZacatecas","ASV_3742"
"1076","September_EsteroZacatecas","ASV_3847"
"1077","September_EsteroZacatecas","ASV_4042"
"1078","September_EsteroZacatecas","ASV_4049"
"1079","September_EsteroZacatecas","ASV_4054"
"1080","September_EsteroZacatecas","ASV_4057"
"1081","September_EsteroZacatecas","ASV_4152"
"1082","September_EsteroZacatecas","ASV_4172"
"1083","September_EsteroZacatecas","ASV_4192"
"1084","September_EsteroZacatecas","ASV_4200"
"1085","September_EsteroZacatecas","ASV_4203"
"1086","September_EsteroZacatecas","ASV_4316"
"1087","September_EsteroZacatecas","ASV_4336"
"1088","September_EsteroZacatecas","ASV_4361"
"1089","September_EsteroZacatecas","ASV_4417"
"1090","September_EsteroZacatecas","ASV_4439"
"1091","September_EsteroZacatecas","ASV_4473"
"1092","September_EsteroZacatecas","ASV_4564"
"1093","September_EsteroZacatecas","ASV_4625"
"1094","September_EsteroZacatecas","ASV_4818"
"1095","September_EsteroZacatecas","ASV_4875"
"1096","September_EsteroZacatecas","ASV_4914"
"1097","September_EsteroZacatecas","ASV_4932"
"1098","September_EsteroZacatecas","ASV_4946"
"1099","September_EsteroZacatecas","ASV_4948"
"1100","September_EsteroZacatecas","ASV_4951"
"1101","September_EsteroZacatecas","ASV_4964"
"1102","September_EsteroZacatecas","ASV_5056"
"1103","September_EsteroZacatecas","ASV_5145"
"1104","September_EsteroZacatecas","ASV_5153"
"1105","September_EsteroZacatecas","ASV_5173"
"1106","September_EsteroZacatecas","ASV_5219"
"1107","September_EsteroZacatecas","ASV_5269"
"1108","September_EsteroZacatecas","ASV_5395"
"1109","September_EsteroZacatecas","ASV_5409"
"1110","September_EsteroZacatecas","ASV_5450"
"1111","September_EsteroZacatecas","ASV_5513"
"1112","September_EsteroZacatecas","ASV_5611"
"1113","September_EsteroZacatecas","ASV_5651"
"1114","September_EsteroZacatecas","ASV_5667"
"1115","September_EsteroZacatecas","ASV_5703"
"1116","September_EsteroZacatecas","ASV_5746"
"1117","September_EsteroZacatecas","ASV_5784"
"1118","September_EsteroZacatecas","ASV_5830"
"1119","September_EsteroZacatecas","ASV_5842"
"1120","September_EsteroZacatecas","ASV_6066"
"1121","September_EsteroZacatecas","ASV_6096"
"1122","September_EsteroZacatecas","ASV_6125"
"1123","September_EsteroZacatecas","ASV_6146"
"1124","September_EsteroZacatecas","ASV_6166"
"1125","September_EsteroZacatecas","ASV_6320"
"1126","September_EsteroZacatecas","ASV_6338"
"1127","September_EsteroZacatecas","ASV_6399"
"1128","September_EsteroZacatecas","ASV_6441"
"1129","September_EsteroZacatecas","ASV_6474"
"1130","September_EsteroZacatecas","ASV_6477"
"1131","September_EsteroZacatecas","ASV_6535"
"1132","September_EsteroZacatecas","ASV_6541"
"1133","September_EsteroZacatecas","ASV_6586"
"1134","September_EsteroZacatecas","ASV_6628"
"1135","September_EsteroZacatecas","ASV_6643"
"1136","September_EsteroZacatecas","ASV_6684"
"1137","September_EsteroZacatecas","ASV_6690"
"1138","September_EsteroZacatecas","ASV_6741"
"1139","September_EsteroZacatecas","ASV_6747"
"1140","September_EsteroZacatecas","ASV_6811"
"1141","September_EsteroZacatecas","ASV_6859"
"1142","September_EsteroZacatecas","ASV_6892"
"1143","September_EsteroZacatecas","ASV_6944"
"1144","September_EsteroZacatecas","ASV_6948"
"1145","September_EsteroZacatecas","ASV_6991"
"1146","September_EsteroZacatecas","ASV_6999"
"1147","September_EsteroZacatecas","ASV_7004"
"1148","September_EsteroZacatecas","ASV_7012"
"1149","September_EsteroZacatecas","ASV_7017"
"1150","September_EsteroZacatecas","ASV_7044"
"1151","September_EsteroZacatecas","ASV_7092"
"1152","September_EsteroZacatecas","ASV_7122"
"1153","September_EsteroZacatecas","ASV_7123"
"1154","September_EsteroZacatecas","ASV_7144"
"1155","September_EsteroZacatecas","ASV_7164"
"1156","September_EsteroZacatecas","ASV_7191"
"1157","September_EsteroZacatecas","ASV_7231"
"1158","September_EsteroZacatecas","ASV_7283"
"1159","September_EsteroZacatecas","ASV_7328"
"1160","September_EsteroZacatecas","ASV_7402"
"1161","September_EsteroZacatecas","ASV_7459"
"1162","September_EsteroZacatecas","ASV_7511"
"1163","September_EsteroZacatecas","ASV_7519"
"1164","September_EsteroZacatecas","ASV_7541"
"1165","September_EsteroZacatecas","ASV_7636"
"1166","September_EsteroZacatecas","ASV_7640"
"1167","September_EsteroZacatecas","ASV_7756"
"1168","September_EsteroZacatecas","ASV_7782"
"1169","September_EsteroZacatecas","ASV_7837"
"1170","September_EsteroZacatecas","ASV_7934"
"1171","September_EsteroZacatecas","ASV_7953"
"1172","September_EsteroZacatecas","ASV_7972"
"1173","September_EsteroZacatecas","ASV_8127"
"1174","September_EsteroZacatecas","ASV_8252"
"1175","September_EsteroZacatecas","ASV_8288"
"1176","September_EsteroZacatecas","ASV_8325"
"1177","September_EsteroZacatecas","ASV_8456"
"1178","September_EsteroZacatecas","ASV_8492"
"1179","September_EsteroZacatecas","ASV_8528"
"1180","September_EsteroZacatecas","ASV_8558"
"1181","September_EsteroZacatecas","ASV_8622"
"1182","September_EsteroZacatecas","ASV_8753"
"1183","September_EsteroZacatecas","ASV_8806"
"1184","September_EsteroZacatecas","ASV_8889"
"1185","September_EsteroZacatecas","ASV_8927"
"1186","September_EsteroZacatecas","ASV_8954"
"1187","September_EsteroZacatecas","ASV_9004"
"1188","September_EsteroZacatecas","ASV_9057"
"1189","September_EsteroZacatecas","ASV_9068"
"1190","September_EsteroZacatecas","ASV_9163"
"1191","September_EsteroZacatecas","ASV_9225"
"1192","September_EsteroZacatecas","ASV_9233"
"1193","September_EsteroZacatecas","ASV_9292"
"1194","September_EsteroZacatecas","ASV_9313"
"1195","September_EsteroZacatecas","ASV_9319"
"1196","September_EsteroZacatecas","ASV_9384"
"1197","September_EsteroZacatecas","ASV_9391"
"1198","September_EsteroZacatecas","ASV_9440"
"1199","September_EsteroZacatecas","ASV_9470"
"1200","September_EsteroZacatecas","ASV_9477"
"1201","September_EsteroZacatecas","ASV_9556"
"1202","September_EsteroZacatecas","ASV_9614"
"1203","September_EsteroZacatecas","ASV_9665"
"1204","September_EsteroZacatecas","ASV_9666"
"1205","September_EsteroZacatecas","ASV_9695"
"1206","September_EsteroZacatecas","ASV_9738"
"1207","September_EsteroZacatecas","ASV_9753"
"1208","September_EsteroZacatecas","ASV_9783"
"1209","September_EsteroZacatecas","ASV_9842"
"1210","September_EsteroZacatecas","ASV_9879"
"1211","September_EsteroZacatecas","ASV_9881"
"1212","September_EsteroZacatecas","ASV_9925"
"1213","September_EsteroZacatecas","ASV_9958"
"1214","September_EsteroZacatecas","ASV_10060"
"1215","September_EsteroZacatecas","ASV_10139"
"1216","September_EsteroZacatecas","ASV_10265"
"1217","September_EsteroZacatecas","ASV_10311"
"1218","September_EsteroZacatecas","ASV_10429"
"1219","September_EsteroZacatecas","ASV_10445"
"1220","September_EsteroZacatecas","ASV_10530"
"1221","September_EsteroZacatecas","ASV_10577"
"1222","September_EsteroZacatecas","ASV_10594"
"1223","September_EsteroZacatecas","ASV_10664"
"1224","September_EsteroZacatecas","ASV_10669"
"1225","September_EsteroZacatecas","ASV_10676"
"1226","September_EsteroZacatecas","ASV_10821"
"1227","September_EsteroZacatecas","ASV_10841"
"1228","September_EsteroZacatecas","ASV_10845"
"1229","September_EsteroZacatecas","ASV_10928"
"1230","September_EsteroZacatecas","ASV_10962"
"1231","September_EsteroZacatecas","ASV_11033"
"1232","September_EsteroZacatecas","ASV_11059"
"1233","September_EsteroZacatecas","ASV_11061"
"1234","September_EsteroZacatecas","ASV_11131"
"1235","September_EsteroZacatecas","ASV_11133"
"1236","September_EsteroZacatecas","ASV_11169"
"1237","September_EsteroZacatecas","ASV_11192"
"1238","September_EsteroZacatecas","ASV_11209"
"1239","September_EsteroZacatecas","ASV_11225"
"1240","September_EsteroZacatecas","ASV_11310"
"1241","September_EsteroZacatecas","ASV_11516"
"1242","September_EsteroZacatecas","ASV_11540"
"1243","September_EsteroZacatecas","ASV_11632"
"1244","September_EsteroZacatecas","ASV_11633"
"1245","September_EsteroZacatecas","ASV_11640"
"1246","September_EsteroZacatecas","ASV_11651"
"1247","September_EsteroZacatecas","ASV_11687"
"1248","September_EsteroZacatecas","ASV_11816"
"1249","September_EsteroZacatecas","ASV_11904"
"1250","September_EsteroZacatecas","ASV_11919"
"1251","September_EsteroZacatecas","ASV_11962"
"1252","September_EsteroZacatecas","ASV_12149"
"1253","September_EsteroZacatecas","ASV_12150"
"1254","September_EsteroZacatecas","ASV_12228"
"1255","September_EsteroZacatecas","ASV_12251"
"1256","September_EsteroZacatecas","ASV_12254"
"1257","September_EsteroZacatecas","ASV_12273"
"1258","September_EsteroZacatecas","ASV_12323"
"1259","September_EsteroZacatecas","ASV_12367"
"1260","September_EsteroZacatecas","ASV_12382"
"1261","September_EsteroZacatecas","ASV_12444"
"1262","September_EsteroZacatecas","ASV_12448"
"1263","September_EsteroZacatecas","ASV_12490"
"1264","September_EsteroZacatecas","ASV_12493"
"1265","September_EsteroZacatecas","ASV_12588"
"1266","September_EsteroZacatecas","ASV_12613"
"1267","September_EsteroZacatecas","ASV_12652"
"1268","September_EsteroZacatecas","ASV_12658"
"1269","September_EsteroZacatecas","ASV_12667"
"1270","September_EsteroZacatecas","ASV_12745"
"1271","September_EsteroZacatecas","ASV_12805"
"1272","September_EsteroZacatecas","ASV_12809"
"1273","September_EsteroZacatecas","ASV_12829"
"1274","September_EsteroZacatecas","ASV_12842"
"1275","September_EsteroZacatecas","ASV_12868"
"1276","September_EsteroZacatecas","ASV_12943"
"1277","September_EsteroZacatecas","ASV_13076"
"1278","September_EsteroZacatecas","ASV_13147"
"1279","September_EsteroZacatecas","ASV_13211"
"1280","September_EsteroZacatecas","ASV_13232"
"1281","September_EsteroZacatecas","ASV_13236"
"1282","September_EsteroZacatecas","ASV_13262"
"1283","September_EsteroZacatecas","ASV_13366"
"1284","September_EsteroZacatecas","ASV_13415"
"1285","September_EsteroZacatecas","ASV_13435"
"1286","September_EsteroZacatecas","ASV_13477"
"1287","September_EsteroZacatecas","ASV_13518"
"1288","September_EsteroZacatecas","ASV_13522"
"1289","September_EsteroZacatecas","ASV_13526"
"1290","September_EsteroZacatecas","ASV_13594"
"1291","September_EsteroZacatecas","ASV_13639"
"1292","September_EsteroZacatecas","ASV_13751"
"1293","September_EsteroZacatecas","ASV_13762"
"1294","September_EsteroZacatecas","ASV_13815"
"1295","September_EsteroZacatecas","ASV_13971"
"1296","September_EsteroZacatecas","ASV_14022"
"1297","September_EsteroZacatecas","ASV_14052"
"1298","September_EsteroZacatecas","ASV_14091"
"1299","September_EsteroZacatecas","ASV_14095"
"1300","September_EsteroZacatecas","ASV_14191"
"1301","September_EsteroZacatecas","ASV_14205"
"1302","September_EsteroZacatecas","ASV_14216"
"1303","September_EsteroZacatecas","ASV_14237"
"1304","September_EsteroZacatecas","ASV_14300"
"1305","September_EsteroZacatecas","ASV_14451"
"1306","September_EsteroZacatecas","ASV_14461"
"1307","September_EsteroZacatecas","ASV_14489"
"1308","September_EsteroZacatecas","ASV_14497"
"1309","September_EsteroZacatecas","ASV_14696"
"1310","September_EsteroZacatecas","ASV_14792"
"1311","September_EsteroZacatecas","ASV_14872"
"1312","September_EsteroZacatecas","ASV_14973"
"1313","September_EsteroZacatecas","ASV_14979"
"1314","September_EsteroZacatecas","ASV_15014"
"1315","September_EsteroZacatecas","ASV_15054"
"1316","September_EsteroZacatecas","ASV_15092"
"1317","September_EsteroZacatecas","ASV_15130"
"1318","September_EsteroZacatecas","ASV_15166"
"1319","September_EsteroZacatecas","ASV_15196"
"1320","September_EsteroZacatecas","ASV_15235"
"1321","September_EsteroZacatecas","ASV_15362"
"1322","September_EsteroZacatecas","ASV_15365"
"1323","September_EsteroZacatecas","ASV_15437"
"1324","September_EsteroZacatecas","ASV_15452"
"1325","September_EsteroZacatecas","ASV_15482"
"1326","September_EsteroZacatecas","ASV_15498"
"1327","September_EsteroZacatecas","ASV_15588"
"1328","September_EsteroZacatecas","ASV_15668"
"1329","September_EsteroZacatecas","ASV_15753"
"1330","September_EsteroZacatecas","ASV_15757"
"1331","September_EsteroZacatecas","ASV_15810"
"1332","September_EsteroZacatecas","ASV_15923"
"1333","September_EsteroZacatecas","ASV_15946"
"1334","September_EsteroZacatecas","ASV_15950"
"1335","September_EsteroZacatecas","ASV_15997"
"1336","September_EsteroZacatecas","ASV_16064"
