"","Taxa","Method","Group","Letter","Significance"
"1","k__Bacteria","anova","EsteroZacatecas","a","a"
"2","k__Bacteria","anova","ColaDeBallena","b","b"
"3","k__Bacteria|p__Pseudomonadota","anova","ColaDeBallena","a","a"
"4","k__Bacteria|p__Pseudomonadota","anova","EsteroZacatecas","b","b"
"5","k__Bacteria|p__Actinomycetota","anova","ColaDeBallena","a","a"
"6","k__Bacteria|p__Actinomycetota","anova","EsteroZacatecas","a","a"
"7","k__Bacteria|p__Bacteroidota","anova","EsteroZacatecas","a","a"
"8","k__Bacteria|p__Bacteroidota","anova","ColaDeBallena","b","b"
"9","k__Bacteria|p__Rhodothermota","anova","EsteroZacatecas","a","a"
"10","k__Bacteria|p__Rhodothermota","anova","ColaDeBallena","a","a"
"11","k__Bacteria|p__Cyanobacteriota","anova","EsteroZacatecas","a","a"
"12","k__Bacteria|p__Cyanobacteriota","anova","ColaDeBallena","b","b"
"13","k__Bacteria|p__Thermodesulfobacteriota","anova","ColaDeBallena","a","a"
"14","k__Bacteria|p__Thermodesulfobacteriota","anova","EsteroZacatecas","a","a"
"15","k__Bacteria|p__Myxococcota","anova","ColaDeBallena","a","a"
"16","k__Bacteria|p__Myxococcota","anova","EsteroZacatecas","b","b"
"17","k__Bacteria|p__Planctomycetota","anova","ColaDeBallena","a","a"
"18","k__Bacteria|p__Planctomycetota","anova","EsteroZacatecas","a","a"
"19","k__Bacteria|p__Chloroflexota","anova","EsteroZacatecas","a","a"
"20","k__Bacteria|p__Chloroflexota","anova","ColaDeBallena","a","a"
"21","k__Bacteria|p__Verrucomicrobiota","anova","EsteroZacatecas","a","a"
"22","k__Bacteria|p__Verrucomicrobiota","anova","ColaDeBallena","a","a"
"23","k__Bacteria|p__Acidobacteriota","anova","ColaDeBallena","a","a"
"24","k__Bacteria|p__Acidobacteriota","anova","EsteroZacatecas","a","a"
"25","k__Bacteria|p__Campylobacterota","anova","ColaDeBallena","a","a"
"26","k__Bacteria|p__Campylobacterota","anova","EsteroZacatecas","b","b"
"27","k__Bacteria|p__Deinococcota","anova","EsteroZacatecas","a","a"
"28","k__Bacteria|p__Deinococcota","anova","ColaDeBallena","a","a"
"29","k__Bacteria|p__Gemmatimonadota","anova","ColaDeBallena","a","a"
"30","k__Bacteria|p__Gemmatimonadota","anova","EsteroZacatecas","a","a"
"31","k__Bacteria|p__Bacillota","anova","ColaDeBallena","a","a"
"32","k__Bacteria|p__Bacillota","anova","EsteroZacatecas","a","a"
"33","k__Bacteria|p__Balneolota","anova","ColaDeBallena","a","a"
"34","k__Bacteria|p__Balneolota","anova","EsteroZacatecas","b","b"
"35","k__Bacteria|p__Pseudomonadota|c__Alphaproteobacteria","anova","ColaDeBallena","a","a"
"36","k__Bacteria|p__Pseudomonadota|c__Alphaproteobacteria","anova","EsteroZacatecas","b","b"
"37","k__Bacteria|p__Bacteroidota|c__Bacteroidia","anova","EsteroZacatecas","a","a"
"38","k__Bacteria|p__Bacteroidota|c__Bacteroidia","anova","ColaDeBallena","b","b"
"39","k__Bacteria|p__Actinomycetota|c__Actinobacteria","anova","ColaDeBallena","a","a"
"40","k__Bacteria|p__Actinomycetota|c__Actinobacteria","anova","EsteroZacatecas","b","b"
"41","k__Bacteria|p__Pseudomonadota|c__Gammaproteobacteria","anova","ColaDeBallena","a","a"
"42","k__Bacteria|p__Pseudomonadota|c__Gammaproteobacteria","anova","EsteroZacatecas","a","a"
"43","k__Bacteria|p__Rhodothermota|c__Rhodothermia","anova","EsteroZacatecas","a","a"
"44","k__Bacteria|p__Rhodothermota|c__Rhodothermia","anova","ColaDeBallena","a","a"
"45","k__Bacteria|p__Cyanobacteriota|c__Cyanobacteriia","anova","EsteroZacatecas","a","a"
"46","k__Bacteria|p__Cyanobacteriota|c__Cyanobacteriia","anova","ColaDeBallena","b","b"
"47","k__Bacteria|p__Actinomycetota|c__Acidimicrobiia","anova","EsteroZacatecas","a","a"
"48","k__Bacteria|p__Actinomycetota|c__Acidimicrobiia","anova","ColaDeBallena","a","a"
"49","k__Bacteria|p__Actinomycetota|c__Rubrobacteria","anova","EsteroZacatecas","a","a"
"50","k__Bacteria|p__Actinomycetota|c__Rubrobacteria","anova","ColaDeBallena","a","a"
"51","k__Bacteria|p__Myxococcota|c__Polyangiia","anova","ColaDeBallena","a","a"
"52","k__Bacteria|p__Myxococcota|c__Polyangiia","anova","EsteroZacatecas","b","b"
"53","k__Bacteria|p__Planctomycetota|c__Planctomycetes","anova","ColaDeBallena","a","a"
"54","k__Bacteria|p__Planctomycetota|c__Planctomycetes","anova","EsteroZacatecas","a","a"
"55","k__Bacteria|p__Chloroflexota|c__Anaerolineae","anova","EsteroZacatecas","a","a"
"56","k__Bacteria|p__Chloroflexota|c__Anaerolineae","anova","ColaDeBallena","a","a"
"57","k__Bacteria|p__Thermodesulfobacteriota|c__Desulfobulbia","anova","ColaDeBallena","a","a"
"58","k__Bacteria|p__Thermodesulfobacteriota|c__Desulfobulbia","anova","EsteroZacatecas","a","a"
"59","k__Bacteria|p__Verrucomicrobiota|c__Verrucomicrobiia","anova","EsteroZacatecas","a","a"
"60","k__Bacteria|p__Verrucomicrobiota|c__Verrucomicrobiia","anova","ColaDeBallena","a","a"
"61","k__Bacteria|p__Thermodesulfobacteriota|c__Desulfobacteria","anova","ColaDeBallena","a","a"
"62","k__Bacteria|p__Thermodesulfobacteriota|c__Desulfobacteria","anova","EsteroZacatecas","b","b"
"63","k__Bacteria|p__Acidobacteriota|c__Thermoanaerobaculia","anova","ColaDeBallena","a","a"
"64","k__Bacteria|p__Acidobacteriota|c__Thermoanaerobaculia","anova","EsteroZacatecas","a","a"
"65","k__Bacteria|p__Campylobacterota|c__Campylobacteria","anova","ColaDeBallena","a","a"
"66","k__Bacteria|p__Campylobacterota|c__Campylobacteria","anova","EsteroZacatecas","b","b"
"67","k__Bacteria|p__Deinococcota|c__Deinococci","anova","EsteroZacatecas","a","a"
"68","k__Bacteria|p__Deinococcota|c__Deinococci","anova","ColaDeBallena","a","a"
"69","k__Bacteria|p__Actinomycetota|c__Thermoleophilia","anova","EsteroZacatecas","a","a"
"70","k__Bacteria|p__Actinomycetota|c__Thermoleophilia","anova","ColaDeBallena","a","a"
"71","k__Bacteria|p__Gemmatimonadota|c__Longimicrobiia","anova","ColaDeBallena","a","a"
"72","k__Bacteria|p__Gemmatimonadota|c__Longimicrobiia","anova","EsteroZacatecas","a","a"
"73","k__Bacteria|p__Balneolota|c__Balneolia","anova","ColaDeBallena","a","a"
"74","k__Bacteria|p__Balneolota|c__Balneolia","anova","EsteroZacatecas","b","b"
"75","k__Bacteria|p__Bacillota|c__Bacilli","anova","EsteroZacatecas","a","a"
"76","k__Bacteria|p__Bacillota|c__Bacilli","anova","ColaDeBallena","a","a"
"77","k__Bacteria|p__Pseudomonadota|c__Alphaproteobacteria|o__Rhodobacterales","anova","ColaDeBallena","a","a"
"78","k__Bacteria|p__Pseudomonadota|c__Alphaproteobacteria|o__Rhodobacterales","anova","EsteroZacatecas","a","a"
"79","k__Bacteria|p__Pseudomonadota|c__Alphaproteobacteria|o__Sphingomonadales","anova","ColaDeBallena","a","a"
"80","k__Bacteria|p__Pseudomonadota|c__Alphaproteobacteria|o__Sphingomonadales","anova","EsteroZacatecas","a","a"
"81","k__Bacteria|p__Bacteroidota|c__Bacteroidia|o__Flavobacteriales","anova","EsteroZacatecas","a","a"
"82","k__Bacteria|p__Bacteroidota|c__Bacteroidia|o__Flavobacteriales","anova","ColaDeBallena","a","a"
"83","k__Bacteria|p__Rhodothermota|c__Rhodothermia|o__Rhodothermales","anova","EsteroZacatecas","a","a"
"84","k__Bacteria|p__Rhodothermota|c__Rhodothermia|o__Rhodothermales","anova","ColaDeBallena","a","a"
"85","k__Bacteria|p__Bacteroidota|c__Bacteroidia|o__Cytophagales","anova","EsteroZacatecas","a","a"
"86","k__Bacteria|p__Bacteroidota|c__Bacteroidia|o__Cytophagales","anova","ColaDeBallena","b","b"
"87","k__Bacteria|p__Actinomycetota|c__Actinobacteria|o__Euzebyales","anova","ColaDeBallena","a","a"
"88","k__Bacteria|p__Actinomycetota|c__Actinobacteria|o__Euzebyales","anova","EsteroZacatecas","a","a"
"89","k__Bacteria|p__Cyanobacteriota|c__Cyanobacteriia|o__Cyanobacteriales","anova","EsteroZacatecas","a","a"
"90","k__Bacteria|p__Cyanobacteriota|c__Cyanobacteriia|o__Cyanobacteriales","anova","ColaDeBallena","b","b"
"91","k__Bacteria|p__Actinomycetota|c__Actinobacteria|o__Nitriliruptorales","anova","ColaDeBallena","a","a"
"92","k__Bacteria|p__Actinomycetota|c__Actinobacteria|o__Nitriliruptorales","anova","EsteroZacatecas","b","b"
"93","k__Bacteria|p__Pseudomonadota|c__Alphaproteobacteria|o__Hyphomicrobiales","anova","ColaDeBallena","a","a"
"94","k__Bacteria|p__Pseudomonadota|c__Alphaproteobacteria|o__Hyphomicrobiales","anova","EsteroZacatecas","b","b"
"95","k__Bacteria|p__Bacteroidota|c__Bacteroidia|o__Chitinophagales","anova","EsteroZacatecas","a","a"
"96","k__Bacteria|p__Bacteroidota|c__Bacteroidia|o__Chitinophagales","anova","ColaDeBallena","a","a"
"97","k__Bacteria|p__Pseudomonadota|c__Gammaproteobacteria|o__Pseudomonadales","anova","ColaDeBallena","a","a"
"98","k__Bacteria|p__Pseudomonadota|c__Gammaproteobacteria|o__Pseudomonadales","anova","EsteroZacatecas","b","b"
"99","k__Bacteria|p__Actinomycetota|c__Acidimicrobiia|o__Microtrichales","anova","EsteroZacatecas","a","a"
"100","k__Bacteria|p__Actinomycetota|c__Acidimicrobiia|o__Microtrichales","anova","ColaDeBallena","a","a"
"101","k__Bacteria|p__Actinomycetota|c__Rubrobacteria|o__Rubrobacterales","anova","EsteroZacatecas","a","a"
"102","k__Bacteria|p__Actinomycetota|c__Rubrobacteria|o__Rubrobacterales","anova","ColaDeBallena","a","a"
"103","k__Bacteria|p__Actinomycetota|c__Actinobacteria|o__Propionibacteriales","anova","ColaDeBallena","a","a"
"104","k__Bacteria|p__Actinomycetota|c__Actinobacteria|o__Propionibacteriales","anova","EsteroZacatecas","b","b"
"105","k__Bacteria|p__Pseudomonadota|c__Gammaproteobacteria|o__Enterobacterales","anova","EsteroZacatecas","a","a"
"106","k__Bacteria|p__Pseudomonadota|c__Gammaproteobacteria|o__Enterobacterales","anova","ColaDeBallena","b","b"
"107","k__Bacteria|p__Myxococcota|c__Polyangiia|o__Polyangiales","anova","ColaDeBallena","a","a"
"108","k__Bacteria|p__Myxococcota|c__Polyangiia|o__Polyangiales","anova","EsteroZacatecas","b","b"
"109","k__Bacteria|p__Thermodesulfobacteriota|c__Desulfobulbia|o__Desulfobulbales","anova","ColaDeBallena","a","a"
"110","k__Bacteria|p__Thermodesulfobacteriota|c__Desulfobulbia|o__Desulfobulbales","anova","EsteroZacatecas","a","a"
"111","k__Bacteria|p__Planctomycetota|c__Planctomycetes|o__Pirellulales","anova","ColaDeBallena","a","a"
"112","k__Bacteria|p__Planctomycetota|c__Planctomycetes|o__Pirellulales","anova","EsteroZacatecas","a","a"
"113","k__Bacteria|p__Actinomycetota|c__Actinobacteria|o__Micrococcales","anova","ColaDeBallena","a","a"
"114","k__Bacteria|p__Actinomycetota|c__Actinobacteria|o__Micrococcales","anova","EsteroZacatecas","a","a"
"115","k__Bacteria|p__Bacteroidota|c__Bacteroidia|o__Bacteroidales","anova","ColaDeBallena","a","a"
"116","k__Bacteria|p__Bacteroidota|c__Bacteroidia|o__Bacteroidales","anova","EsteroZacatecas","b","b"
"117","k__Bacteria|p__Pseudomonadota|c__Gammaproteobacteria|o__Steroidobacterales","anova","EsteroZacatecas","a","a"
"118","k__Bacteria|p__Pseudomonadota|c__Gammaproteobacteria|o__Steroidobacterales","anova","ColaDeBallena","a","a"
"119","k__Bacteria|p__Pseudomonadota|c__Alphaproteobacteria|o__Caulobacterales","anova","EsteroZacatecas","a","a"
"120","k__Bacteria|p__Pseudomonadota|c__Alphaproteobacteria|o__Caulobacterales","anova","ColaDeBallena","b","b"
"121","k__Bacteria|p__Thermodesulfobacteriota|c__Desulfobacteria|o__Desulfobacterales","anova","ColaDeBallena","a","a"
"122","k__Bacteria|p__Thermodesulfobacteriota|c__Desulfobacteria|o__Desulfobacterales","anova","EsteroZacatecas","b","b"
"123","k__Bacteria|p__Chloroflexota|c__Anaerolineae|o__Aggregatilineales","anova","EsteroZacatecas","a","a"
"124","k__Bacteria|p__Chloroflexota|c__Anaerolineae|o__Aggregatilineales","anova","ColaDeBallena","b","b"
"125","k__Bacteria|p__Acidobacteriota|c__Thermoanaerobaculia|o__Thermoanaerobaculales","anova","ColaDeBallena","a","a"
"126","k__Bacteria|p__Acidobacteriota|c__Thermoanaerobaculia|o__Thermoanaerobaculales","anova","EsteroZacatecas","a","a"
"127","k__Bacteria|p__Pseudomonadota|c__Gammaproteobacteria|o__Chromatiales","anova","EsteroZacatecas","a","a"
"128","k__Bacteria|p__Pseudomonadota|c__Gammaproteobacteria|o__Chromatiales","anova","ColaDeBallena","a","a"
"129","k__Bacteria|p__Verrucomicrobiota|c__Verrucomicrobiia|o__Verrucomicrobiales","anova","EsteroZacatecas","a","a"
"130","k__Bacteria|p__Verrucomicrobiota|c__Verrucomicrobiia|o__Verrucomicrobiales","anova","ColaDeBallena","a","a"
"131","k__Bacteria|p__Cyanobacteriota|c__Cyanobacteriia|o__Phormidesmiales","anova","EsteroZacatecas","a","a"
"132","k__Bacteria|p__Cyanobacteriota|c__Cyanobacteriia|o__Phormidesmiales","anova","ColaDeBallena","b","b"
"133","k__Bacteria|p__Planctomycetota|c__Planctomycetes|o__Planctomycetales","anova","ColaDeBallena","a","a"
"134","k__Bacteria|p__Planctomycetota|c__Planctomycetes|o__Planctomycetales","anova","EsteroZacatecas","a","a"
"135","k__Bacteria|p__Campylobacterota|c__Campylobacteria|o__Campylobacterales","anova","ColaDeBallena","a","a"
"136","k__Bacteria|p__Campylobacterota|c__Campylobacteria|o__Campylobacterales","anova","EsteroZacatecas","b","b"
"137","k__Bacteria|p__Pseudomonadota|c__Alphaproteobacteria|o__Kiloniellales","anova","ColaDeBallena","a","a"
"138","k__Bacteria|p__Pseudomonadota|c__Alphaproteobacteria|o__Kiloniellales","anova","EsteroZacatecas","b","b"
"139","k__Bacteria|p__Deinococcota|c__Deinococci|o__Deinococcales","anova","EsteroZacatecas","a","a"
"140","k__Bacteria|p__Deinococcota|c__Deinococci|o__Deinococcales","anova","ColaDeBallena","a","a"
"141","k__Bacteria|p__Chloroflexota|c__Anaerolineae|o__Anaerolineales","anova","ColaDeBallena","a","a"
"142","k__Bacteria|p__Chloroflexota|c__Anaerolineae|o__Anaerolineales","anova","EsteroZacatecas","b","b"
"143","k__Bacteria|p__Chloroflexota|c__Anaerolineae|o__Caldilineales","anova","EsteroZacatecas","a","a"
"144","k__Bacteria|p__Chloroflexota|c__Anaerolineae|o__Caldilineales","anova","ColaDeBallena","a","a"
"145","k__Bacteria|p__Actinomycetota|c__Actinobacteria|o__Mycobacteriales","anova","ColaDeBallena","a","a"
"146","k__Bacteria|p__Actinomycetota|c__Actinobacteria|o__Mycobacteriales","anova","EsteroZacatecas","a","a"
"147","k__Bacteria|p__Actinomycetota|c__Actinobacteria|o__Frankiales","anova","ColaDeBallena","a","a"
"148","k__Bacteria|p__Actinomycetota|c__Actinobacteria|o__Frankiales","anova","EsteroZacatecas","a","a"
"149","k__Bacteria|p__Verrucomicrobiota|c__Verrucomicrobiia|o__Opitutales","anova","ColaDeBallena","a","a"
"150","k__Bacteria|p__Verrucomicrobiota|c__Verrucomicrobiia|o__Opitutales","anova","EsteroZacatecas","a","a"
"151","k__Bacteria|p__Actinomycetota|c__Thermoleophilia|o__Solirubrobacterales","anova","EsteroZacatecas","a","a"
"152","k__Bacteria|p__Actinomycetota|c__Thermoleophilia|o__Solirubrobacterales","anova","ColaDeBallena","a","a"
"153","k__Bacteria|p__Gemmatimonadota|c__Longimicrobiia|o__Longimicrobiales","anova","ColaDeBallena","a","a"
"154","k__Bacteria|p__Gemmatimonadota|c__Longimicrobiia|o__Longimicrobiales","anova","EsteroZacatecas","a","a"
"155","k__Bacteria|p__Balneolota|c__Balneolia|o__Balneolales","anova","ColaDeBallena","a","a"
"156","k__Bacteria|p__Balneolota|c__Balneolia|o__Balneolales","anova","EsteroZacatecas","b","b"
"157","k__Bacteria|p__Pseudomonadota|c__Gammaproteobacteria|o__Ectothiorhodospirales","anova","ColaDeBallena","a","a"
"158","k__Bacteria|p__Pseudomonadota|c__Gammaproteobacteria|o__Ectothiorhodospirales","anova","EsteroZacatecas","b","b"
"159","k__Bacteria|p__Cyanobacteriota|c__Cyanobacteriia|o__Synechococcales","anova","EsteroZacatecas","a","a"
"160","k__Bacteria|p__Cyanobacteriota|c__Cyanobacteriia|o__Synechococcales","anova","ColaDeBallena","b","b"
"161","k__Bacteria|p__Pseudomonadota|c__Gammaproteobacteria|o__Salinisphaerales","anova","ColaDeBallena","a","a"
"162","k__Bacteria|p__Pseudomonadota|c__Gammaproteobacteria|o__Salinisphaerales","anova","EsteroZacatecas","a","a"
"163","k__Bacteria|p__Bacillota|c__Bacilli|o__Bacillales","anova","EsteroZacatecas","a","a"
"164","k__Bacteria|p__Bacillota|c__Bacilli|o__Bacillales","anova","ColaDeBallena","a","a"
"165","k__Bacteria|p__Pseudomonadota|c__Alphaproteobacteria|o__Rhodobacterales|f__Paracoccaceae","anova","ColaDeBallena","a","a"
"166","k__Bacteria|p__Pseudomonadota|c__Alphaproteobacteria|o__Rhodobacterales|f__Paracoccaceae","anova","EsteroZacatecas","a","a"
"167","k__Bacteria|p__Pseudomonadota|c__Alphaproteobacteria|o__Sphingomonadales|f__Sphingomonadaceae","anova","ColaDeBallena","a","a"
"168","k__Bacteria|p__Pseudomonadota|c__Alphaproteobacteria|o__Sphingomonadales|f__Sphingomonadaceae","anova","EsteroZacatecas","a","a"
"169","k__Bacteria|p__Bacteroidota|c__Bacteroidia|o__Flavobacteriales|f__Flavobacteriaceae","anova","EsteroZacatecas","a","a"
"170","k__Bacteria|p__Bacteroidota|c__Bacteroidia|o__Flavobacteriales|f__Flavobacteriaceae","anova","ColaDeBallena","a","a"
"171","k__Bacteria|p__Rhodothermota|c__Rhodothermia|o__Rhodothermales|f__Rhodothermaceae","anova","EsteroZacatecas","a","a"
"172","k__Bacteria|p__Rhodothermota|c__Rhodothermia|o__Rhodothermales|f__Rhodothermaceae","anova","ColaDeBallena","a","a"
"173","k__Bacteria|p__Bacteroidota|c__Bacteroidia|o__Cytophagales|f__Cyclobacteriaceae","anova","EsteroZacatecas","a","a"
"174","k__Bacteria|p__Bacteroidota|c__Bacteroidia|o__Cytophagales|f__Cyclobacteriaceae","anova","ColaDeBallena","b","b"
"175","k__Bacteria|p__Actinomycetota|c__Actinobacteria|o__Euzebyales|f__Euzebyaceae","anova","ColaDeBallena","a","a"
"176","k__Bacteria|p__Actinomycetota|c__Actinobacteria|o__Euzebyales|f__Euzebyaceae","anova","EsteroZacatecas","a","a"
"177","k__Bacteria|p__Actinomycetota|c__Actinobacteria|o__Nitriliruptorales|f__Nitriliruptoraceae","anova","ColaDeBallena","a","a"
"178","k__Bacteria|p__Actinomycetota|c__Actinobacteria|o__Nitriliruptorales|f__Nitriliruptoraceae","anova","EsteroZacatecas","b","b"
"179","k__Bacteria|p__Cyanobacteriota|c__Cyanobacteriia|o__Cyanobacteriales|f__Nostocaceae","anova","EsteroZacatecas","a","a"
"180","k__Bacteria|p__Cyanobacteriota|c__Cyanobacteriia|o__Cyanobacteriales|f__Nostocaceae","anova","ColaDeBallena","b","b"
"181","k__Bacteria|p__Bacteroidota|c__Bacteroidia|o__Chitinophagales|f__Saprospiraceae","anova","EsteroZacatecas","a","a"
"182","k__Bacteria|p__Bacteroidota|c__Bacteroidia|o__Chitinophagales|f__Saprospiraceae","anova","ColaDeBallena","a","a"
"183","k__Bacteria|p__Pseudomonadota|c__Alphaproteobacteria|o__Hyphomicrobiales|f__Rhizobiaceae","anova","ColaDeBallena","a","a"
"184","k__Bacteria|p__Pseudomonadota|c__Alphaproteobacteria|o__Hyphomicrobiales|f__Rhizobiaceae","anova","EsteroZacatecas","b","b"
"185","k__Bacteria|p__Actinomycetota|c__Acidimicrobiia|o__Microtrichales|f__Ilumatobacteraceae","anova","EsteroZacatecas","a","a"
"186","k__Bacteria|p__Actinomycetota|c__Acidimicrobiia|o__Microtrichales|f__Ilumatobacteraceae","anova","ColaDeBallena","a","a"
"187","k__Bacteria|p__Actinomycetota|c__Rubrobacteria|o__Rubrobacterales|f__Rubrobacteriaceae","anova","EsteroZacatecas","a","a"
"188","k__Bacteria|p__Actinomycetota|c__Rubrobacteria|o__Rubrobacterales|f__Rubrobacteriaceae","anova","ColaDeBallena","a","a"
"189","k__Bacteria|p__Actinomycetota|c__Actinobacteria|o__Propionibacteriales|f__Nocardioidaceae","anova","ColaDeBallena","a","a"
"190","k__Bacteria|p__Actinomycetota|c__Actinobacteria|o__Propionibacteriales|f__Nocardioidaceae","anova","EsteroZacatecas","b","b"
"191","k__Bacteria|p__Myxococcota|c__Polyangiia|o__Polyangiales|f__Sandaracinaceae","anova","ColaDeBallena","a","a"
"192","k__Bacteria|p__Myxococcota|c__Polyangiia|o__Polyangiales|f__Sandaracinaceae","anova","EsteroZacatecas","b","b"
"193","k__Bacteria|p__Cyanobacteriota|c__Cyanobacteriia|o__Cyanobacteriales|f__Xenococcaceae","anova","EsteroZacatecas","a","a"
"194","k__Bacteria|p__Cyanobacteriota|c__Cyanobacteriia|o__Cyanobacteriales|f__Xenococcaceae","anova","ColaDeBallena","b","b"
"195","k__Bacteria|p__Pseudomonadota|c__Gammaproteobacteria|o__Pseudomonadales|f__Cellvibrionaceae","anova","ColaDeBallena","a","a"
"196","k__Bacteria|p__Pseudomonadota|c__Gammaproteobacteria|o__Pseudomonadales|f__Cellvibrionaceae","anova","EsteroZacatecas","b","b"
"197","k__Bacteria|p__Planctomycetota|c__Planctomycetes|o__Pirellulales|f__Pirellulaceae","anova","ColaDeBallena","a","a"
"198","k__Bacteria|p__Planctomycetota|c__Planctomycetes|o__Pirellulales|f__Pirellulaceae","anova","EsteroZacatecas","a","a"
"199","k__Bacteria|p__Pseudomonadota|c__Alphaproteobacteria|o__|f__Neomegalonemataceae","anova","EsteroZacatecas","a","a"
"200","k__Bacteria|p__Pseudomonadota|c__Alphaproteobacteria|o__|f__Neomegalonemataceae","anova","ColaDeBallena","b","b"
"201","k__Bacteria|p__Actinomycetota|c__Actinobacteria|o__Micrococcales|f__Intrasporangiaceae","anova","ColaDeBallena","a","a"
"202","k__Bacteria|p__Actinomycetota|c__Actinobacteria|o__Micrococcales|f__Intrasporangiaceae","anova","EsteroZacatecas","a","a"
"203","k__Bacteria|p__Pseudomonadota|c__Gammaproteobacteria|o__Steroidobacterales|f__Woeseiaceae","anova","EsteroZacatecas","a","a"
"204","k__Bacteria|p__Pseudomonadota|c__Gammaproteobacteria|o__Steroidobacterales|f__Woeseiaceae","anova","ColaDeBallena","a","a"
"205","k__Bacteria|p__Thermodesulfobacteriota|c__Desulfobulbia|o__Desulfobulbales|f__Desulfocapsaceae","anova","ColaDeBallena","a","a"
"206","k__Bacteria|p__Thermodesulfobacteriota|c__Desulfobulbia|o__Desulfobulbales|f__Desulfocapsaceae","anova","EsteroZacatecas","a","a"
"207","k__Bacteria|p__Pseudomonadota|c__Gammaproteobacteria|o__Enterobacterales|f__Vibrionaceae","anova","EsteroZacatecas","a","a"
"208","k__Bacteria|p__Pseudomonadota|c__Gammaproteobacteria|o__Enterobacterales|f__Vibrionaceae","anova","ColaDeBallena","a","a"
"209","k__Bacteria|p__Pseudomonadota|c__Gammaproteobacteria|o__Pseudomonadales|f__Marinobacteraceae","anova","ColaDeBallena","a","a"
"210","k__Bacteria|p__Pseudomonadota|c__Gammaproteobacteria|o__Pseudomonadales|f__Marinobacteraceae","anova","EsteroZacatecas","b","b"
"211","k__Bacteria|p__Chloroflexota|c__Anaerolineae|o__Aggregatilineales|f__A4b","anova","EsteroZacatecas","a","a"
"212","k__Bacteria|p__Chloroflexota|c__Anaerolineae|o__Aggregatilineales|f__A4b","anova","ColaDeBallena","b","b"
"213","k__Bacteria|p__Thermodesulfobacteriota|c__Desulfobacteria|o__Desulfobacterales|f__Desulfosarcinaceae","anova","ColaDeBallena","a","a"
"214","k__Bacteria|p__Thermodesulfobacteriota|c__Desulfobacteria|o__Desulfobacterales|f__Desulfosarcinaceae","anova","EsteroZacatecas","b","b"
"215","k__Bacteria|p__Acidobacteriota|c__Thermoanaerobaculia|o__Thermoanaerobaculales|f__Thermoanaerobaculaceae","anova","ColaDeBallena","a","a"
"216","k__Bacteria|p__Acidobacteriota|c__Thermoanaerobaculia|o__Thermoanaerobaculales|f__Thermoanaerobaculaceae","anova","EsteroZacatecas","a","a"
"217","k__Bacteria|p__Bacteroidota|c__Bacteroidia|o__Bacteroidales|f__Prolixibacteraceae","anova","ColaDeBallena","a","a"
"218","k__Bacteria|p__Bacteroidota|c__Bacteroidia|o__Bacteroidales|f__Prolixibacteraceae","anova","EsteroZacatecas","b","b"
"219","k__Bacteria|p__Pseudomonadota|c__Gammaproteobacteria|o__Chromatiales|f__Chromatiaceae","anova","EsteroZacatecas","a","a"
"220","k__Bacteria|p__Pseudomonadota|c__Gammaproteobacteria|o__Chromatiales|f__Chromatiaceae","anova","ColaDeBallena","a","a"
"221","k__Bacteria|p__Pseudomonadota|c__Gammaproteobacteria|o__Enterobacterales|f__Alteromonadaceae","anova","EsteroZacatecas","a","a"
"222","k__Bacteria|p__Pseudomonadota|c__Gammaproteobacteria|o__Enterobacterales|f__Alteromonadaceae","anova","ColaDeBallena","b","b"
"223","k__Bacteria|p__Cyanobacteriota|c__Cyanobacteriia|o__Phormidesmiales|f__Phormidesmiaceae","anova","EsteroZacatecas","a","a"
"224","k__Bacteria|p__Cyanobacteriota|c__Cyanobacteriia|o__Phormidesmiales|f__Phormidesmiaceae","anova","ColaDeBallena","b","b"
"225","k__Bacteria|p__Pseudomonadota|c__Gammaproteobacteria|o__Pseudomonadales|f__Halieaceae","anova","EsteroZacatecas","a","a"
"226","k__Bacteria|p__Pseudomonadota|c__Gammaproteobacteria|o__Pseudomonadales|f__Halieaceae","anova","ColaDeBallena","a","a"
"227","k__Bacteria|p__Campylobacterota|c__Campylobacteria|o__Campylobacterales|f__Sulfurovaceae","anova","ColaDeBallena","a","a"
"228","k__Bacteria|p__Campylobacterota|c__Campylobacteria|o__Campylobacterales|f__Sulfurovaceae","anova","EsteroZacatecas","b","b"
"229","k__Bacteria|p__Pseudomonadota|c__Alphaproteobacteria|o__Kiloniellales|f__Kiloniellaceae","anova","ColaDeBallena","a","a"
"230","k__Bacteria|p__Pseudomonadota|c__Alphaproteobacteria|o__Kiloniellales|f__Kiloniellaceae","anova","EsteroZacatecas","b","b"
"231","k__Bacteria|p__Verrucomicrobiota|c__Verrucomicrobiia|o__Verrucomicrobiales|f__Rubritaleaceae","anova","EsteroZacatecas","a","a"
"232","k__Bacteria|p__Verrucomicrobiota|c__Verrucomicrobiia|o__Verrucomicrobiales|f__Rubritaleaceae","anova","ColaDeBallena","a","a"
"233","k__Bacteria|p__Pseudomonadota|c__Alphaproteobacteria|o__Caulobacterales|f__Parvularculaceae","anova","EsteroZacatecas","a","a"
"234","k__Bacteria|p__Pseudomonadota|c__Alphaproteobacteria|o__Caulobacterales|f__Parvularculaceae","anova","ColaDeBallena","a","a"
"235","k__Bacteria|p__Actinomycetota|c__Acidimicrobiia|o__Microtrichales|f__Microtrichaceae","anova","EsteroZacatecas","a","a"
"236","k__Bacteria|p__Actinomycetota|c__Acidimicrobiia|o__Microtrichales|f__Microtrichaceae","anova","ColaDeBallena","a","a"
"237","k__Bacteria|p__Thermodesulfobacteriota|c__Desulfobulbia|o__Desulfobulbales|f__Desulfobulbaceae","anova","ColaDeBallena","a","a"
"238","k__Bacteria|p__Thermodesulfobacteriota|c__Desulfobulbia|o__Desulfobulbales|f__Desulfobulbaceae","anova","EsteroZacatecas","b","b"
"239","k__Bacteria|p__Deinococcota|c__Deinococci|o__Deinococcales|f__Trueperaceae","anova","EsteroZacatecas","a","a"
"240","k__Bacteria|p__Deinococcota|c__Deinococci|o__Deinococcales|f__Trueperaceae","anova","ColaDeBallena","a","a"
"241","k__Bacteria|p__Chloroflexota|c__Anaerolineae|o__Anaerolineales|f__Anaerolineaceae","anova","ColaDeBallena","a","a"
"242","k__Bacteria|p__Chloroflexota|c__Anaerolineae|o__Anaerolineales|f__Anaerolineaceae","anova","EsteroZacatecas","b","b"
"243","k__Bacteria|p__Chloroflexota|c__Anaerolineae|o__Caldilineales|f__Caldilineaceae","anova","EsteroZacatecas","a","a"
"244","k__Bacteria|p__Chloroflexota|c__Anaerolineae|o__Caldilineales|f__Caldilineaceae","anova","ColaDeBallena","a","a"
"245","k__Bacteria|p__Pseudomonadota|c__Alphaproteobacteria|o__Caulobacterales|f__Hyphomonadaceae","anova","EsteroZacatecas","a","a"
"246","k__Bacteria|p__Pseudomonadota|c__Alphaproteobacteria|o__Caulobacterales|f__Hyphomonadaceae","anova","ColaDeBallena","a","a"
"247","k__Bacteria|p__Actinomycetota|c__Actinobacteria|o__Mycobacteriales|f__Mycobacteriaceae","anova","ColaDeBallena","a","a"
"248","k__Bacteria|p__Actinomycetota|c__Actinobacteria|o__Mycobacteriales|f__Mycobacteriaceae","anova","EsteroZacatecas","a","a"
"249","k__Bacteria|p__Planctomycetota|c__Planctomycetes|o__Planctomycetales|f__Gimesiaceae","anova","ColaDeBallena","a","a"
"250","k__Bacteria|p__Planctomycetota|c__Planctomycetes|o__Planctomycetales|f__Gimesiaceae","anova","EsteroZacatecas","a","a"
"251","k__Bacteria|p__Pseudomonadota|c__Gammaproteobacteria|o__Enterobacterales|f__Pseudoalteromonadaceae","anova","EsteroZacatecas","a","a"
"252","k__Bacteria|p__Pseudomonadota|c__Gammaproteobacteria|o__Enterobacterales|f__Pseudoalteromonadaceae","anova","ColaDeBallena","b","b"
"253","k__Bacteria|p__Pseudomonadota|c__Gammaproteobacteria|o__Pseudomonadales|f__Marinomonadaceae","anova","EsteroZacatecas","a","a"
"254","k__Bacteria|p__Pseudomonadota|c__Gammaproteobacteria|o__Pseudomonadales|f__Marinomonadaceae","anova","ColaDeBallena","a","a"
"255","k__Bacteria|p__Pseudomonadota|c__Gammaproteobacteria|o__Pseudomonadales|f__Spongiibacteraceae","anova","ColaDeBallena","a","a"
"256","k__Bacteria|p__Pseudomonadota|c__Gammaproteobacteria|o__Pseudomonadales|f__Spongiibacteraceae","anova","EsteroZacatecas","b","b"
"257","k__Bacteria|p__Planctomycetota|c__Planctomycetes|o__Planctomycetales|f__Rubinisphaeraceae","anova","ColaDeBallena","a","a"
"258","k__Bacteria|p__Planctomycetota|c__Planctomycetes|o__Planctomycetales|f__Rubinisphaeraceae","anova","EsteroZacatecas","a","a"
"259","k__Bacteria|p__Verrucomicrobiota|c__Verrucomicrobiia|o__Verrucomicrobiales|f__DEV007","anova","EsteroZacatecas","a","a"
"260","k__Bacteria|p__Verrucomicrobiota|c__Verrucomicrobiia|o__Verrucomicrobiales|f__DEV007","anova","ColaDeBallena","b","b"
"261","k__Bacteria|p__Bacteroidota|c__Bacteroidia|o__Bacteroidales|f__Bacteroidetes_BD2-2","anova","ColaDeBallena","a","a"
"262","k__Bacteria|p__Bacteroidota|c__Bacteroidia|o__Bacteroidales|f__Bacteroidetes_BD2-2","anova","EsteroZacatecas","b","b"
"263","k__Bacteria|p__Pseudomonadota|c__Alphaproteobacteria|o__Hyphomicrobiales|f__Devosiaceae","anova","ColaDeBallena","a","a"
"264","k__Bacteria|p__Pseudomonadota|c__Alphaproteobacteria|o__Hyphomicrobiales|f__Devosiaceae","anova","EsteroZacatecas","b","b"
"265","k__Bacteria|p__Verrucomicrobiota|c__Verrucomicrobiia|o__Opitutales|f__Puniceicoccaceae","anova","ColaDeBallena","a","a"
"266","k__Bacteria|p__Verrucomicrobiota|c__Verrucomicrobiia|o__Opitutales|f__Puniceicoccaceae","anova","EsteroZacatecas","a","a"
"267","k__Bacteria|p__Pseudomonadota|c__Alphaproteobacteria|o__Hyphomicrobiales|f__Rhodomicrobiaceae","anova","ColaDeBallena","a","a"
"268","k__Bacteria|p__Pseudomonadota|c__Alphaproteobacteria|o__Hyphomicrobiales|f__Rhodomicrobiaceae","anova","EsteroZacatecas","a","a"
"269","k__Bacteria|p__Pseudomonadota|c__Gammaproteobacteria|o__Pseudomonadales|f__Pseudohongiellaceae","anova","ColaDeBallena","a","a"
"270","k__Bacteria|p__Pseudomonadota|c__Gammaproteobacteria|o__Pseudomonadales|f__Pseudohongiellaceae","anova","EsteroZacatecas","a","a"
"271","k__Bacteria|p__Gemmatimonadota|c__Longimicrobiia|o__Longimicrobiales|f__Longimicrobiaceae","anova","ColaDeBallena","a","a"
"272","k__Bacteria|p__Gemmatimonadota|c__Longimicrobiia|o__Longimicrobiales|f__Longimicrobiaceae","anova","EsteroZacatecas","a","a"
"273","k__Bacteria|p__Bacteroidota|c__Bacteroidia|o__Flavobacteriales|f__Cryomorphaceae","anova","EsteroZacatecas","a","a"
"274","k__Bacteria|p__Bacteroidota|c__Bacteroidia|o__Flavobacteriales|f__Cryomorphaceae","anova","ColaDeBallena","b","b"
"275","k__Bacteria|p__Balneolota|c__Balneolia|o__Balneolales|f__Balneolaceae","anova","ColaDeBallena","a","a"
"276","k__Bacteria|p__Balneolota|c__Balneolia|o__Balneolales|f__Balneolaceae","anova","EsteroZacatecas","b","b"
"277","k__Bacteria|p__Actinomycetota|c__Actinobacteria|o__Frankiales|f__Sporichthyaceae","anova","ColaDeBallena","a","a"
"278","k__Bacteria|p__Actinomycetota|c__Actinobacteria|o__Frankiales|f__Sporichthyaceae","anova","EsteroZacatecas","a","a"
"279","k__Bacteria|p__Pseudomonadota|c__Gammaproteobacteria|o__Pseudomonadales|f__Alcanivoracaceae","anova","ColaDeBallena","a","a"
"280","k__Bacteria|p__Pseudomonadota|c__Gammaproteobacteria|o__Pseudomonadales|f__Alcanivoracaceae","anova","EsteroZacatecas","b","b"
"281","k__Bacteria|p__Actinomycetota|c__Acidimicrobiia|o__Microtrichales|f__Iamiaceae","anova","ColaDeBallena","a","a"
"282","k__Bacteria|p__Actinomycetota|c__Acidimicrobiia|o__Microtrichales|f__Iamiaceae","anova","EsteroZacatecas","a","a"
"283","k__Bacteria|p__Actinomycetota|c__Actinobacteria|o__Frankiales|f__Geodermatophilaceae","anova","ColaDeBallena","a","a"
"284","k__Bacteria|p__Actinomycetota|c__Actinobacteria|o__Frankiales|f__Geodermatophilaceae","anova","EsteroZacatecas","b","b"
"285","k__Bacteria|p__Bacteroidota|c__Bacteroidia|o__Flavobacteriales|f__Blattabacteriaceae","anova","ColaDeBallena","a","a"
"286","k__Bacteria|p__Bacteroidota|c__Bacteroidia|o__Flavobacteriales|f__Blattabacteriaceae","anova","EsteroZacatecas","a","a"
"287","k__Bacteria|p__Cyanobacteriota|c__Cyanobacteriia|o__Synechococcales|f__Cyanobiaceae","anova","EsteroZacatecas","a","a"
"288","k__Bacteria|p__Cyanobacteriota|c__Cyanobacteriia|o__Synechococcales|f__Cyanobiaceae","anova","ColaDeBallena","b","b"
"289","k__Bacteria|p__Pseudomonadota|c__Gammaproteobacteria|o__Salinisphaerales|f__Salinisphaeraceae","anova","ColaDeBallena","a","a"
"290","k__Bacteria|p__Pseudomonadota|c__Gammaproteobacteria|o__Salinisphaerales|f__Salinisphaeraceae","anova","EsteroZacatecas","a","a"
"291","k__Bacteria|p__Actinomycetota|c__Thermoleophilia|o__Solirubrobacterales|f__Solirubrobacteraceae","anova","EsteroZacatecas","a","a"
"292","k__Bacteria|p__Actinomycetota|c__Thermoleophilia|o__Solirubrobacterales|f__Solirubrobacteraceae","anova","ColaDeBallena","b","b"
"293","k__Bacteria|p__Cyanobacteriota|c__Cyanobacteriia|o__Cyanobacteriales|f__Phormidiaceae","anova","EsteroZacatecas","a","a"
"294","k__Bacteria|p__Cyanobacteriota|c__Cyanobacteriia|o__Cyanobacteriales|f__Phormidiaceae","anova","ColaDeBallena","b","b"
"295","k__Bacteria|p__Pseudomonadota|c__Gammaproteobacteria|o__Pseudomonadales|f__KI89A_clade","anova","ColaDeBallena","a","a"
"296","k__Bacteria|p__Pseudomonadota|c__Gammaproteobacteria|o__Pseudomonadales|f__KI89A_clade","anova","EsteroZacatecas","b","b"
"297","k__Bacteria|p__Bacteroidota|c__Bacteroidia|o__Cytophagales|f__Flammeovirgaceae","anova","EsteroZacatecas","a","a"
"298","k__Bacteria|p__Bacteroidota|c__Bacteroidia|o__Cytophagales|f__Flammeovirgaceae","anova","ColaDeBallena","b","b"
"299","k__Bacteria|p__Bacillota|c__Bacilli|o__Bacillales|f__Bacillaceae","anova","EsteroZacatecas","a","a"
"300","k__Bacteria|p__Bacillota|c__Bacilli|o__Bacillales|f__Bacillaceae","anova","ColaDeBallena","a","a"
"301","k__Bacteria|p__Pseudomonadota|c__Gammaproteobacteria|o__Pseudomonadales|f__Nitrincolaceae","anova","ColaDeBallena","a","a"
"302","k__Bacteria|p__Pseudomonadota|c__Gammaproteobacteria|o__Pseudomonadales|f__Nitrincolaceae","anova","EsteroZacatecas","b","b"
"303","k__Bacteria|p__Pseudomonadota|c__Gammaproteobacteria|o__Ectothiorhodospirales|f__Ectothiorhodospiraceae","anova","ColaDeBallena","a","a"
"304","k__Bacteria|p__Pseudomonadota|c__Gammaproteobacteria|o__Ectothiorhodospirales|f__Ectothiorhodospiraceae","anova","EsteroZacatecas","b","b"
"305","k__Bacteria|p__Cyanobacteriota|c__Cyanobacteriia|o__Cyanobacteriales|f__Nostocaceae|g__Rivularia_PCC-7116","anova","EsteroZacatecas","a","a"
"306","k__Bacteria|p__Cyanobacteriota|c__Cyanobacteriia|o__Cyanobacteriales|f__Nostocaceae|g__Rivularia_PCC-7116","anova","ColaDeBallena","b","b"
"307","k__Bacteria|p__Bacteroidota|c__Bacteroidia|o__Cytophagales|f__Cyclobacteriaceae|g__Tunicatimonas","anova","EsteroZacatecas","a","a"
"308","k__Bacteria|p__Bacteroidota|c__Bacteroidia|o__Cytophagales|f__Cyclobacteriaceae|g__Tunicatimonas","anova","ColaDeBallena","b","b"
"309","k__Bacteria|p__Pseudomonadota|c__Alphaproteobacteria|o__Rhodobacterales|f__Paracoccaceae|g__Palleronia-Pseudomaribius","anova","ColaDeBallena","a","a"
"310","k__Bacteria|p__Pseudomonadota|c__Alphaproteobacteria|o__Rhodobacterales|f__Paracoccaceae|g__Palleronia-Pseudomaribius","anova","EsteroZacatecas","a","a"
"311","k__Bacteria|p__Actinomycetota|c__Acidimicrobiia|o__Microtrichales|f__Ilumatobacteraceae|g__Ilumatobacter","anova","EsteroZacatecas","a","a"
"312","k__Bacteria|p__Actinomycetota|c__Acidimicrobiia|o__Microtrichales|f__Ilumatobacteraceae|g__Ilumatobacter","anova","ColaDeBallena","a","a"
"313","k__Bacteria|p__Bacteroidota|c__Bacteroidia|o__Chitinophagales|f__Saprospiraceae|g__Lewinella","anova","EsteroZacatecas","a","a"
"314","k__Bacteria|p__Bacteroidota|c__Bacteroidia|o__Chitinophagales|f__Saprospiraceae|g__Lewinella","anova","ColaDeBallena","a","a"
"315","k__Bacteria|p__Bacteroidota|c__Bacteroidia|o__Flavobacteriales|f__Flavobacteriaceae|g__Gramella","anova","EsteroZacatecas","a","a"
"316","k__Bacteria|p__Bacteroidota|c__Bacteroidia|o__Flavobacteriales|f__Flavobacteriaceae|g__Gramella","anova","ColaDeBallena","a","a"
"317","k__Bacteria|p__Pseudomonadota|c__Alphaproteobacteria|o__Hyphomicrobiales|f__Rhizobiaceae|g__Fulvimarina","anova","ColaDeBallena","a","a"
"318","k__Bacteria|p__Pseudomonadota|c__Alphaproteobacteria|o__Hyphomicrobiales|f__Rhizobiaceae|g__Fulvimarina","anova","EsteroZacatecas","b","b"
"319","k__Bacteria|p__Pseudomonadota|c__Alphaproteobacteria|o__Sphingomonadales|f__Sphingomonadaceae|g__Sphingomicrobium","anova","ColaDeBallena","a","a"
"320","k__Bacteria|p__Pseudomonadota|c__Alphaproteobacteria|o__Sphingomonadales|f__Sphingomonadaceae|g__Sphingomicrobium","anova","EsteroZacatecas","a","a"
"321","k__Bacteria|p__Actinomycetota|c__Rubrobacteria|o__Rubrobacterales|f__Rubrobacteriaceae|g__Rubrobacter","anova","EsteroZacatecas","a","a"
"322","k__Bacteria|p__Actinomycetota|c__Rubrobacteria|o__Rubrobacterales|f__Rubrobacteriaceae|g__Rubrobacter","anova","ColaDeBallena","a","a"
"323","k__Bacteria|p__Rhodothermota|c__Rhodothermia|o__Rhodothermales|f__Rhodothermaceae|g__Rubrivirga","anova","ColaDeBallena","a","a"
"324","k__Bacteria|p__Rhodothermota|c__Rhodothermia|o__Rhodothermales|f__Rhodothermaceae|g__Rubrivirga","anova","EsteroZacatecas","a","a"
"325","k__Bacteria|p__Actinomycetota|c__Actinobacteria|o__Propionibacteriales|f__Nocardioidaceae|g__Nocardioides","anova","ColaDeBallena","a","a"
"326","k__Bacteria|p__Actinomycetota|c__Actinobacteria|o__Propionibacteriales|f__Nocardioidaceae|g__Nocardioides","anova","EsteroZacatecas","b","b"
"327","k__Bacteria|p__Pseudomonadota|c__Alphaproteobacteria|o__Sphingomonadales|f__Sphingomonadaceae|g__Aurantiacibacter","anova","ColaDeBallena","a","a"
"328","k__Bacteria|p__Pseudomonadota|c__Alphaproteobacteria|o__Sphingomonadales|f__Sphingomonadaceae|g__Aurantiacibacter","anova","EsteroZacatecas","b","b"
"329","k__Bacteria|p__Bacteroidota|c__Bacteroidia|o__Flavobacteriales|f__Flavobacteriaceae|g__Hoppeia","anova","ColaDeBallena","a","a"
"330","k__Bacteria|p__Bacteroidota|c__Bacteroidia|o__Flavobacteriales|f__Flavobacteriaceae|g__Hoppeia","anova","EsteroZacatecas","a","a"
"331","k__Bacteria|p__Pseudomonadota|c__Alphaproteobacteria|o__Sphingomonadales|f__Sphingomonadaceae|g__Pacificimonas","anova","ColaDeBallena","a","a"
"332","k__Bacteria|p__Pseudomonadota|c__Alphaproteobacteria|o__Sphingomonadales|f__Sphingomonadaceae|g__Pacificimonas","anova","EsteroZacatecas","a","a"
"333","k__Bacteria|p__Pseudomonadota|c__Alphaproteobacteria|o__Rhodobacterales|f__Paracoccaceae|g__Limibaculum","anova","ColaDeBallena","a","a"
"334","k__Bacteria|p__Pseudomonadota|c__Alphaproteobacteria|o__Rhodobacterales|f__Paracoccaceae|g__Limibaculum","anova","EsteroZacatecas","a","a"
"335","k__Bacteria|p__Bacteroidota|c__Bacteroidia|o__Cytophagales|f__Cyclobacteriaceae|g__Fulvivirga","anova","EsteroZacatecas","a","a"
"336","k__Bacteria|p__Bacteroidota|c__Bacteroidia|o__Cytophagales|f__Cyclobacteriaceae|g__Fulvivirga","anova","ColaDeBallena","b","b"
"337","k__Bacteria|p__Pseudomonadota|c__Alphaproteobacteria|o__|f__Neomegalonemataceae|g__Acuticoccus","anova","EsteroZacatecas","a","a"
"338","k__Bacteria|p__Pseudomonadota|c__Alphaproteobacteria|o__|f__Neomegalonemataceae|g__Acuticoccus","anova","ColaDeBallena","b","b"
"339","k__Bacteria|p__Pseudomonadota|c__Gammaproteobacteria|o__Steroidobacterales|f__Woeseiaceae|g__Woeseia","anova","EsteroZacatecas","a","a"
"340","k__Bacteria|p__Pseudomonadota|c__Gammaproteobacteria|o__Steroidobacterales|f__Woeseiaceae|g__Woeseia","anova","ColaDeBallena","a","a"
"341","k__Bacteria|p__Pseudomonadota|c__Alphaproteobacteria|o__Sphingomonadales|f__Sphingomonadaceae|g__Qipengyuania","anova","EsteroZacatecas","a","a"
"342","k__Bacteria|p__Pseudomonadota|c__Alphaproteobacteria|o__Sphingomonadales|f__Sphingomonadaceae|g__Qipengyuania","anova","ColaDeBallena","b","b"
"343","k__Bacteria|p__Pseudomonadota|c__Alphaproteobacteria|o__Rhodobacterales|f__Paracoccaceae|g__Actibacterium","anova","EsteroZacatecas","a","a"
"344","k__Bacteria|p__Pseudomonadota|c__Alphaproteobacteria|o__Rhodobacterales|f__Paracoccaceae|g__Actibacterium","anova","ColaDeBallena","a","a"
"345","k__Bacteria|p__Pseudomonadota|c__Gammaproteobacteria|o__Pseudomonadales|f__Marinobacteraceae|g__Marinobacter","anova","ColaDeBallena","a","a"
"346","k__Bacteria|p__Pseudomonadota|c__Gammaproteobacteria|o__Pseudomonadales|f__Marinobacteraceae|g__Marinobacter","anova","EsteroZacatecas","b","b"
"347","k__Bacteria|p__Acidobacteriota|c__Thermoanaerobaculia|o__Thermoanaerobaculales|f__Thermoanaerobaculaceae|g__Subgroup_10","anova","ColaDeBallena","a","a"
"348","k__Bacteria|p__Acidobacteriota|c__Thermoanaerobaculia|o__Thermoanaerobaculales|f__Thermoanaerobaculaceae|g__Subgroup_10","anova","EsteroZacatecas","a","a"
"349","k__Bacteria|p__Pseudomonadota|c__Alphaproteobacteria|o__Sphingomonadales|f__Sphingomonadaceae|g__Croceibacterium","anova","ColaDeBallena","a","a"
"350","k__Bacteria|p__Pseudomonadota|c__Alphaproteobacteria|o__Sphingomonadales|f__Sphingomonadaceae|g__Croceibacterium","anova","EsteroZacatecas","b","b"
"351","k__Bacteria|p__Cyanobacteriota|c__Cyanobacteriia|o__Cyanobacteriales|f__Xenococcaceae|g__Pleurocapsa_PCC-7319","anova","EsteroZacatecas","a","a"
"352","k__Bacteria|p__Cyanobacteriota|c__Cyanobacteriia|o__Cyanobacteriales|f__Xenococcaceae|g__Pleurocapsa_PCC-7319","anova","ColaDeBallena","b","b"
"353","k__Bacteria|p__Planctomycetota|c__Planctomycetes|o__Pirellulales|f__Pirellulaceae|g__Pir4_lineage","anova","ColaDeBallena","a","a"
"354","k__Bacteria|p__Planctomycetota|c__Planctomycetes|o__Pirellulales|f__Pirellulaceae|g__Pir4_lineage","anova","EsteroZacatecas","b","b"
"355","k__Bacteria|p__Pseudomonadota|c__Gammaproteobacteria|o__Enterobacterales|f__Vibrionaceae|g__Vibrio","anova","ColaDeBallena","a","a"
"356","k__Bacteria|p__Pseudomonadota|c__Gammaproteobacteria|o__Enterobacterales|f__Vibrionaceae|g__Vibrio","anova","EsteroZacatecas","a","a"
"357","k__Bacteria|p__Campylobacterota|c__Campylobacteria|o__Campylobacterales|f__Sulfurovaceae|g__Sulfurovum","anova","ColaDeBallena","a","a"
"358","k__Bacteria|p__Campylobacterota|c__Campylobacteria|o__Campylobacterales|f__Sulfurovaceae|g__Sulfurovum","anova","EsteroZacatecas","b","b"
"359","k__Bacteria|p__Bacteroidota|c__Bacteroidia|o__Flavobacteriales|f__Flavobacteriaceae|g__Robiginitalea","anova","EsteroZacatecas","a","a"
"360","k__Bacteria|p__Bacteroidota|c__Bacteroidia|o__Flavobacteriales|f__Flavobacteriaceae|g__Robiginitalea","anova","ColaDeBallena","a","a"
"361","k__Bacteria|p__Pseudomonadota|c__Alphaproteobacteria|o__Rhodobacterales|f__Paracoccaceae|g__Wenxinia","anova","ColaDeBallena","a","a"
"362","k__Bacteria|p__Pseudomonadota|c__Alphaproteobacteria|o__Rhodobacterales|f__Paracoccaceae|g__Wenxinia","anova","EsteroZacatecas","b","b"
"363","k__Bacteria|p__Cyanobacteriota|c__Cyanobacteriia|o__Cyanobacteriales|f__Xenococcaceae|g__Myxosarcina_GI1","anova","ColaDeBallena","a","a"
"364","k__Bacteria|p__Cyanobacteriota|c__Cyanobacteriia|o__Cyanobacteriales|f__Xenococcaceae|g__Myxosarcina_GI1","anova","EsteroZacatecas","b","b"
"365","k__Bacteria|p__Pseudomonadota|c__Alphaproteobacteria|o__Rhodobacterales|f__Paracoccaceae|g__Maribius","anova","ColaDeBallena","a","a"
"366","k__Bacteria|p__Pseudomonadota|c__Alphaproteobacteria|o__Rhodobacterales|f__Paracoccaceae|g__Maribius","anova","EsteroZacatecas","a","a"
"367","k__Bacteria|p__Pseudomonadota|c__Alphaproteobacteria|o__Caulobacterales|f__Parvularculaceae|g__Parvularcula","anova","EsteroZacatecas","a","a"
"368","k__Bacteria|p__Pseudomonadota|c__Alphaproteobacteria|o__Caulobacterales|f__Parvularculaceae|g__Parvularcula","anova","ColaDeBallena","a","a"
"369","k__Bacteria|p__Bacteroidota|c__Bacteroidia|o__Flavobacteriales|f__Flavobacteriaceae|g__Sufflavibacter","anova","ColaDeBallena","a","a"
"370","k__Bacteria|p__Bacteroidota|c__Bacteroidia|o__Flavobacteriales|f__Flavobacteriaceae|g__Sufflavibacter","anova","EsteroZacatecas","b","b"
"371","k__Bacteria|p__Deinococcota|c__Deinococci|o__Deinococcales|f__Trueperaceae|g__Truepera","anova","EsteroZacatecas","a","a"
"372","k__Bacteria|p__Deinococcota|c__Deinococci|o__Deinococcales|f__Trueperaceae|g__Truepera","anova","ColaDeBallena","a","a"
"373","k__Bacteria|p__Pseudomonadota|c__Alphaproteobacteria|o__Hyphomicrobiales|f__Rhizobiaceae|g__Oricola","anova","ColaDeBallena","a","a"
"374","k__Bacteria|p__Pseudomonadota|c__Alphaproteobacteria|o__Hyphomicrobiales|f__Rhizobiaceae|g__Oricola","anova","EsteroZacatecas","b","b"
"375","k__Bacteria|p__Actinomycetota|c__Actinobacteria|o__Mycobacteriales|f__Mycobacteriaceae|g__Mycobacterium","anova","ColaDeBallena","a","a"
"376","k__Bacteria|p__Actinomycetota|c__Actinobacteria|o__Mycobacteriales|f__Mycobacteriaceae|g__Mycobacterium","anova","EsteroZacatecas","a","a"
"377","k__Bacteria|p__Pseudomonadota|c__Gammaproteobacteria|o__Enterobacterales|f__Pseudoalteromonadaceae|g__Pseudoalteromonas","anova","EsteroZacatecas","a","a"
"378","k__Bacteria|p__Pseudomonadota|c__Gammaproteobacteria|o__Enterobacterales|f__Pseudoalteromonadaceae|g__Pseudoalteromonas","anova","ColaDeBallena","b","b"
"379","k__Bacteria|p__Pseudomonadota|c__Gammaproteobacteria|o__Pseudomonadales|f__Marinomonadaceae|g__Marinomonas","anova","EsteroZacatecas","a","a"
"380","k__Bacteria|p__Pseudomonadota|c__Gammaproteobacteria|o__Pseudomonadales|f__Marinomonadaceae|g__Marinomonas","anova","ColaDeBallena","a","a"
"381","k__Bacteria|p__Cyanobacteriota|c__Cyanobacteriia|o__Phormidesmiales|f__Phormidesmiaceae|g__Acrophormium_PCC-7375","anova","EsteroZacatecas","a","a"
"382","k__Bacteria|p__Cyanobacteriota|c__Cyanobacteriia|o__Phormidesmiales|f__Phormidesmiaceae|g__Acrophormium_PCC-7375","anova","ColaDeBallena","b","b"
"383","k__Bacteria|p__Pseudomonadota|c__Alphaproteobacteria|o__Rhodobacterales|f__Paracoccaceae|g__Silicimonas","anova","EsteroZacatecas","a","a"
"384","k__Bacteria|p__Pseudomonadota|c__Alphaproteobacteria|o__Rhodobacterales|f__Paracoccaceae|g__Silicimonas","anova","ColaDeBallena","a","a"
"385","k__Bacteria|p__Pseudomonadota|c__Gammaproteobacteria|o__Chromatiales|f__Chromatiaceae|g__Thiophaeococcus","anova","ColaDeBallena","a","a"
"386","k__Bacteria|p__Pseudomonadota|c__Gammaproteobacteria|o__Chromatiales|f__Chromatiaceae|g__Thiophaeococcus","anova","EsteroZacatecas","a","a"
"387","k__Bacteria|p__Pseudomonadota|c__Alphaproteobacteria|o__Sphingomonadales|f__Sphingomonadaceae|g__Parasphingopyxis","anova","ColaDeBallena","a","a"
"388","k__Bacteria|p__Pseudomonadota|c__Alphaproteobacteria|o__Sphingomonadales|f__Sphingomonadaceae|g__Parasphingopyxis","anova","EsteroZacatecas","b","b"
"389","k__Bacteria|p__Pseudomonadota|c__Gammaproteobacteria|o__Enterobacterales|f__Alteromonadaceae|g__Alteromonas","anova","EsteroZacatecas","a","a"
"390","k__Bacteria|p__Pseudomonadota|c__Gammaproteobacteria|o__Enterobacterales|f__Alteromonadaceae|g__Alteromonas","anova","ColaDeBallena","b","b"
"391","k__Bacteria|p__Verrucomicrobiota|c__Verrucomicrobiia|o__Verrucomicrobiales|f__Rubritaleaceae|g__Haloferula","anova","EsteroZacatecas","a","a"
"392","k__Bacteria|p__Verrucomicrobiota|c__Verrucomicrobiia|o__Verrucomicrobiales|f__Rubritaleaceae|g__Haloferula","anova","ColaDeBallena","a","a"
"393","k__Bacteria|p__Pseudomonadota|c__Alphaproteobacteria|o__Hyphomicrobiales|f__Rhizobiaceae|g__Pseudahrensia","anova","EsteroZacatecas","a","a"
"394","k__Bacteria|p__Pseudomonadota|c__Alphaproteobacteria|o__Hyphomicrobiales|f__Rhizobiaceae|g__Pseudahrensia","anova","ColaDeBallena","b","b"
"395","k__Bacteria|p__Pseudomonadota|c__Alphaproteobacteria|o__Rhodobacterales|f__Paracoccaceae|g__Hasllibacter","anova","EsteroZacatecas","a","a"
"396","k__Bacteria|p__Pseudomonadota|c__Alphaproteobacteria|o__Rhodobacterales|f__Paracoccaceae|g__Hasllibacter","anova","ColaDeBallena","a","a"
"397","k__Bacteria|p__Pseudomonadota|c__Gammaproteobacteria|o__Chromatiales|f__Chromatiaceae|g__Thiohalocapsa","anova","EsteroZacatecas","a","a"
"398","k__Bacteria|p__Pseudomonadota|c__Gammaproteobacteria|o__Chromatiales|f__Chromatiaceae|g__Thiohalocapsa","anova","ColaDeBallena","b","b"
"399","k__Bacteria|p__Pseudomonadota|c__Gammaproteobacteria|o__Enterobacterales|f__Alteromonadaceae|g__Aestuariibacter","anova","EsteroZacatecas","a","a"
"400","k__Bacteria|p__Pseudomonadota|c__Gammaproteobacteria|o__Enterobacterales|f__Alteromonadaceae|g__Aestuariibacter","anova","ColaDeBallena","b","b"
"401","k__Bacteria|p__Pseudomonadota|c__Alphaproteobacteria|o__Sphingomonadales|f__Sphingomonadaceae|g__Novosphingobium","anova","ColaDeBallena","a","a"
"402","k__Bacteria|p__Pseudomonadota|c__Alphaproteobacteria|o__Sphingomonadales|f__Sphingomonadaceae|g__Novosphingobium","anova","EsteroZacatecas","b","b"
"403","k__Bacteria|p__Bacteroidota|c__Bacteroidia|o__Cytophagales|f__Cyclobacteriaceae|g__Marinoscillum","anova","ColaDeBallena","a","a"
"404","k__Bacteria|p__Bacteroidota|c__Bacteroidia|o__Cytophagales|f__Cyclobacteriaceae|g__Marinoscillum","anova","EsteroZacatecas","a","a"
"405","k__Bacteria|p__Bacteroidota|c__Bacteroidia|o__Flavobacteriales|f__Flavobacteriaceae|g__Flavimarina","anova","EsteroZacatecas","a","a"
"406","k__Bacteria|p__Bacteroidota|c__Bacteroidia|o__Flavobacteriales|f__Flavobacteriaceae|g__Flavimarina","anova","ColaDeBallena","b","b"
"407","k__Bacteria|p__Planctomycetota|c__Planctomycetes|o__Planctomycetales|f__Rubinisphaeraceae|g__Planctomicrobium","anova","ColaDeBallena","a","a"
"408","k__Bacteria|p__Planctomycetota|c__Planctomycetes|o__Planctomycetales|f__Rubinisphaeraceae|g__Planctomicrobium","anova","EsteroZacatecas","a","a"
"409","k__Bacteria|p__Pseudomonadota|c__Alphaproteobacteria|o__Hyphomicrobiales|f__Rhodomicrobiaceae|g__Rhodomicrobium","anova","ColaDeBallena","a","a"
"410","k__Bacteria|p__Pseudomonadota|c__Alphaproteobacteria|o__Hyphomicrobiales|f__Rhodomicrobiaceae|g__Rhodomicrobium","anova","EsteroZacatecas","a","a"
"411","k__Bacteria|p__Pseudomonadota|c__Gammaproteobacteria|o__Pseudomonadales|f__Pseudohongiellaceae|g__Pseudohongiella","anova","ColaDeBallena","a","a"
"412","k__Bacteria|p__Pseudomonadota|c__Gammaproteobacteria|o__Pseudomonadales|f__Pseudohongiellaceae|g__Pseudohongiella","anova","EsteroZacatecas","a","a"
"413","k__Bacteria|p__Bacteroidota|c__Bacteroidia|o__Flavobacteriales|f__Flavobacteriaceae|g__Muricauda","anova","EsteroZacatecas","a","a"
"414","k__Bacteria|p__Bacteroidota|c__Bacteroidia|o__Flavobacteriales|f__Flavobacteriaceae|g__Muricauda","anova","ColaDeBallena","b","b"
"415","k__Bacteria|p__Thermodesulfobacteriota|c__Desulfobacteria|o__Desulfobacterales|f__Desulfosarcinaceae|g__Sva0081_sediment_group","anova","ColaDeBallena","a","a"
"416","k__Bacteria|p__Thermodesulfobacteriota|c__Desulfobacteria|o__Desulfobacterales|f__Desulfosarcinaceae|g__Sva0081_sediment_group","anova","EsteroZacatecas","a","a"
"417","k__Bacteria|p__Rhodothermota|c__Rhodothermia|o__Rhodothermales|f__Rhodothermaceae|g__Rubricoccus","anova","ColaDeBallena","a","a"
"418","k__Bacteria|p__Rhodothermota|c__Rhodothermia|o__Rhodothermales|f__Rhodothermaceae|g__Rubricoccus","anova","EsteroZacatecas","a","a"
"419","k__Bacteria|p__Actinomycetota|c__Actinobacteria|o__Euzebyales|f__Euzebyaceae|g__Euzebya","anova","ColaDeBallena","a","a"
"420","k__Bacteria|p__Actinomycetota|c__Actinobacteria|o__Euzebyales|f__Euzebyaceae|g__Euzebya","anova","EsteroZacatecas","a","a"
"421","k__Bacteria|p__Thermodesulfobacteriota|c__Desulfobulbia|o__Desulfobulbales|f__Desulfobulbaceae|g__Candidatus_Electrothrix","anova","ColaDeBallena","a","a"
"422","k__Bacteria|p__Thermodesulfobacteriota|c__Desulfobulbia|o__Desulfobulbales|f__Desulfobulbaceae|g__Candidatus_Electrothrix","anova","EsteroZacatecas","a","a"
"423","k__Bacteria|p__Planctomycetota|c__Planctomycetes|o__Pirellulales|f__Pirellulaceae|g__Rhodopirellula","anova","EsteroZacatecas","a","a"
"424","k__Bacteria|p__Planctomycetota|c__Planctomycetes|o__Pirellulales|f__Pirellulaceae|g__Rhodopirellula","anova","ColaDeBallena","b","b"
"425","k__Bacteria|p__Pseudomonadota|c__Gammaproteobacteria|o__Pseudomonadales|f__Halieaceae|g__Pseudohaliea","anova","EsteroZacatecas","a","a"
"426","k__Bacteria|p__Pseudomonadota|c__Gammaproteobacteria|o__Pseudomonadales|f__Halieaceae|g__Pseudohaliea","anova","ColaDeBallena","b","b"
"427","k__Bacteria|p__Pseudomonadota|c__Alphaproteobacteria|o__Rhodobacterales|f__Paracoccaceae|g__Jannaschia","anova","EsteroZacatecas","a","a"
"428","k__Bacteria|p__Pseudomonadota|c__Alphaproteobacteria|o__Rhodobacterales|f__Paracoccaceae|g__Jannaschia","anova","ColaDeBallena","b","b"
"429","k__Bacteria|p__Pseudomonadota|c__Alphaproteobacteria|o__Kiloniellales|f__Kiloniellaceae|g__Pelagibius","anova","ColaDeBallena","a","a"
"430","k__Bacteria|p__Pseudomonadota|c__Alphaproteobacteria|o__Kiloniellales|f__Kiloniellaceae|g__Pelagibius","anova","EsteroZacatecas","b","b"
"431","k__Bacteria|p__Pseudomonadota|c__Alphaproteobacteria|o__Caulobacterales|f__Hyphomonadaceae|g__Euryhalocaulis","anova","ColaDeBallena","a","a"
"432","k__Bacteria|p__Pseudomonadota|c__Alphaproteobacteria|o__Caulobacterales|f__Hyphomonadaceae|g__Euryhalocaulis","anova","EsteroZacatecas","a","a"
"433","k__Bacteria|p__Actinomycetota|c__Actinobacteria|o__Frankiales|f__Sporichthyaceae|g__Sporichthya","anova","ColaDeBallena","a","a"
"434","k__Bacteria|p__Actinomycetota|c__Actinobacteria|o__Frankiales|f__Sporichthyaceae|g__Sporichthya","anova","EsteroZacatecas","a","a"
"435","k__Bacteria|p__Pseudomonadota|c__Gammaproteobacteria|o__Pseudomonadales|f__Alcanivoracaceae|g__Ketobacter","anova","ColaDeBallena","a","a"
"436","k__Bacteria|p__Pseudomonadota|c__Gammaproteobacteria|o__Pseudomonadales|f__Alcanivoracaceae|g__Ketobacter","anova","EsteroZacatecas","b","b"
"437","k__Bacteria|p__Actinomycetota|c__Acidimicrobiia|o__Microtrichales|f__Iamiaceae|g__Iamia","anova","ColaDeBallena","a","a"
"438","k__Bacteria|p__Actinomycetota|c__Acidimicrobiia|o__Microtrichales|f__Iamiaceae|g__Iamia","anova","EsteroZacatecas","a","a"
"439","k__Bacteria|p__Pseudomonadota|c__Alphaproteobacteria|o__Rhodobacterales|f__Paracoccaceae|g__Marivita","anova","EsteroZacatecas","a","a"
"440","k__Bacteria|p__Pseudomonadota|c__Alphaproteobacteria|o__Rhodobacterales|f__Paracoccaceae|g__Marivita","anova","ColaDeBallena","a","a"
"441","k__Bacteria|p__Pseudomonadota|c__Alphaproteobacteria|o__Rhodobacterales|f__Paracoccaceae|g__Allosediminivita","anova","ColaDeBallena","a","a"
"442","k__Bacteria|p__Pseudomonadota|c__Alphaproteobacteria|o__Rhodobacterales|f__Paracoccaceae|g__Allosediminivita","anova","EsteroZacatecas","b","b"
"443","k__Bacteria|p__Pseudomonadota|c__Alphaproteobacteria|o__Kiloniellales|f__Kiloniellaceae|g__Limibacillus","anova","ColaDeBallena","a","a"
"444","k__Bacteria|p__Pseudomonadota|c__Alphaproteobacteria|o__Kiloniellales|f__Kiloniellaceae|g__Limibacillus","anova","EsteroZacatecas","a","a"
"445","k__Bacteria|p__Thermodesulfobacteriota|c__Desulfobacteria|o__Desulfobacterales|f__Desulfosarcinaceae|g__Desulfosarcina","anova","ColaDeBallena","a","a"
"446","k__Bacteria|p__Thermodesulfobacteriota|c__Desulfobacteria|o__Desulfobacterales|f__Desulfosarcinaceae|g__Desulfosarcina","anova","EsteroZacatecas","b","b"
"447","k__Bacteria|p__Cyanobacteriota|c__Cyanobacteriia|o__Cyanobacteriales|f__Xenococcaceae|g__Gloeocapsopsis_BDHKU_35101","anova","EsteroZacatecas","a","a"
"448","k__Bacteria|p__Cyanobacteriota|c__Cyanobacteriia|o__Cyanobacteriales|f__Xenococcaceae|g__Gloeocapsopsis_BDHKU_35101","anova","ColaDeBallena","b","b"
"449","k__Bacteria|p__Actinomycetota|c__Actinobacteria|o__Frankiales|f__Geodermatophilaceae|g__Geodermatophilus","anova","ColaDeBallena","a","a"
"450","k__Bacteria|p__Actinomycetota|c__Actinobacteria|o__Frankiales|f__Geodermatophilaceae|g__Geodermatophilus","anova","EsteroZacatecas","b","b"
"451","k__Bacteria|p__Bacteroidota|c__Bacteroidia|o__Flavobacteriales|f__Blattabacteriaceae|g__Candidatus_Uzinura","anova","ColaDeBallena","a","a"
"452","k__Bacteria|p__Bacteroidota|c__Bacteroidia|o__Flavobacteriales|f__Blattabacteriaceae|g__Candidatus_Uzinura","anova","EsteroZacatecas","a","a"
"453","k__Bacteria|p__Bacteroidota|c__Bacteroidia|o__Flavobacteriales|f__Flavobacteriaceae|g__Pricia","anova","EsteroZacatecas","a","a"
"454","k__Bacteria|p__Bacteroidota|c__Bacteroidia|o__Flavobacteriales|f__Flavobacteriaceae|g__Pricia","anova","ColaDeBallena","b","b"
"455","k__Bacteria|p__Verrucomicrobiota|c__Verrucomicrobiia|o__Verrucomicrobiales|f__Rubritaleaceae|g__Roseibacillus","anova","EsteroZacatecas","a","a"
"456","k__Bacteria|p__Verrucomicrobiota|c__Verrucomicrobiia|o__Verrucomicrobiales|f__Rubritaleaceae|g__Roseibacillus","anova","ColaDeBallena","a","a"
"457","k__Bacteria|p__Pseudomonadota|c__Alphaproteobacteria|o__Sphingomonadales|f__Sphingomonadaceae|g__Paraurantiacibacter","anova","EsteroZacatecas","a","a"
"458","k__Bacteria|p__Pseudomonadota|c__Alphaproteobacteria|o__Sphingomonadales|f__Sphingomonadaceae|g__Paraurantiacibacter","anova","ColaDeBallena","a","a"
"459","k__Bacteria|p__Bacteroidota|c__Bacteroidia|o__Flavobacteriales|f__Flavobacteriaceae|g__Nonlabens","anova","EsteroZacatecas","a","a"
"460","k__Bacteria|p__Bacteroidota|c__Bacteroidia|o__Flavobacteriales|f__Flavobacteriaceae|g__Nonlabens","anova","ColaDeBallena","b","b"
"461","k__Bacteria|p__Pseudomonadota|c__Gammaproteobacteria|o__Salinisphaerales|f__Salinisphaeraceae|g__Salinisphaera","anova","ColaDeBallena","a","a"
"462","k__Bacteria|p__Pseudomonadota|c__Gammaproteobacteria|o__Salinisphaerales|f__Salinisphaeraceae|g__Salinisphaera","anova","EsteroZacatecas","a","a"
"463","k__Bacteria|p__Bacteroidota|c__Bacteroidia|o__Cytophagales|f__Cyclobacteriaceae|g__Catalinimonas","anova","ColaDeBallena","a","a"
"464","k__Bacteria|p__Bacteroidota|c__Bacteroidia|o__Cytophagales|f__Cyclobacteriaceae|g__Catalinimonas","anova","EsteroZacatecas","b","b"
"465","k__Bacteria|p__Pseudomonadota|c__Alphaproteobacteria|o__Hyphomicrobiales|f__Rhizobiaceae|g__Aurantimonas","anova","ColaDeBallena","a","a"
"466","k__Bacteria|p__Pseudomonadota|c__Alphaproteobacteria|o__Hyphomicrobiales|f__Rhizobiaceae|g__Aurantimonas","anova","EsteroZacatecas","a","a"
"467","k__Bacteria|p__Cyanobacteriota|c__Cyanobacteriia|o__Cyanobacteriales|f__Xenococcaceae|g__Chroococcidiopsis_PCC-6712","anova","EsteroZacatecas","a","a"
"468","k__Bacteria|p__Cyanobacteriota|c__Cyanobacteriia|o__Cyanobacteriales|f__Xenococcaceae|g__Chroococcidiopsis_PCC-6712","anova","ColaDeBallena","b","b"
"469","k__Bacteria|p__Actinomycetota|c__Thermoleophilia|o__Solirubrobacterales|f__Solirubrobacteraceae|g__Patulibacter","anova","EsteroZacatecas","a","a"
"470","k__Bacteria|p__Actinomycetota|c__Thermoleophilia|o__Solirubrobacterales|f__Solirubrobacteraceae|g__Patulibacter","anova","ColaDeBallena","b","b"
"471","k__Bacteria|p__Cyanobacteriota|c__Cyanobacteriia|o__Phormidesmiales|f__Phormidesmiaceae|g__Phormidium_MBIC10003","anova","EsteroZacatecas","a","a"
"472","k__Bacteria|p__Cyanobacteriota|c__Cyanobacteriia|o__Phormidesmiales|f__Phormidesmiaceae|g__Phormidium_MBIC10003","anova","ColaDeBallena","b","b"
"473","k__Bacteria|p__Pseudomonadota|c__Alphaproteobacteria|o__Sphingomonadales|f__Sphingomonadaceae|g__Altericroceibacterium","anova","ColaDeBallena","a","a"
"474","k__Bacteria|p__Pseudomonadota|c__Alphaproteobacteria|o__Sphingomonadales|f__Sphingomonadaceae|g__Altericroceibacterium","anova","EsteroZacatecas","b","b"
"475","k__Bacteria|p__Cyanobacteriota|c__Cyanobacteriia|o__Cyanobacteriales|f__Phormidiaceae|g__Arthrospira_PCC-7345","anova","EsteroZacatecas","a","a"
"476","k__Bacteria|p__Cyanobacteriota|c__Cyanobacteriia|o__Cyanobacteriales|f__Phormidiaceae|g__Arthrospira_PCC-7345","anova","ColaDeBallena","b","b"
"477","k__Bacteria|p__Cyanobacteriota|c__Cyanobacteriia|o__Phormidesmiales|f__Phormidesmiaceae|g__Phormidesmis_ANT.LACV5.1","anova","EsteroZacatecas","a","a"
"478","k__Bacteria|p__Cyanobacteriota|c__Cyanobacteriia|o__Phormidesmiales|f__Phormidesmiaceae|g__Phormidesmis_ANT.LACV5.1","anova","ColaDeBallena","b","b"
"479","k__Bacteria|p__Bacteroidota|c__Bacteroidia|o__Chitinophagales|f__Saprospiraceae|g__Phaeodactylibacter","anova","EsteroZacatecas","a","a"
"480","k__Bacteria|p__Bacteroidota|c__Bacteroidia|o__Chitinophagales|f__Saprospiraceae|g__Phaeodactylibacter","anova","ColaDeBallena","a","a"
"481","k__Bacteria|p__Pseudomonadota|c__Gammaproteobacteria|o__Pseudomonadales|f__Halieaceae|g__Parahaliea","anova","ColaDeBallena","a","a"
"482","k__Bacteria|p__Pseudomonadota|c__Gammaproteobacteria|o__Pseudomonadales|f__Halieaceae|g__Parahaliea","anova","EsteroZacatecas","b","b"
"483","k__Bacteria|p__Pseudomonadota|c__Alphaproteobacteria|o__Rhodobacterales|f__Paracoccaceae|g__Tropicimonas-Psychromarinibacter","anova","EsteroZacatecas","a","a"
"484","k__Bacteria|p__Pseudomonadota|c__Alphaproteobacteria|o__Rhodobacterales|f__Paracoccaceae|g__Tropicimonas-Psychromarinibacter","anova","ColaDeBallena","b","b"
"485","k__Bacteria|p__Pseudomonadota|c__Gammaproteobacteria|o__Pseudomonadales|f__Nitrincolaceae|g__Marinobacterium","anova","ColaDeBallena","a","a"
"486","k__Bacteria|p__Pseudomonadota|c__Gammaproteobacteria|o__Pseudomonadales|f__Nitrincolaceae|g__Marinobacterium","anova","EsteroZacatecas","b","b"
"487","k__Bacteria|p__Pseudomonadota|c__Gammaproteobacteria|o__Ectothiorhodospirales|f__Ectothiorhodospiraceae|g__Thiogranum","anova","ColaDeBallena","a","a"
"488","k__Bacteria|p__Pseudomonadota|c__Gammaproteobacteria|o__Ectothiorhodospirales|f__Ectothiorhodospiraceae|g__Thiogranum","anova","EsteroZacatecas","b","b"
