Phylum	Class	Order	Family	contribution	n_asvs	n_ecs	n_samples	top_genus	pct
Actinomycetota	Rubrobacteria	Rubrobacterales	Rubrobacteriaceae	25410	25	1	24	Rubrobacter	7.17
Bacteroidota	Bacteroidia	Chitinophagales	Saprospiraceae	23999.5	476	4	24	Lewinella	6.77
Actinomycetota	Actinobacteria	Euzebyales	Euzebyaceae	23675	61	1	24	Unclassified	6.68
Bacteroidota	Bacteroidia	Flavobacteriales	Flavobacteriaceae	20687.98	272	4	24	Gramella	5.84
Actinomycetota	Actinobacteria	Nitriliruptorales	Nitriliruptoraceae	19195	88	1	24	Unclassified	5.42
Rhodothermota	Rhodothermia	Rhodothermales	Rhodothermaceae	15684	224	4	24	Rubrivirga	4.43
Actinomycetota	Acidimicrobiia	Microtrichales	Ilumatobacteraceae	15578	65	1	24	Ilumatobacter	4.4
Pseudomonadota	Alphaproteobacteria	Rhodobacterales	Paracoccaceae	15377.5	192	4	24	Unclassified	4.34
Myxococcota	Polyangiia	Polyangiales	Sandaracinaceae	14481	181	3	24	Unclassified	4.09
Pseudomonadota	Gammaproteobacteria	Pseudomonadales	Marinobacteraceae	11996.65	13	4	24	Marinobacter	3.39
Chloroflexota	Anaerolineae	Aggregatilineales	A4b	10250	162	4	24	Unclassified	2.89
Pseudomonadota	Gammaproteobacteria	Steroidobacterales	Woeseiaceae	7368	82	3	24	Woeseia	2.08
Pseudomonadota	Alphaproteobacteria	Unclassified	Neomegalonemataceae	7122	18	3	22	Acuticoccus	2.01
Actinomycetota	Acidimicrobiia	Actinomarinales	Unclassified	6027	57	2	24	Unclassified	1.7
Pseudomonadota	Alphaproteobacteria	Hyphomicrobiales	Rhizobiaceae	6025	42	4	24	Unclassified	1.7
Chloroflexota	Anaerolineae	Caldilineales	Caldilineaceae	6000	54	2	24	Unclassified	1.69
Pseudomonadota	Gammaproteobacteria	Unclassified	Unclassified	5938.75	267	4	24	Unclassified	1.68
Actinomycetota	Acidimicrobiia	Microtrichales	Unclassified	5602	19	1	23	Unclassified	1.58
Thermodesulfobacteriota	Desulfobacteria	Desulfobacterales	Desulfosarcinaceae	5188.5	151	3	23	Unclassified	1.46
Bacteroidota	Bacteroidia	Flavobacteriales	Cryomorphaceae	5033	134	2	23	Owenweeksia	1.42
Chloroflexota	Anaerolineae	Anaerolineales	Anaerolineaceae	3981	58	3	23	Unclassified	1.12
Thermodesulfobacteriota	Desulfobulbia	Desulfobulbales	Desulfocapsaceae	3605	77	3	24	Unclassified	1.02
Pseudomonadota	Alphaproteobacteria	Kiloniellales	Kiloniellaceae	3139	37	4	21	Pelagibius	0.89
Bacteroidota	Bacteroidia	Bacteroidales	Prolixibacteraceae	2853.5	65	3	24	Unclassified	0.81
Pseudomonadota	Gammaproteobacteria	Chromatiales	Chromatiaceae	2798	18	4	18	Thiophaeococcus	0.79
Chloroflexota	Anaerolineae	Ardenticatenales	Unclassified	2573	32	3	17	Unclassified	0.73
Pseudomonadota	Alphaproteobacteria	Sphingomonadales	Sphingomonadaceae	2330	31	3	24	Parasphingopyxis	0.66
Verrucomicrobiota	Verrucomicrobiia	Verrucomicrobiales	Rubritaleaceae	2286.67	95	1	24	Haloferula	0.65
Pseudomonadota	Gammaproteobacteria	Pseudomonadales	Halieaceae	2183	65	3	23	Unclassified	0.62
Pseudomonadota	Gammaproteobacteria	EPR3968-O8a-Bc78	Unclassified	2064	65	2	19	Unclassified	0.58
Pseudomonadota	Alphaproteobacteria	Micavibrionales	Micavibrionaceae	2021	96	2	24	Unclassified	0.57
Actinomycetota	Acidimicrobiia	Microtrichales	Iamiaceae	1878	1	1	17	Iamia	0.53
Pseudomonadota	Gammaproteobacteria	Pseudomonadales	Alcanivoracaceae	1872	17	4	20	Ketobacter	0.53
Pseudomonadota	Gammaproteobacteria	Beggiatoales	Leucotrichaceae	1853	28	4	19	Unclassified	0.52
Thermodesulfobacteriota	Desulfobulbia	Desulfobulbales	Desulfobulbaceae	1748	70	1	21	Unclassified	0.49
Balneolota	Balneolia	Balneolales	Balneolaceae	1679.5	50	2	24	Unclassified	0.47
Nitrospirota	Nitrospiria	Nitrospirales	Nitrospiraceae	1678	7	3	10	Nitrospira	0.47
Pseudomonadota	Alphaproteobacteria	Unclassified	Unclassified	1650	56	4	24	Unclassified	0.47
Pseudomonadota	Gammaproteobacteria	HOC36	Unclassified	1649	27	4	23	Unclassified	0.47
Deinococcota	Deinococci	Deinococcales	Trueperaceae	1619	34	4	24	Truepera	0.46
Cyanobacteriota	Cyanobacteriia	Cyanobacteriales	Xenococcaceae	1465	17	1	14	Pleurocapsa_PCC-7319	0.41
Bdellovibrionota	Bdellovibrionia	Bdellovibrionales	Pseudobdellovibrionaceae	1368	48	4	23	OM27_clade	0.39
Verrucomicrobiota	Verrucomicrobiia	Verrucomicrobiales	DEV007	1366	69	2	20	Unclassified	0.39
Calditrichota	Calditrichia	Calditrichales	Calditrichaceae	1300	50	2	24	Caldithrix	0.37
Actinomycetota	Actinobacteria	Frankiales	Sporichthyaceae	1296	1	1	10	Sporichthya	0.37
Bacteroidota	Bacteroidia	Chitinophagales	Unclassified	1193.33	76	4	22	Unclassified	0.34
Pseudomonadota	Alphaproteobacteria	Hyphomicrobiales	Unclassified	1094	25	4	19	Bauldia	0.31
Pseudomonadota	Gammaproteobacteria	Ectothiorhodospirales	Thioalkalispiraceae	1093	23	4	15	Unclassified	0.31
Chloroflexota	Anaerolineae	Aggregatilineales	Unclassified	1089	56	2	23	Unclassified	0.31
Thermodesulfobacteriota	Desulfobacteria	Desulfobacterales	Unclassified	1056	39	3	14	Unclassified	0.3
Pseudomonadota	Alphaproteobacteria	Hyphomicrobiales	Methyloligellaceae	1034	3	3	22	Methyloceanibacter	0.29
Pseudomonadota	Gammaproteobacteria	Chromatiales	Sedimenticolaceae	1017	18	4	16	Candidatus_Thiodiazotropha	0.29
Bacteroidota	Bacteroidia	Cytophagales	Cyclobacteriaceae	969	43	4	24	Unclassified	0.27
Pseudomonadota	Gammaproteobacteria	Ectothiorhodospirales	Ectothiorhodospiraceae	961	17	3	12	Thiogranum	0.27
Pseudomonadota	Gammaproteobacteria	Milano-WF1B-44	Unclassified	915	7	3	13	Unclassified	0.26
Chloroflexota	Anaerolineae	Ardenticatenales	Ardenticatenaceae	899	4	4	10	Unclassified	0.25
Pseudomonadota	Gammaproteobacteria	B2M28	Unclassified	853	18	3	15	Unclassified	0.24
Pseudomonadota	Alphaproteobacteria	Hyphomicrobiales	Lutibaculaceae	828	3	1	12	Lutibaculum	0.23
Pseudomonadota	Gammaproteobacteria	Enterobacterales	Pseudoalteromonadaceae	810	3	2	9	Pseudoalteromonas	0.23
Thermodesulfobacteriota	Desulfobacteria	Desulfatiglandales	Desulfatiglandaceae	807	57	1	20	Desulfatiglans	0.23
Pseudomonadota	Gammaproteobacteria	Pseudomonadales	KI89A_clade	794	32	1	23	Unclassified	0.22
Pseudomonadota	Gammaproteobacteria	Arenicellales	Arenicellaceae	788	12	3	12	Candidatus_Thiosymbion	0.22
Bacteroidota	Bacteroidia	Flavobacteriales	Crocinitomicaceae	774.5	52	3	21	Crocinitomix	0.22
Chloroflexota	Anaerolineae	Unclassified	Unclassified	768	27	2	20	Unclassified	0.22
Pseudomonadota	Gammaproteobacteria	Pseudomonadales	Cellvibrionaceae	742.54	25	4	16	Unclassified	0.21
Pseudomonadota	Alphaproteobacteria	Hyphomicrobiales	Devosiaceae	717	19	1	20	Unclassified	0.2
Patescibacteria	Saccharimonadia	Saccharimonadales	Unclassified	703.25	66	4	23	Unclassified	0.2
Latescibacterota	Unclassified	Unclassified	Unclassified	685	57	3	23	Unclassified	0.19
Bacteroidota	Bacteroidia	Cytophagales	Flammeovirgaceae	684	17	3	15	Unclassified	0.19
Pseudomonadota	Gammaproteobacteria	Granulosicoccales	Granulosicoccaceae	657	10	2	13	Granulosicoccus	0.19
Pseudomonadota	Gammaproteobacteria	Pseudomonadales	Halomonadaceae	654	6	4	8	Halomonas	0.18
Myxococcota	Myxococcia	Myxococcales	Myxococcaceae	647	21	3	15	P3OB-42	0.18
Pseudomonadota	Gammaproteobacteria	Pseudomonadales	Microbulbiferaceae	635.5	11	2	12	Microbulbifer	0.18
Bacteroidota	Bacteroidia	Bacteroidetes_VC2.1_Bac22	Unclassified	624	9	2	15	Unclassified	0.18
Pseudomonadota	Gammaproteobacteria	Pseudomonadales	Hahellaceae	622	8	4	9	Hahella	0.18
Chloroflexota	Anaerolineae	Aggregatilineales	Aggregatilineaceae	582	34	2	21	Unclassified	0.16
Actinomycetota	Acidimicrobiia	Microtrichales	Microtrichaceae	577	13	1	22	IMCC26207	0.16
Actinomycetota	Thermoleophilia	Solirubrobacterales	Solirubrobacteraceae	563	3	1	9	Patulibacter	0.16
Pseudomonadota	Gammaproteobacteria	Thiomicrospirales	Thiomicrospiraceae	552	4	3	5	endosymbionts	0.16
Actinomycetota	Thermoleophilia	Solirubrobacterales	67-14	548	26	2	19	Unclassified	0.15
Planctomycetota	OM190	Unclassified	Unclassified	517	57	3	22	Unclassified	0.15
Pseudomonadota	Gammaproteobacteria	JTB23	Unclassified	511	9	3	12	Unclassified	0.14
Myxococcota	Polyangiia	Haliangiales	Haliangiaceae	499	44	1	23	Unclassified	0.14
Planctomycetota	Phycisphaerae	CCM11a	Unclassified	481	36	2	14	Unclassified	0.14
Pseudomonadota	Alphaproteobacteria	Hyphomicrobiales	Hyphomicrobiaceae	442	6	2	20	Filomicrobium	0.12
Acidobacteriota	Holophagae	Acanthopleuribacterales	Acanthopleuribacteraceae	442	25	3	12	Acanthopleuribacter	0.12
Acidobacteriota	Blastocatellia	Blastocatellales	Blastocatellaceae	426	9	1	12	Blastocatella	0.12
Pseudomonadota	Gammaproteobacteria	Pseudomonadales	Spongiibacteraceae	418	8	4	10	BD1-7_clade	0.12
Gemmatimonadota	PAUC43f_marine_benthic_group	Unclassified	Unclassified	412	20	1	20	Unclassified	0.12
NB1-j	Unclassified	Unclassified	Unclassified	411	49	3	18	Unclassified	0.12
Pseudomonadota	Gammaproteobacteria	Pseudomonadales	Porticoccaceae	408.25	16	3	16	C1-B045	0.12
Pseudomonadota	Gammaproteobacteria	UBA10353_marine_group	Unclassified	401	2	3	11	Unclassified	0.11
Unclassified	Unclassified	Unclassified	Unclassified	397.42	118	4	24	Unclassified	0.11
Patescibacteria	Parcubacteria	Candidatus_Kaiserbacteria	Unclassified	359.5	46	3	20	Unclassified	0.1
Chloroflexota	JG30-KF-CM66	Unclassified	Unclassified	340	8	2	11	Unclassified	0.1
Thermodesulfobacteriota	Desulfobacteria	Desulfobacterales	Desulfobacteraceae	334.49	43	2	16	Unclassified	0.09
Candidatus_Eremiobacterota	Eremiobacteria	Unclassified	Unclassified	314	10	1	16	Unclassified	0.09
Candidatus_Kapabacteria	Kapabacteria	Kapabacteriales	Unclassified	296	28	3	20	Unclassified	0.08
Bacteroidota	Bacteroidia	Cytophagales	Unclassified	294.5	4	3	11	Unclassified	0.08
Myxococcota	Polyangiia	Nannocystales	Nannocystaceae	285	16	2	17	Unclassified	0.08
Nitrospinota	Nitrospinia	Nitrospinales	Nitrospinaceae	280	3	2	4	Nitrospina	0.08
Pseudomonadota	Gammaproteobacteria	pItb-vmat-80	Unclassified	276	6	3	8	Unclassified	0.08
Bacteroidota	Bacteroidia	Sphingobacteriales	AKYH767	268	3	2	6	Unclassified	0.08
Acidobacteriota	Acidobacteriae	PAUC26f	Unclassified	262	18	3	14	Unclassified	0.07
Bacillota	Bacilli	Bacillales	Bacillaceae	257.11	7	4	6	Neobacillus	0.07
Campylobacterota	Campylobacteria	Campylobacterales	Sulfurovaceae	257	7	3	6	Sulfurovum	0.07
Chloroflexota	KD4-96	Unclassified	Unclassified	255	5	1	16	Unclassified	0.07
Acidobacteriota	Vicinamibacteria	Vicinamibacterales	Unclassified	254	13	2	12	Unclassified	0.07
Acidobacteriota	Vicinamibacteria	Subgroup_17	Unclassified	252	6	2	16	Unclassified	0.07
Pseudomonadota	Gammaproteobacteria	Pseudomonadales	Nitrincolaceae	251	16	1	10	Marinobacterium	0.07
Pseudomonadota	Gammaproteobacteria	Pseudomonadales	OM182_clade	244	19	1	15	Unclassified	0.07
Planctomycetota	Phycisphaerae	Phycisphaerales	Phycisphaeraceae	242	33	4	19	SM1A02	0.07
Actinomycetota	Actinobacteria	Micrococcales	Unclassified	238.5	10	2	7	Unclassified	0.07
Pseudomonadota	Alphaproteobacteria	Hyphomicrobiales	Stappiaceae	234	2	3	8	Roseibium	0.07
Sumerlaeota	Sumerlaeia	Unclassified	Unclassified	224	22	3	12	Unclassified	0.06
Ignavibacteriota	Ignavibacteria	Ignavibacteriales	Melioribacteraceae	218	26	2	21	IheB3-7	0.06
Campylobacterota	Campylobacteria	Campylobacterales	Sulfurimonadaceae	217.5	17	3	13	Sulfurimonas	0.06
SAR324_clade(Marine_group_B)	Unclassified	Unclassified	Unclassified	215	35	3	20	Candidatus_Nitrosoarchaeum	0.06
Bacteroidota	Bacteroidia	Unclassified	Unclassified	214.67	34	4	21	Unclassified	0.06
Hydrogenedentes	Hydrogenedentia	Hydrogenedentiales	Hydrogenedensaceae	208	4	1	4	Unclassified	0.06
Thermodesulfobacteriota	Desulfobacteria	Desulfobacterales	Desulfatirhabdiaceae	204	11	3	10	Unclassified	0.06
Planctomycetota	Planctomycetes	Pirellulales	Pirellulaceae	203	5	4	6	Pir4_lineage	0.06
Pseudomonadota	Alphaproteobacteria	Rickettsiales	SM2D12	203	9	4	12	Unclassified	0.06
Nitrospirota	Thermodesulfovibrionia	Thermodesulfovibrionales	Thermodesulfovibrionaceae	203	2	2	9	Thermodesulfovibrio	0.06
Pseudomonadota	Gammaproteobacteria	AT-s2-59	Unclassified	194	10	2	10	Unclassified	0.05
Zixibacteria	Unclassified	Unclassified	Unclassified	192	22	3	12	Unclassified	0.05
Pseudomonadota	Alphaproteobacteria	Rhodospirillales	Thalassospiraceae	191	2	2	14	Thalassospira	0.05
Actinomycetota	Actinobacteria	Micrococcales	Dermatophilaceae	190	3	2	3	Unclassified	0.05
Actinomycetota	Actinobacteria	Propionibacteriales	Nocardioidaceae	186	8	2	12	Nocardioides	0.05
Thermodesulfobacteriota	Syntrophobacteria	Syntrophobacterales	Unclassified	184	9	1	13	Unclassified	0.05
Bacteroidota	Bacteroidia	Sphingobacteriales	NS11-12_marine_group	182	13	1	14	Unclassified	0.05
Pseudomonadota	Alphaproteobacteria	AT-s3-44	Unclassified	182	2	2	2	Unclassified	0.05
Patescibacteria	Gracilibacteria	Unclassified	Unclassified	180.5	29	3	16	Unclassified	0.05
Pseudomonadota	Alphaproteobacteria	Rhodospirillales	Magnetospiraceae	178	10	2	12	Unclassified	0.05
Pseudomonadota	Gammaproteobacteria	Enterobacterales	Kangiellaceae	177	3	3	6	Kangiella	0.05
Pseudomonadota	Gammaproteobacteria	Nitrosococcales	Nitrosococcaceae	174	7	3	10	AqS1	0.05
Thermodesulfobacteriota	Desulfuromonadia	Desulfuromonadales	Geopsychrobacteraceae	172.5	7	1	7	Unclassified	0.05
Patescibacteria	Saccharimonadia	Saccharimonadales	LWQ8	170	8	3	8	Unclassified	0.05
Pseudomonadota	Alphaproteobacteria	Defluviicoccales	Unclassified	165	6	2	3	Unclassified	0.05
Pseudomonadota	Gammaproteobacteria	Nitrococcales	Nitrococcaceae	165	1	1	7	Arhodomonas	0.05
Pseudomonadota	Gammaproteobacteria	Tenderiales	Tenderiaceae	164	4	4	8	Candidatus_Tenderia	0.05
Planctomycetota	vadinHA49	Unclassified	Unclassified	162	7	2	11	Unclassified	0.05
Bacteroidota	Bacteroidia	Bacteroidales	Unclassified	161	21	3	14	Unclassified	0.05
Pseudomonadota	Alphaproteobacteria	Rhodospirillales	Unclassified	159	10	4	9	Unclassified	0.04
Actinomycetota	Actinobacteria	Micrococcales	Intrasporangiaceae	142.5	2	2	5	Serinicoccus	0.04
Pseudomonadota	Gammaproteobacteria	Enterobacterales	Colwelliaceae	142	3	3	10	Thalassotalea	0.04
Thermodesulfobacteriota	Desulfobacteria	Desulfobacterales	Desulfolunaceae	136	10	1	4	Unclassified	0.04
Planctomycetota	Pla4_lineage	Unclassified	Unclassified	134	14	2	10	Unclassified	0.04
Actinomycetota	Actinobacteria	Frankiales	Unclassified	132	1	1	2	Unclassified	0.04
Bacteroidota	Bacteroidia	Bacteroidales	Bacteroidetes_BD2-2	128	10	3	10	Unclassified	0.04
Acidobacteriota	Acidobacteriae	Unclassified	Unclassified	126	4	1	13	Unclassified	0.04
Pseudomonadota	Alphaproteobacteria	Caulobacterales	Parvularculaceae	126	4	1	3	Unclassified	0.04
Pseudomonadota	Gammaproteobacteria	Enterobacterales	Alteromonadaceae	125	7	3	9	Catenovulum	0.04
Chloroflexota	Dehalococcoidia	S085	Unclassified	124	8	1	7	Unclassified	0.03
Pseudomonadota	Gammaproteobacteria	Burkholderiales	Rhodocyclaceae	113	3	4	3	Thauera	0.03
Thermodesulfobacteriota	Desulfobacteria	Desulfobacterales	Desulfatibacillaceae	110	10	1	5	Unclassified	0.03
Verrucomicrobiota	Verrucomicrobiia	Opitutales	Puniceicoccaceae	100	11	2	6	Lentimonas	0.03
Gemmatimonadota	Gemmatimonadia	Gemmatimonadales	Gemmatimonadaceae	100	10	3	9	Unclassified	0.03
Nitrospirota	Thermodesulfovibrionia	Unclassified	Unclassified	96	14	1	8	Unclassified	0.03
Bacteroidota	Bacteroidia	Cytophagales	Amoebophilaceae	95	7	3	7	Unclassified	0.03
WS2	Unclassified	Unclassified	Unclassified	89	13	1	12	Unclassified	0.03
Thermodesulfobacteriota	Desulfobacteria	Desulfobacterales	Desulfococcaceae	88.66	15	1	9	Unclassified	0.03
Bacteroidota	Bacteroidia	Chitinophagales	Chitinophagaceae	88	8	2	9	Unclassified	0.02
Pseudomonadota	Alphaproteobacteria	Sneathiellales	Sneathiellaceae	88	5	1	9	Sneathiella	0.02
Bacteroidota	Bacteroidia	Bacteroidales	SB-5	82	10	3	7	Unclassified	0.02
Pseudomonadota	Gammaproteobacteria	Pseudomonadales	P13-46	81	2	3	4	Unclassified	0.02
Pseudomonadota	Alphaproteobacteria	Kiloniellales	Fodinicurvataceae	78	3	1	3	Ferruginivarius	0.02
Bacteroidota	Bacteroidia	Flavobacteriales	Unclassified	77	11	2	12	Unclassified	0.02
Pseudomonadota	Alphaproteobacteria	Caulobacterales	Hyphomonadaceae	75	3	4	2	Unclassified	0.02
Thermodesulfobacteriota	Desulfarculia	Desulfarculales	Desulfarculaceae	75	8	1	10	Desulfocarbo	0.02
Nanoarchaeota	Nanoarchaeia	Pacearchaeales	Unclassified	72	14	1	10	SCGC_AAA011-D5	0.02
Acidobacteriota	Vicinamibacteria	Vicinamibacterales	Vicinamibacteraceae	70	5	2	6	Unclassified	0.02
Bacteroidota	Bacteroidia	Bacteroidales	Marinilabiliaceae	67	6	2	11	Unclassified	0.02
Actinomycetota	Actinobacteria	Mycobacteriales	Mycobacteriaceae	66	2	2	4	Mycobacterium	0.02
Pseudomonadota	Gammaproteobacteria	Nitrosococcales	Methylophagaceae	64	7	1	7	Methylophaga	0.02
Thermodesulfobacteriota	Desulfobaccia	Desulfobaccales	Desulfobaccaceae	64	4	1	10	Desulfobacca	0.02
Bacteroidota	Bacteroidia	Flavobacteriales	NS9_marine_group	62	10	1	7	Unclassified	0.02
Myxococcota	Polyangiia	UASB-TL25	Unclassified	61	11	1	7	Unclassified	0.02
Pseudomonadota	Alphaproteobacteria	Kordiimonadales	Unclassified	60	1	4	2	Unclassified	0.02
Gemmatimonadota	BD2-11_terrestrial_group	Unclassified	Unclassified	59	4	1	6	Unclassified	0.02
Planctomycetota	Planctomycetes	Planctomycetales	Gimesiaceae	58.5	2	1	9	Gimesia	0.02
Pseudomonadota	Alphaproteobacteria	Puniceispirillales	Unclassified	57	4	1	9	Unclassified	0.02
Bacteroidota	Bacteroidia	Cytophagales	Hymenobacteraceae	57	3	3	2	Pontibacter	0.02
Acidobacteriota	Subgroup_22	Unclassified	Unclassified	56	12	1	8	Unclassified	0.02
Pseudomonadota	Alphaproteobacteria	Defluviicoccales	Defluviicoccaceae	55	5	1	10	Defluviicoccus	0.02
Pseudomonadota	Gammaproteobacteria	Pseudomonadales	Pseudomonadaceae	55	2	4	2	Pseudomonas	0.02
Spirochaetota	Spirochaetia	Spirochaetales	Spirochaetaceae	55	8	3	6	Unclassified	0.02
Pseudomonadota	Gammaproteobacteria	Thiohalorhabdales	Thiohalorhabdaceae	54	4	2	3	Unclassified	0.02
Pseudomonadota	Alphaproteobacteria	Thalassobaculales	Unclassified	53	3	1	5	Unclassified	0.01
Patescibacteria	Gracilibacteria	Candidatus_Peregrinibacteria	Unclassified	52.5	18	3	12	Unclassified	0.01
Campylobacterota	Campylobacteria	Campylobacterales	Arcobacteraceae	49.6	10	3	10	Arcobacter	0.01
Patescibacteria	Parcubacteria	Candidatus_Campbellbacteria	Unclassified	49.25	11	3	9	Unclassified	0.01
Chloroflexota	OLB14	Unclassified	Unclassified	48	1	2	5	Unclassified	0.01
Myxococcota	Polyangiia	VHS-B4-70	Unclassified	46	4	1	5	Unclassified	0.01
Ignavibacteriota	Ignavibacteria	Ignavibacteriales	Ignavibacteriaceae	45	4	1	4	Ignavibacterium	0.01
Sva0485	Unclassified	Unclassified	Unclassified	44	3	1	10	Unclassified	0.01
Chloroflexota	Dehalococcoidia	MSBL5	Unclassified	43	9	1	8	Unclassified	0.01
Myxococcota	Polyangiia	MidBa8	Unclassified	42	4	1	7	Unclassified	0.01
Patescibacteria	WWE3	Unclassified	Unclassified	40	4	3	3	Unclassified	0.01
Pseudomonadota	Gammaproteobacteria	Rickettsiellales	Rickettsiellaceae	39	8	3	6	Unclassified	0.01
Pseudomonadota	Zetaproteobacteria	Mariprofundales	Mariprofundaceae	38	5	1	6	Mariprofundus	0.01
Patescibacteria	Microgenomatia	Candidatus_Pacebacteria	Unclassified	38	5	3	4	Unclassified	0.01
Actinomycetota	Acidimicrobiia	Acidimicrobiales	Acidimicrobiaceae	36	3	1	5	Acidiferrimicrobium	0.01
Nitrospinota	P9X2b3D02	Unclassified	Unclassified	36	3	2	7	Unclassified	0.01
Marinimicrobia_(SAR406_clade)	Unclassified	Unclassified	Unclassified	36	5	2	6	Unclassified	0.01
Planctomycetota	Phycisphaerae	mle1-8	Unclassified	36	10	1	7	Unclassified	0.01
Patescibacteria	Parcubacteria	Candidatus_Moranbacteria	Unclassified	35	6	1	7	Unclassified	0.01
Acidobacteriota	Thermoanaerobaculia	Thermoanaerobaculales	Thermoanaerobaculaceae	35	5	4	4	Subgroup_10	0.01
Actinomycetota	Actinobacteria	Unclassified	Unclassified	34	8	2	8	Unclassified	0.01
Pseudomonadota	Alphaproteobacteria	Hyphomicrobiales	C2U	32	2	2	3	Unclassified	0.01
Pseudomonadota	Gammaproteobacteria	Pseudomonadales	Saccharospirillaceae	32	7	1	7	Reinekea	0.01
Bdellovibrionota	Oligoflexia	0319-6G20	Unclassified	31	10	4	11	Unclassified	0.01
Chloroflexota	Chloroflexia	Chloroflexales	Roseiflexaceae	30.5	2	1	4	Unclassified	0.01
Pseudomonadota	Gammaproteobacteria	Pseudomonadales	Unclassified	30	6	4	6	Unclassified	0.01
Verrucomicrobiota	Omnitrophia	Omnitrophales	Omnitrophaceae	30	7	2	6	Candidatus_Omnitrophus	0.01
MBNT15	Unclassified	Unclassified	Unclassified	30	6	1	4	Unclassified	0.01
Pseudomonadota	Alphaproteobacteria	Micavibrionales	Unclassified	30	5	1	5	Unclassified	0.01
Planctomycetota	Phycisphaerae	S-70	Unclassified	28	5	2	4	Unclassified	0.01
Planctomycetota	Unclassified	Unclassified	Unclassified	27	7	3	8	Unclassified	0.01
Pseudomonadota	Gammaproteobacteria	Beggiatoales	Beggiatoaceae	27	5	1	5	Unclassified	0.01
Thermodesulfobacteriota	Desulfobulbia	Desulfobulbales	Unclassified	27	3	1	4	Unclassified	0.01
Acidobacteriota	Subgroup_21	Unclassified	Unclassified	26	1	1	1	Unclassified	0.01
Bacteroidota	Bacteroidia	Cytophagales	Microscillaceae	26	4	2	5	Unclassified	0.01
Pseudomonadota	Gammaproteobacteria	Burkholderiales	Comamonadaceae	24	1	2	1	Azohydromonas	0.01
Pseudomonadota	Alphaproteobacteria	Rhodospirillales	Rhodospirillaceae	24	1	1	4	Roseospirillum	0.01
Verrucomicrobiota	Verrucomicrobiia	Methylacidiphilales	Methylacidiphilaceae	23	6	2	6	Unclassified	0.01
Acidobacteriota	Acidobacteriae	Subgroup_15	Unclassified	23	3	1	2	Unclassified	0.01
Acidobacteriota	Acidobacteriae	Bryobacterales	Bryobacteraceae	23	5	1	5	Bryobacter	0.01
Patescibacteria	ABY1	Candidatus_Uhrbacteria	Unclassified	22	5	1	3	Unclassified	0.01
Pseudomonadota	Alphaproteobacteria	Parvibaculales	PS1_clade	22	2	2	3	Unclassified	0.01
Pseudomonadota	Gammaproteobacteria	Steroidobacterales	Steroidobacteraceae	22	1	2	1	Steroidobacter	0.01
Thermodesulfobacteriota	Desulfobulbia	Desulfobulbales	Desulfurivibrionaceae	22	3	1	3	MSBL7	0.01
Patescibacteria	ABY1	Candidatus_Magasanikbacteria	Unclassified	21	6	1	5	Unclassified	0.01
Patescibacteria	Gracilibacteria	Absconditabacteriales_(SR1)	Unclassified	20.25	3	3	4	Unclassified	0.01
Verrucomicrobiota	Verrucomicrobiia	Pedosphaerales	Pedosphaeraceae	20	5	3	6	Unclassified	0.01
Entotheonellaeota	Entotheonellia	Entotheonellales	Entotheonellaceae	20	5	1	6	Candidatus_Entotheonella	0.01
Pseudomonadota	Gammaproteobacteria	Ga0077536	Unclassified	20	3	2	3	Unclassified	0.01
Chloroflexota	Anaerolineae	RBG-13-54-9	Unclassified	19.5	5	1	5	Unclassified	0.01
Pseudomonadota	Gammaproteobacteria	Burkholderiales	Nitrosomonadaceae	19	3	2	3	Nitrosomonas	0.01
Patescibacteria	Dojkabacteria	Unclassified	Unclassified	19	5	3	6	Unclassified	0.01
Pseudomonadota	Gammaproteobacteria	Enterobacterales	Idiomarinaceae	18	1	1	1	Aliidiomarina	0.01
Pseudomonadota	Gammaproteobacteria	Methylococcales	Methylomonadaceae	17.5	1	3	1	Methylomarinum	0
Spirochaetota	Leptospirae	Leptospirales	Leptospiraceae	17	9	2	7	Unclassified	0
Chloroflexota	Chloroflexia	Thermomicrobiales	AKYG1722	17	2	2	4	Unclassified	0
Chloroflexota	Anaerolineae	Thermoflexales	Thermoflexaceae	17	4	1	4	Thermoflexus	0
Schekmanbacteria	Unclassified	Unclassified	Unclassified	17	4	3	4	Unclassified	0
Pseudomonadota	Alphaproteobacteria	Rickettsiales	Unclassified	17	1	1	2	Unclassified	0
Thermodesulfobacteriota	Desulfovibrionia	Desulfovibrionales	Desulfomicrobiaceae	17	2	1	3	Desulfomicrobium	0
Pseudomonadota	Alphaproteobacteria	Azospirillales	Azospirillaceae	16.7	3	4	3	Unclassified	0
Pseudomonadota	Alphaproteobacteria	Hyphomicrobiales	Xanthobacteraceae	16	1	1	1	Unclassified	0
Bacteroidota	Bacteroidia	Sphingobacteriales	Lentimicrobiaceae	15	3	1	5	Unclassified	0
Pseudomonadota	Gammaproteobacteria	EC3	Unclassified	15	2	3	2	Unclassified	0
Myxococcota	Polyangiia	Polyangiales	Eel-36e1D6	15	1	1	2	Unclassified	0
Thermodesulfobacteriota	Desulfovibrionia	Desulfovibrionales	Desulfovibrionaceae	15	7	1	6	Pseudodesulfovibrio	0
Bacillota	Bacilli	Bacillales	Unclassified	15	1	1	1	Unclassified	0
Chlamydiota	Chlamydiia	Chlamydiales	Simkaniaceae	14	7	1	5	Candidatus_Fritschea	0
Nanoarchaeota	Nanoarchaeia	Woesearchaeales	Unclassified	14	2	2	2	Unclassified	0
Thermodesulfobacteriota	Unclassified	Unclassified	Unclassified	14	6	2	6	Unclassified	0
Actinomycetota	Actinobacteria	Pseudonocardiales	Pseudonocardiaceae	14	2	1	2	Thermotunica	0
Myxococcota	Polyangiia	Polyangiales	Phaselicystaceae	13	2	1	2	Phaselicystis	0
Ignavibacteriota	Ignavibacteria	Ignavibacteriales	Unclassified	13	1	1	3	Unclassified	0
FW113	Unclassified	Unclassified	Unclassified	13	3	1	3	Unclassified	0
Myxococcota	Polyangiia	Blfdi19	Unclassified	12	3	1	3	Unclassified	0
Chloroflexota	Anaerolineae	SJA-15	Unclassified	12	1	1	3	Unclassified	0
DTB120	Unclassified	Unclassified	Unclassified	12	1	2	1	Unclassified	0
Thermodesulfobacteriota	Desulfuromonadia	Desulfuromonadales	Geothermobacteraceae	12	1	1	1	Geothermobacter	0
Bacteroidota	Bacteroidia	Chitinophagales	37-13	11	2	2	2	Unclassified	0
Patescibacteria	Parcubacteria	Unclassified	Unclassified	11	2	2	2	Unclassified	0
Patescibacteria	Parcubacteria	GWA2-38-13b	Unclassified	11	3	2	4	Unclassified	0
Actinomycetota	Acidimicrobiia	Unclassified	Unclassified	11	2	1	2	Unclassified	0
Cyanobacteriota	Cyanobacteriia	Cyanobacteriales	Geitlerinemaceae	11	1	1	3	Geitlerinema_PCC-7105	0
LCP-89	Unclassified	Unclassified	Unclassified	10	4	3	3	Unclassified	0
Chloroflexota	Dehalococcoidia	SAR202_clade	Unclassified	10	2	1	2	Unclassified	0
Actinomycetota	Actinobacteria	KIST-JJY010	Unclassified	10	3	1	3	Unclassified	0
Myxococcota	Polyangiia	Polyangiales	BIrii41	10	1	2	1	Unclassified	0
Chloroflexota	Anaerolineae	1-20	Unclassified	10	1	1	4	Unclassified	0
Pseudomonadota	Alphaproteobacteria	Hyphomicrobiales	Rhodobiaceae	10	1	2	2	Afifella	0
Patescibacteria	ABY1	Candidatus_Kuenenbacteria	Unclassified	10	1	1	3	Unclassified	0
Thermodesulfobacteriota	Desulfuromonadia	Bradymonadales	Unclassified	10	3	1	4	Unclassified	0
Myxococcota	Unclassified	Unclassified	Unclassified	9	4	4	3	Unclassified	0
Patescibacteria	Parcubacteria	Candidatus_Yanofskybacteria	Unclassified	9	2	1	2	Unclassified	0
Sumerlaeota	Sumerlaeia	Sumerlaeales	Sumerlaeaceae	8	2	1	2	Sumerlaea	0
Pseudomonadota	Gammaproteobacteria	Pseudomonadales	Pseudohongiellaceae	8	2	2	2	Pseudohongiella	0
Pseudomonadota	Gammaproteobacteria	Legionellales	Legionellaceae	8	1	1	2	Unclassified	0
Pseudomonadota	Unclassified	Unclassified	Unclassified	7.75	3	3	3	Unclassified	0
Pseudomonadota	Gammaproteobacteria	Enterobacterales	Vibrionaceae	7.5	1	3	1	Unclassified	0
Myxococcota	bacteriap25	Unclassified	Unclassified	7	4	2	3	Unclassified	0
Chloroflexota	Chloroflexia	Thermomicrobiales	JG30-KF-CM45	7	3	2	2	Unclassified	0
Cyanobacteriota	Cyanobacteriia	Cyanobacteriales	Unclassified	6.5	2	3	2	Unclassified	0
Pseudomonadota	Gammaproteobacteria	UBA4486	Unclassified	6	2	1	2	Unclassified	0
Bacteroidota	Bacteroidia	Bacteroidales	Tannerellaceae	6	1	1	1	Macellibacteroides	0
Chloroflexota	Gitt-GS-136	Unclassified	Unclassified	6	1	1	1	Unclassified	0
Patescibacteria	Parcubacteria	Candidatus_Nomurabacteria	Unclassified	6	2	2	2	Unclassified	0
Nitrospirota	BMS9AB35	Unclassified	Unclassified	6	1	1	1	Unclassified	0
Actinomycetota	Actinobacteria	Micrococcales	Bogoriellaceae	6	1	1	1	Georgenia	0
Bdellovibrionota	Bacteriovoracia	Bacteriovoracales	Bacteriovoracaceae	6	1	1	1	Peredibacter	0
Pseudomonadota	Gammaproteobacteria	Enterobacterales	Shewanellaceae	5.38	2	1	2	Shewanella	0
Pseudomonadota	Alphaproteobacteria	Zavarziniales	Unclassified	5	2	1	2	Unclassified	0
Actinomycetota	Thermoleophilia	Gaiellales	Unclassified	5	3	1	3	Unclassified	0
Acidobacteriota	Subgroup_18	Unclassified	Unclassified	5	1	1	1	Unclassified	0
Patescibacteria	ABY1	Candidatus_Komeilibacteria	Unclassified	5	3	1	3	Unclassified	0
Pseudomonadota	Alphaproteobacteria	Rickettsiales	AB1	5	2	3	2	Unclassified	0
Chloroflexota	Chloroflexia	Chloroflexales	Chloroflexaceae	5	1	1	1	Candidatus_Chlorothrix	0
Halobacteriota	Halobacteria	Halobacterales	Halococcaceae	5	1	1	2	Halococcus	0
Patescibacteria	CPR2	Unclassified	Unclassified	5	1	1	1	Unclassified	0
Patescibacteria	Gracilibacteria	JGI_0000069-P22	Unclassified	4.5	2	3	2	Unclassified	0
Actinomycetota	Actinobacteria	Actinomycetales	Actinomycetaceae	4.5	1	1	1	Unclassified	0
Bacteroidota	Bacteroidia	Cytophagales	Spirosomataceae	4.5	2	1	2	Jiulongibacter	0
Pseudomonadota	Alphaproteobacteria	Thalassobaculales	Nisaeaceae	4	1	2	1	Nisaea	0
Dependentiae	Babeliae	Babeliales	Unclassified	4	1	1	1	Unclassified	0
Pseudomonadota	Gammaproteobacteria	Burkholderiales	SC-I-84	4	1	2	1	Unclassified	0
Pseudomonadota	Alphaproteobacteria	Parvibaculales	Parvibaculaceae	4	1	1	1	Unclassified	0
Bacteroidota	Bacteroidia	Bacteroidales	Marinifilaceae	4	1	1	2	Unclassified	0
Patescibacteria	ABY1	Candidatus_Kerfeldbacteria	Unclassified	4	3	2	2	Unclassified	0
Cyanobacteriota	Cyanobacteriia	Cyanobacteriales	Oscillatoriaceae	4	2	1	2	Planktothricoides_SR001	0
Acidobacteriota	Blastocatellia	Elev-16S-573	Unclassified	4	1	1	1	Unclassified	0
Nitrospirota	4-29-1	Unclassified	Unclassified	4	1	1	1	Unclassified	0
Latescibacterota	Latescibacteria	Latescibacterales	Latescibacteraceae	3.5	3	1	2	Unclassified	0
Patescibacteria	Gracilibacteria	Candidatus_Abawacabacteria	Unclassified	3	1	1	1	Unclassified	0
Modulibacteria	Moduliflexia	Moduliflexales	Moduliflexaceae	3	1	1	1	Unclassified	0
Chloroflexota	TK17	Unclassified	Unclassified	3	1	1	1	Unclassified	0
Actinomycetota	Unclassified	Unclassified	Unclassified	3	1	1	1	Unclassified	0
Pseudomonadota	Alphaproteobacteria	Hyphomicrobiales	Beijerinckiaceae	3	1	1	1	Microvirga	0
Actinomycetota	Actinobacteria	Streptosporangiales	Unclassified	2.68	1	2	1	Unclassified	0
Pseudomonadota	Gammaproteobacteria	WN-HWB-116	Unclassified	2	1	1	1	Unclassified	0
Planctomycetota	Brocadiae	Brocadiales	Brocadiaceae	2	1	1	1	Candidatus_Kuenenia	0
Gemmatimonadota	Longimicrobiia	Longimicrobiales	Longimicrobiaceae	2	1	2	1	Unclassified	0
Patescibacteria	Unclassified	Unclassified	Unclassified	2	1	1	1	Unclassified	0
Actinomycetota	Actinobacteria	Micrococcales	Demequinaceae	2	1	1	1	Demequina	0
Verrucomicrobiota	Verrucomicrobiia	Opitutales	Opitutaceae	2	1	1	1	Diplosphaera	0
Pseudomonadota	Alphaproteobacteria	Caulobacterales	Unclassified	2	1	1	1	Unclassified	0
Pseudomonadota	Gammaproteobacteria	Enterobacterales	Erwiniaceae	2	1	1	1	Unclassified	0
Patescibacteria	Gracilibacteria	Candidatus_Peribacteria	Unclassified	1.5	1	3	1	Unclassified	0
Campylobacterota	Campylobacteria	Campylobacterales	Rs-M59_termite_group	1.5	1	2	1	Unclassified	0
Myxococcota	Polyangiia	PS-B29	Unclassified	1	1	1	1	Unclassified	0
Chloroflexota	Chloroflexia	Kallotenuales	AKIW781	1	1	1	1	Unclassified	0
Pseudomonadota	Gammaproteobacteria	Burkholderiales	Unclassified	1	1	1	1	Unclassified	0
Verrucomicrobiota	Verrucomicrobiia	Verrucomicrobiales	Unclassified	1	1	1	1	Unclassified	0
Pseudomonadota	Gammaproteobacteria	Pseudomonadales	211ds20	1	1	1	1	Unclassified	0
Acidobacteriota	Acidobacteriae	TSBb06	Unclassified	1	1	1	1	Unclassified	0
Verrucomicrobiota	Unclassified	Unclassified	Unclassified	1	1	1	1	Unclassified	0
Bdellovibrionota	Oligoflexia	Oligoflexales	Oligoflexaceae	1	1	1	1	Unclassified	0
Patescibacteria	Saccharimonadia	Saccharimonadales	Saccharimonadaceae	0.75	1	3	1	Unclassified	0
Patescibacteria	Microgenomatia	Candidatus_Woesebacteria	Unclassified	0.75	1	3	1	Unclassified	0
