Phylum	Class	Order	Family	Genus	contribution	n_asvs	n_ecs	n_samples	pct
Actinomycetota	Rubrobacteria	Rubrobacterales	Rubrobacteriaceae	Rubrobacter	25410	25	1	24	7.17
Actinomycetota	Actinobacteria	Euzebyales	Euzebyaceae	Unclassified	22934	51	1	24	6.47
Actinomycetota	Actinobacteria	Nitriliruptorales	Nitriliruptoraceae	Unclassified	19195	88	1	24	5.42
Actinomycetota	Acidimicrobiia	Microtrichales	Ilumatobacteraceae	Ilumatobacter	15555	53	1	24	4.39
Myxococcota	Polyangiia	Polyangiales	Sandaracinaceae	Unclassified	14189	168	3	24	4
Pseudomonadota	Gammaproteobacteria	Pseudomonadales	Marinobacteraceae	Marinobacter	11996.65	13	4	24	3.39
Bacteroidota	Bacteroidia	Chitinophagales	Saprospiraceae	Lewinella	10741	89	2	24	3.03
Bacteroidota	Bacteroidia	Chitinophagales	Saprospiraceae	Unclassified	10254	316	4	24	2.89
Chloroflexota	Anaerolineae	Aggregatilineales	A4b	Unclassified	10250	162	4	24	2.89
Bacteroidota	Bacteroidia	Flavobacteriales	Flavobacteriaceae	Gramella	9493	16	2	23	2.68
Pseudomonadota	Alphaproteobacteria	Rhodobacterales	Paracoccaceae	Unclassified	9428	138	4	24	2.66
Rhodothermota	Rhodothermia	Rhodothermales	Rhodothermaceae	Rubrivirga	8638	93	1	24	2.44
Pseudomonadota	Gammaproteobacteria	Steroidobacterales	Woeseiaceae	Woeseia	7366	81	3	24	2.08
Pseudomonadota	Alphaproteobacteria	Unclassified	Neomegalonemataceae	Acuticoccus	7113	17	3	22	2.01
Rhodothermota	Rhodothermia	Rhodothermales	Rhodothermaceae	Unclassified	6102	89	4	24	1.72
Actinomycetota	Acidimicrobiia	Actinomarinales	Unclassified	Unclassified	6027	57	2	24	1.7
Chloroflexota	Anaerolineae	Caldilineales	Caldilineaceae	Unclassified	6000	54	2	24	1.69
Actinomycetota	Acidimicrobiia	Microtrichales	Unclassified	Unclassified	5602	19	1	23	1.58
Pseudomonadota	Gammaproteobacteria	Unclassified	Unclassified	Unclassified	5144.75	245	4	24	1.45
Pseudomonadota	Alphaproteobacteria	Hyphomicrobiales	Rhizobiaceae	Unclassified	4066	20	2	22	1.15
Chloroflexota	Anaerolineae	Anaerolineales	Anaerolineaceae	Unclassified	3742	52	3	22	1.06
Thermodesulfobacteriota	Desulfobulbia	Desulfobulbales	Desulfocapsaceae	Unclassified	2943	48	2	24	0.83
Bacteroidota	Bacteroidia	Flavobacteriales	Cryomorphaceae	Owenweeksia	2816	39	2	21	0.79
Pseudomonadota	Alphaproteobacteria	Kiloniellales	Kiloniellaceae	Pelagibius	2773	24	2	19	0.78
Pseudomonadota	Alphaproteobacteria	Rhodobacterales	Paracoccaceae	Silicimonas	2601	9	3	21	0.73
Chloroflexota	Anaerolineae	Ardenticatenales	Unclassified	Unclassified	2573	32	3	17	0.73
Bacteroidota	Bacteroidia	Flavobacteriales	Flavobacteriaceae	Unclassified	2443.99	78	3	22	0.69
Bacteroidota	Bacteroidia	Bacteroidales	Prolixibacteraceae	Unclassified	2340	44	3	23	0.66
Bacteroidota	Bacteroidia	Flavobacteriales	Flavobacteriaceae	Hoppeia	2188	32	3	22	0.62
Pseudomonadota	Gammaproteobacteria	EPR3968-O8a-Bc78	Unclassified	Unclassified	2064	65	2	19	0.58
Pseudomonadota	Alphaproteobacteria	Micavibrionales	Micavibrionaceae	Unclassified	2021	96	2	24	0.57
Thermodesulfobacteriota	Desulfobacteria	Desulfobacterales	Desulfosarcinaceae	Unclassified	1943	55	2	21	0.55
Bacteroidota	Bacteroidia	Flavobacteriales	Flavobacteriaceae	Robiginitalea	1900	36	1	21	0.54
Actinomycetota	Acidimicrobiia	Microtrichales	Iamiaceae	Iamia	1878	1	1	17	0.53
Pseudomonadota	Gammaproteobacteria	Pseudomonadales	Alcanivoracaceae	Ketobacter	1872	17	4	20	0.53
Pseudomonadota	Gammaproteobacteria	Beggiatoales	Leucotrichaceae	Unclassified	1828	25	3	19	0.52
Nitrospirota	Nitrospiria	Nitrospirales	Nitrospiraceae	Nitrospira	1678	7	3	10	0.47
Pseudomonadota	Alphaproteobacteria	Unclassified	Unclassified	Unclassified	1650	56	4	24	0.47
Pseudomonadota	Gammaproteobacteria	HOC36	Unclassified	Unclassified	1649	27	4	23	0.47
Pseudomonadota	Gammaproteobacteria	Chromatiales	Chromatiaceae	Thiophaeococcus	1644	3	1	4	0.46
Deinococcota	Deinococci	Deinococcales	Trueperaceae	Truepera	1619	34	4	24	0.46
Bacteroidota	Bacteroidia	Flavobacteriales	Cryomorphaceae	Vicingus	1500	49	2	22	0.42
Cyanobacteriota	Cyanobacteriia	Cyanobacteriales	Xenococcaceae	Pleurocapsa_PCC-7319	1457	12	1	14	0.41
Bacteroidota	Bacteroidia	Flavobacteriales	Flavobacteriaceae	Sufflavibacter	1380	7	1	19	0.39
Verrucomicrobiota	Verrucomicrobiia	Verrucomicrobiales	DEV007	Unclassified	1366	69	2	20	0.39
Bdellovibrionota	Bdellovibrionia	Bdellovibrionales	Pseudobdellovibrionaceae	OM27_clade	1359	46	3	23	0.38
Balneolota	Balneolia	Balneolales	Balneolaceae	Unclassified	1338	35	2	23	0.38
Actinomycetota	Actinobacteria	Frankiales	Sporichthyaceae	Sporichthya	1296	1	1	10	0.37
Bacteroidota	Bacteroidia	Chitinophagales	Saprospiraceae	Phaeodactylibacter	1235.5	28	2	21	0.35
Bacteroidota	Bacteroidia	Chitinophagales	Unclassified	Unclassified	1193.33	76	4	22	0.34
Verrucomicrobiota	Verrucomicrobiia	Verrucomicrobiales	Rubritaleaceae	Haloferula	1183	38	1	22	0.33
Chloroflexota	Anaerolineae	Aggregatilineales	Unclassified	Unclassified	1089	56	2	23	0.31
Pseudomonadota	Gammaproteobacteria	Chromatiales	Chromatiaceae	Candidatus_Thiobios	1083	10	3	18	0.31
Pseudomonadota	Alphaproteobacteria	Hyphomicrobiales	Rhizobiaceae	Oricola	1080	4	1	23	0.3
Bacteroidota	Bacteroidia	Chitinophagales	Saprospiraceae	Aureispira	1070	9	1	14	0.3
Thermodesulfobacteriota	Desulfobacteria	Desulfobacterales	Unclassified	Unclassified	1056	39	3	14	0.3
Thermodesulfobacteriota	Desulfobulbia	Desulfobulbales	Desulfobulbaceae	Unclassified	1041	53	1	19	0.29
Pseudomonadota	Alphaproteobacteria	Hyphomicrobiales	Methyloligellaceae	Methyloceanibacter	1020	2	1	22	0.29
Pseudomonadota	Alphaproteobacteria	Rhodobacterales	Paracoccaceae	Actibacterium	1001	5	3	15	0.28
Pseudomonadota	Alphaproteobacteria	Sphingomonadales	Sphingomonadaceae	Parasphingopyxis	991	14	1	23	0.28
Thermodesulfobacteriota	Desulfobacteria	Desulfobacterales	Desulfosarcinaceae	Sva0081_sediment_group	964	25	1	21	0.27
Pseudomonadota	Gammaproteobacteria	Ectothiorhodospirales	Ectothiorhodospiraceae	Thiogranum	961	17	3	12	0.27
Rhodothermota	Rhodothermia	Rhodothermales	Rhodothermaceae	Rubricoccus	942	41	2	24	0.27
Pseudomonadota	Gammaproteobacteria	Milano-WF1B-44	Unclassified	Unclassified	915	7	3	13	0.26
Thermodesulfobacteriota	Desulfobacteria	Desulfobacterales	Desulfosarcinaceae	Desulfatitalea	908	19	2	16	0.26
Chloroflexota	Anaerolineae	Ardenticatenales	Ardenticatenaceae	Unclassified	899	4	4	10	0.25
Bacteroidota	Bacteroidia	Flavobacteriales	Flavobacteriaceae	Flavimarina	854	12	1	22	0.24
Pseudomonadota	Gammaproteobacteria	B2M28	Unclassified	Unclassified	853	18	3	15	0.24
Pseudomonadota	Alphaproteobacteria	Rhodobacterales	Paracoccaceae	Defluviimonas	830	2	4	3	0.23
Pseudomonadota	Alphaproteobacteria	Hyphomicrobiales	Lutibaculaceae	Lutibaculum	828	3	1	12	0.23
Verrucomicrobiota	Verrucomicrobiia	Verrucomicrobiales	Rubritaleaceae	Roseibacillus	823	32	1	19	0.23
Pseudomonadota	Gammaproteobacteria	Pseudomonadales	Halieaceae	Unclassified	819	29	3	16	0.23
Pseudomonadota	Gammaproteobacteria	Enterobacterales	Pseudoalteromonadaceae	Pseudoalteromonas	810	3	2	9	0.23
Thermodesulfobacteriota	Desulfobacteria	Desulfatiglandales	Desulfatiglandaceae	Desulfatiglans	807	57	1	20	0.23
Pseudomonadota	Gammaproteobacteria	Pseudomonadales	KI89A_clade	Unclassified	794	32	1	23	0.22
Chloroflexota	Anaerolineae	Unclassified	Unclassified	Unclassified	768	27	2	20	0.22
Pseudomonadota	Gammaproteobacteria	Ectothiorhodospirales	Thioalkalispiraceae	Unclassified	742	13	4	12	0.21
Actinomycetota	Actinobacteria	Euzebyales	Euzebyaceae	Euzebya	741	10	1	23	0.21
Pseudomonadota	Gammaproteobacteria	Pseudomonadales	Cellvibrionaceae	Unclassified	733.54	24	4	16	0.21
Pseudomonadota	Alphaproteobacteria	Sphingomonadales	Sphingomonadaceae	Novosphingobium	720	1	1	19	0.2
Patescibacteria	Saccharimonadia	Saccharimonadales	Unclassified	Unclassified	703.25	66	4	23	0.2
Latescibacterota	Unclassified	Unclassified	Unclassified	Unclassified	685	57	3	23	0.19
Thermodesulfobacteriota	Desulfobulbia	Desulfobulbales	Desulfobulbaceae	Candidatus_Electrothrix	666	15	1	12	0.19
Pseudomonadota	Gammaproteobacteria	Granulosicoccales	Granulosicoccaceae	Granulosicoccus	657	10	2	13	0.19
Pseudomonadota	Gammaproteobacteria	Pseudomonadales	Halomonadaceae	Halomonas	654	6	4	8	0.18
Bacteroidota	Bacteroidia	Cytophagales	Flammeovirgaceae	Unclassified	650	7	3	11	0.18
Myxococcota	Myxococcia	Myxococcales	Myxococcaceae	P3OB-42	646	20	2	14	0.18
Pseudomonadota	Gammaproteobacteria	Pseudomonadales	Microbulbiferaceae	Microbulbifer	635.5	11	2	12	0.18
Bacteroidota	Bacteroidia	Flavobacteriales	Flavobacteriaceae	Muricauda	625.5	20	2	17	0.18
Bacteroidota	Bacteroidia	Bacteroidetes_VC2.1_Bac22	Unclassified	Unclassified	624	9	2	15	0.18
Pseudomonadota	Gammaproteobacteria	Unclassified	Unclassified	Marinicella	618	20	2	14	0.17
Pseudomonadota	Gammaproteobacteria	Arenicellales	Arenicellaceae	Candidatus_Thiosymbion	618	2	3	2	0.17
Thermodesulfobacteriota	Desulfobacteria	Desulfobacterales	Desulfosarcinaceae	SEEP-SRB1	610	18	1	20	0.17
Calditrichota	Calditrichia	Calditrichales	Calditrichaceae	Caldithrix	608	16	2	19	0.17
Pseudomonadota	Alphaproteobacteria	Sphingomonadales	Sphingomonadaceae	Unclassified	598	14	2	22	0.17
Pseudomonadota	Gammaproteobacteria	Chromatiales	Sedimenticolaceae	Candidatus_Thiodiazotropha	558	4	4	8	0.16
Actinomycetota	Thermoleophilia	Solirubrobacterales	Solirubrobacteraceae	Patulibacter	558	2	1	8	0.16
Pseudomonadota	Gammaproteobacteria	Thiomicrospirales	Thiomicrospiraceae	endosymbionts	552	4	3	5	0.16
Actinomycetota	Thermoleophilia	Solirubrobacterales	67-14	Unclassified	548	26	2	19	0.15
Pseudomonadota	Gammaproteobacteria	Pseudomonadales	Halieaceae	Pseudohaliea	546	7	1	20	0.15
Pseudomonadota	Alphaproteobacteria	Rhodobacterales	Paracoccaceae	Limibaculum	528	2	3	12	0.15
Planctomycetota	OM190	Unclassified	Unclassified	Unclassified	517	57	3	22	0.15
Pseudomonadota	Gammaproteobacteria	JTB23	Unclassified	Unclassified	511	9	3	12	0.14
Bacteroidota	Bacteroidia	Cytophagales	Cyclobacteriaceae	Unclassified	504	20	4	17	0.14
Pseudomonadota	Alphaproteobacteria	Hyphomicrobiales	Devosiaceae	Unclassified	496	16	1	19	0.14
Planctomycetota	Phycisphaerae	CCM11a	Unclassified	Unclassified	481	36	2	14	0.14
Bacteroidota	Bacteroidia	Flavobacteriales	Cryomorphaceae	Unclassified	474	32	2	17	0.13
Myxococcota	Polyangiia	Haliangiales	Haliangiaceae	Unclassified	447	42	1	23	0.13
Pseudomonadota	Alphaproteobacteria	Hyphomicrobiales	Hyphomicrobiaceae	Filomicrobium	440	5	2	20	0.12
Chloroflexota	Anaerolineae	Aggregatilineales	Aggregatilineaceae	Unclassified	440	23	2	17	0.12
Pseudomonadota	Alphaproteobacteria	Hyphomicrobiales	Unclassified	Bauldia	420	5	2	12	0.12
Thermodesulfobacteriota	Desulfobulbia	Desulfobulbales	Desulfocapsaceae	Desulfopila	419	15	2	17	0.12
Acidobacteriota	Blastocatellia	Blastocatellales	Blastocatellaceae	Blastocatella	418	8	1	12	0.12
Pseudomonadota	Gammaproteobacteria	Pseudomonadales	Spongiibacteraceae	BD1-7_clade	415	7	4	9	0.12
Calditrichota	Calditrichia	Calditrichales	Calditrichaceae	Unclassified	412	15	2	15	0.12
Gemmatimonadota	PAUC43f_marine_benthic_group	Unclassified	Unclassified	Unclassified	412	20	1	20	0.12
NB1-j	Unclassified	Unclassified	Unclassified	Unclassified	411	49	3	18	0.12
Acidobacteriota	Holophagae	Acanthopleuribacterales	Acanthopleuribacteraceae	Acanthopleuribacter	410	21	3	12	0.12
Pseudomonadota	Alphaproteobacteria	Hyphomicrobiales	Rhizobiaceae	Roseitalea	409	5	1	8	0.12
Pseudomonadota	Gammaproteobacteria	UBA10353_marine_group	Unclassified	Unclassified	401	2	3	11	0.11
Unclassified	Unclassified	Unclassified	Unclassified	Unclassified	397.42	118	4	24	0.11
Pseudomonadota	Alphaproteobacteria	Hyphomicrobiales	Unclassified	Anderseniella	392	3	2	13	0.11
Thermodesulfobacteriota	Desulfobacteria	Desulfobacterales	Desulfosarcinaceae	Desulfosudis	389	12	1	7	0.11
Bacteroidota	Bacteroidia	Bacteroidales	Prolixibacteraceae	Draconibacterium	386	11	1	15	0.11
Pseudomonadota	Gammaproteobacteria	Pseudomonadales	Halieaceae	Parahaliea	382	14	3	17	0.11
Bacteroidota	Bacteroidia	Cytophagales	Cyclobacteriaceae	Fulvivirga	381	14	3	24	0.11
Pseudomonadota	Gammaproteobacteria	Chromatiales	Sedimenticolaceae	Sedimenticola	375	9	3	10	0.11
Thermodesulfobacteriota	Desulfobacteria	Desulfobacterales	Desulfosarcinaceae	Desulfosarcina	374.5	22	1	18	0.11
Patescibacteria	Parcubacteria	Candidatus_Kaiserbacteria	Unclassified	Unclassified	359.5	46	3	20	0.1
Actinomycetota	Acidimicrobiia	Microtrichales	Microtrichaceae	IMCC26207	352	3	1	17	0.1
Chloroflexota	JG30-KF-CM66	Unclassified	Unclassified	Unclassified	340	8	2	11	0.1
Bacteroidota	Bacteroidia	Flavobacteriales	Crocinitomicaceae	Crocinitomix	339	21	3	15	0.1
Pseudomonadota	Gammaproteobacteria	Ectothiorhodospirales	Thioalkalispiraceae	Thiohalophilus	336	9	2	9	0.09
Balneolota	Balneolia	Balneolales	Balneolaceae	Gracilimonas	327.5	13	2	16	0.09
Candidatus_Eremiobacterota	Eremiobacteria	Unclassified	Unclassified	Unclassified	314	10	1	16	0.09
Candidatus_Kapabacteria	Kapabacteria	Kapabacteriales	Unclassified	Unclassified	296	28	3	20	0.08
Bacteroidota	Bacteroidia	Chitinophagales	Saprospiraceae	Portibacter	296	16	2	17	0.08
Bacteroidota	Bacteroidia	Cytophagales	Unclassified	Unclassified	294.5	4	3	11	0.08
Myxococcota	Polyangiia	Polyangiales	Sandaracinaceae	Sandaracinus	292	13	2	18	0.08
Pseudomonadota	Alphaproteobacteria	Rhodobacterales	Paracoccaceae	Halovulum	291	5	1	12	0.08
Pseudomonadota	Gammaproteobacteria	Pseudomonadales	Halieaceae	Haliea	286	8	1	18	0.08
Pseudomonadota	Alphaproteobacteria	Kiloniellales	Kiloniellaceae	Unclassified	284	9	3	16	0.08
Pseudomonadota	Alphaproteobacteria	Hyphomicrobiales	Unclassified	Unclassified	282	17	4	13	0.08
Nitrospinota	Nitrospinia	Nitrospinales	Nitrospinaceae	Nitrospina	280	3	2	4	0.08
Bacteroidota	Bacteroidia	Flavobacteriales	Flavobacteriaceae	Hanstruepera	279.5	4	3	10	0.08
Pseudomonadota	Gammaproteobacteria	pItb-vmat-80	Unclassified	Unclassified	276	6	3	8	0.08
Bacteroidota	Bacteroidia	Sphingobacteriales	AKYH767	Unclassified	268	3	2	6	0.08
Acidobacteriota	Acidobacteriae	PAUC26f	Unclassified	Unclassified	262	18	3	14	0.07
Pseudomonadota	Gammaproteobacteria	Pseudomonadales	Hahellaceae	Hahella	259	1	4	4	0.07
Campylobacterota	Campylobacteria	Campylobacterales	Sulfurovaceae	Sulfurovum	257	7	3	6	0.07
Chloroflexota	KD4-96	Unclassified	Unclassified	Unclassified	255	5	1	16	0.07
Acidobacteriota	Vicinamibacteria	Vicinamibacterales	Unclassified	Unclassified	254	13	2	12	0.07
Pseudomonadota	Alphaproteobacteria	Hyphomicrobiales	Rhizobiaceae	Pseudahrensia	253	6	2	12	0.07
Acidobacteriota	Vicinamibacteria	Subgroup_17	Unclassified	Unclassified	252	6	2	16	0.07
Bacteroidota	Bacteroidia	Flavobacteriales	Flavobacteriaceae	Actibacter	245	4	1	17	0.07
Pseudomonadota	Gammaproteobacteria	Pseudomonadales	OM182_clade	Unclassified	244	19	1	15	0.07
Myxococcota	Polyangiia	Nannocystales	Nannocystaceae	Unclassified	239	13	2	17	0.07
Actinomycetota	Actinobacteria	Micrococcales	Unclassified	Unclassified	238.5	10	2	7	0.07
Pseudomonadota	Alphaproteobacteria	Hyphomicrobiales	Stappiaceae	Roseibium	234	2	3	8	0.07
Pseudomonadota	Gammaproteobacteria	Pseudomonadales	Porticoccaceae	C1-B045	231.25	6	3	11	0.07
Actinomycetota	Acidimicrobiia	Microtrichales	Microtrichaceae	Sva0996_marine_group	225	10	1	16	0.06
Sumerlaeota	Sumerlaeia	Unclassified	Unclassified	Unclassified	224	22	3	12	0.06
Pseudomonadota	Alphaproteobacteria	Hyphomicrobiales	Devosiaceae	Pelagibacterium	221	3	1	14	0.06
Ignavibacteriota	Ignavibacteria	Ignavibacteriales	Melioribacteraceae	IheB3-7	218	26	2	21	0.06
Campylobacterota	Campylobacteria	Campylobacterales	Sulfurimonadaceae	Sulfurimonas	217.5	17	3	13	0.06
SAR324_clade(Marine_group_B)	Unclassified	Unclassified	Unclassified	Candidatus_Nitrosoarchaeum	215	35	3	20	0.06
Bacteroidota	Bacteroidia	Unclassified	Unclassified	Unclassified	214.67	34	4	21	0.06
Pseudomonadota	Gammaproteobacteria	Pseudomonadales	Hahellaceae	Allohahella	209	6	4	7	0.06
Hydrogenedentes	Hydrogenedentia	Hydrogenedentiales	Hydrogenedensaceae	Unclassified	208	4	1	4	0.06
Bacteroidota	Bacteroidia	Flavobacteriales	Flavobacteriaceae	Maritimimonas	206	3	1	3	0.06
Pseudomonadota	Alphaproteobacteria	Rickettsiales	SM2D12	Unclassified	203	9	4	12	0.06
Nitrospirota	Thermodesulfovibrionia	Thermodesulfovibrionales	Thermodesulfovibrionaceae	Thermodesulfovibrio	203	2	2	9	0.06
Chloroflexota	Anaerolineae	Anaerolineales	Anaerolineaceae	Thermomarinilinea	200	4	2	5	0.06
Planctomycetota	Planctomycetes	Pirellulales	Pirellulaceae	Pir4_lineage	198	3	3	6	0.06
Planctomycetota	Phycisphaerae	Phycisphaerales	Phycisphaeraceae	SM1A02	198	26	4	18	0.06
Verrucomicrobiota	Verrucomicrobiia	Verrucomicrobiales	Rubritaleaceae	Rubritalea	194.67	11	1	14	0.05
Pseudomonadota	Gammaproteobacteria	AT-s2-59	Unclassified	Unclassified	194	10	2	10	0.05
Bacteroidota	Bacteroidia	Flavobacteriales	Crocinitomicaceae	Salinirepens	193	7	1	10	0.05
Zixibacteria	Unclassified	Unclassified	Unclassified	Unclassified	192	22	3	12	0.05
Pseudomonadota	Alphaproteobacteria	Rhodospirillales	Thalassospiraceae	Thalassospira	191	2	2	14	0.05
Thermodesulfobacteriota	Desulfobacteria	Desulfobacterales	Desulfatirhabdiaceae	Unclassified	190	9	3	9	0.05
Actinomycetota	Actinobacteria	Micrococcales	Dermatophilaceae	Unclassified	190	3	2	3	0.05
Calditrichota	Calditrichia	Calditrichales	Calditrichaceae	Calorithrix	188	8	2	10	0.05
Bacteroidota	Bacteroidia	Chitinophagales	Saprospiraceae	Flavilitoribacter	187	12	2	16	0.05
Actinomycetota	Actinobacteria	Propionibacteriales	Nocardioidaceae	Nocardioides	186	8	2	12	0.05
Thermodesulfobacteriota	Syntrophobacteria	Syntrophobacterales	Unclassified	Unclassified	184	9	1	13	0.05
Bacteroidota	Bacteroidia	Sphingobacteriales	NS11-12_marine_group	Unclassified	182	13	1	14	0.05
Pseudomonadota	Alphaproteobacteria	AT-s3-44	Unclassified	Unclassified	182	2	2	2	0.05
Patescibacteria	Gracilibacteria	Unclassified	Unclassified	Unclassified	180.5	29	3	16	0.05
Pseudomonadota	Alphaproteobacteria	Rhodospirillales	Magnetospiraceae	Unclassified	178	10	2	12	0.05
Pseudomonadota	Gammaproteobacteria	Unclassified	Unclassified	Wenzhouxiangella	176	2	2	6	0.05
Pseudomonadota	Gammaproteobacteria	Arenicellales	Arenicellaceae	Unclassified	170	10	3	12	0.05
Patescibacteria	Saccharimonadia	Saccharimonadales	LWQ8	Unclassified	170	8	3	8	0.05
Bacteroidota	Bacteroidia	Flavobacteriales	Cryomorphaceae	Cryomorpha	169	8	1	10	0.05
Pseudomonadota	Alphaproteobacteria	Defluviicoccales	Unclassified	Unclassified	165	6	2	3	0.05
Pseudomonadota	Gammaproteobacteria	Nitrococcales	Nitrococcaceae	Arhodomonas	165	1	1	7	0.05
Pseudomonadota	Gammaproteobacteria	Tenderiales	Tenderiaceae	Candidatus_Tenderia	164	4	4	8	0.05
Planctomycetota	vadinHA49	Unclassified	Unclassified	Unclassified	162	7	2	11	0.05
Bacteroidota	Bacteroidia	Bacteroidales	Unclassified	Unclassified	161	21	3	14	0.05
Pseudomonadota	Alphaproteobacteria	Rhodospirillales	Unclassified	Unclassified	159	10	4	9	0.04
Bacteroidota	Bacteroidia	Flavobacteriales	Flavobacteriaceae	Tenacibaculum	158	3	2	5	0.04
Pseudomonadota	Gammaproteobacteria	Pseudomonadales	Nitrincolaceae	Marinobacterium	158	7	1	8	0.04
Pseudomonadota	Gammaproteobacteria	Pseudomonadales	Hahellaceae	Unclassified	154	1	4	1	0.04
Pseudomonadota	Alphaproteobacteria	Rhodobacterales	Paracoccaceae	Roseovarius	150	4	4	5	0.04
Pseudomonadota	Gammaproteobacteria	Pseudomonadales	Halieaceae	Seongchinamella	148	6	3	8	0.04
Thermodesulfobacteriota	Desulfobulbia	Desulfobulbales	Desulfocapsaceae	Desulfofustis	148	10	1	7	0.04
Chloroflexota	Anaerolineae	Aggregatilineales	Aggregatilineaceae	Aggregatilinea	142	11	2	10	0.04
Pseudomonadota	Gammaproteobacteria	Enterobacterales	Colwelliaceae	Thalassotalea	142	3	3	10	0.04
Bacteroidota	Bacteroidia	Flavobacteriales	Flavobacteriaceae	Marixanthomonas	141	2	1	8	0.04
Actinomycetota	Actinobacteria	Micrococcales	Intrasporangiaceae	Serinicoccus	137.5	1	2	4	0.04
Thermodesulfobacteriota	Desulfobacteria	Desulfobacterales	Desulfolunaceae	Unclassified	136	10	1	4	0.04
Pseudomonadota	Alphaproteobacteria	Hyphomicrobiales	Rhizobiaceae	Martelella	135	1	1	2	0.04
Planctomycetota	Pla4_lineage	Unclassified	Unclassified	Unclassified	134	14	2	10	0.04
Bacillota	Bacilli	Bacillales	Bacillaceae	Neobacillus	132	1	4	2	0.04
Actinomycetota	Actinobacteria	Frankiales	Unclassified	Unclassified	132	1	1	2	0.04
Bacteroidota	Bacteroidia	Chitinophagales	Saprospiraceae	Saprospira	130	3	1	5	0.04
Pseudomonadota	Gammaproteobacteria	Nitrosococcales	Nitrosococcaceae	AqS1	129	4	2	6	0.04
Bacteroidota	Bacteroidia	Bacteroidales	Bacteroidetes_BD2-2	Unclassified	128	10	3	10	0.04
Pseudomonadota	Gammaproteobacteria	Enterobacterales	Kangiellaceae	Kangiella	126	1	2	6	0.04
Acidobacteriota	Acidobacteriae	Unclassified	Unclassified	Unclassified	126	4	1	13	0.04
Chloroflexota	Dehalococcoidia	S085	Unclassified	Unclassified	124	8	1	7	0.03
Thermodesulfobacteriota	Desulfobacteria	Desulfobacterales	Desulfobacteraceae	Unclassified	119.66	14	2	10	0.03
Pseudomonadota	Gammaproteobacteria	Burkholderiales	Rhodocyclaceae	Thauera	113	3	4	3	0.03
Thermodesulfobacteriota	Desulfobacteria	Desulfobacterales	Desulfatibacillaceae	Unclassified	110	10	1	5	0.03
Thermodesulfobacteriota	Desulfobacteria	Desulfobacterales	Desulfobacteraceae	Desulfobacter	104.5	20	1	7	0.03
Pseudomonadota	Alphaproteobacteria	Rhodobacterales	Paracoccaceae	Acidimangrovimonas	102	1	3	6	0.03
Gemmatimonadota	Gemmatimonadia	Gemmatimonadales	Gemmatimonadaceae	Unclassified	100	10	3	9	0.03
Pseudomonadota	Gammaproteobacteria	Enterobacterales	Alteromonadaceae	Catenovulum	100	5	1	9	0.03
Bacteroidota	Bacteroidia	Flavobacteriales	Flavobacteriaceae	Mesoflavibacter	98.5	2	1	8	0.03
Nitrospirota	Thermodesulfovibrionia	Unclassified	Unclassified	Unclassified	96	14	1	8	0.03
Bacteroidota	Bacteroidia	Cytophagales	Amoebophilaceae	Unclassified	95	7	3	7	0.03
Bacteroidota	Bacteroidia	Bacteroidales	Prolixibacteraceae	Maribellus	95	4	1	12	0.03
Pseudomonadota	Gammaproteobacteria	Pseudomonadales	Porticoccaceae	Unclassified	94	4	3	5	0.03
Calditrichota	Calditrichia	Calditrichales	Calditrichaceae	JdFR-76	92	11	2	7	0.03
WS2	Unclassified	Unclassified	Unclassified	Unclassified	89	13	1	12	0.03
Pseudomonadota	Alphaproteobacteria	Sneathiellales	Sneathiellaceae	Sneathiella	88	5	1	9	0.02
Bacteroidota	Bacteroidia	Chitinophagales	Saprospiraceae	Rubidimonas	86	3	2	6	0.02
Thermodesulfobacteriota	Desulfobacteria	Desulfobacterales	Desulfobacteraceae	Desulfatiferula	86	3	1	3	0.02
Pseudomonadota	Gammaproteobacteria	Chromatiales	Sedimenticolaceae	Unclassified	84	5	3	6	0.02
Bacteroidota	Bacteroidia	Cytophagales	Cyclobacteriaceae	Tunicatimonas	84	9	3	7	0.02
Pseudomonadota	Gammaproteobacteria	Pseudomonadales	Porticoccaceae	Porticoccus	83	6	1	5	0.02
Thermodesulfobacteriota	Desulfobacteria	Desulfobacterales	Desulfococcaceae	Unclassified	82.33	13	1	9	0.02
Bacteroidota	Bacteroidia	Flavobacteriales	Crocinitomicaceae	Brumimicrobium	82	3	1	9	0.02
Bacteroidota	Bacteroidia	Bacteroidales	SB-5	Unclassified	82	10	3	7	0.02
Pseudomonadota	Gammaproteobacteria	Pseudomonadales	P13-46	Unclassified	81	2	3	4	0.02
Pseudomonadota	Alphaproteobacteria	Caulobacterales	Parvularculaceae	Unclassified	78	2	1	2	0.02
Bacteroidota	Bacteroidia	Flavobacteriales	Unclassified	Unclassified	77	11	2	12	0.02
Thermodesulfobacteriota	Desulfuromonadia	Desulfuromonadales	Geopsychrobacteraceae	Unclassified	76.5	3	1	3	0.02
Pseudomonadota	Alphaproteobacteria	Caulobacterales	Hyphomonadaceae	Unclassified	75	3	4	2	0.02
Thermodesulfobacteriota	Desulfarculia	Desulfarculales	Desulfarculaceae	Desulfocarbo	71	7	1	10	0.02
Thermodesulfobacteriota	Desulfuromonadia	Desulfuromonadales	Geopsychrobacteraceae	Pelobacter	70.5	2	1	2	0.02
Bacteroidota	Bacteroidia	Flavobacteriales	Cryomorphaceae	Phaeocystidibacter	70	4	1	7	0.02
Acidobacteriota	Vicinamibacteria	Vicinamibacterales	Vicinamibacteraceae	Unclassified	70	5	2	6	0.02
Pseudomonadota	Alphaproteobacteria	Kiloniellales	Fodinicurvataceae	Ferruginivarius	69	2	1	2	0.02
Pseudomonadota	Alphaproteobacteria	Rhodobacterales	Paracoccaceae	Pikeienuella	66.5	6	4	8	0.02
Bacteroidota	Bacteroidia	Flavobacteriales	Crocinitomicaceae	Lishizhenia	66	5	1	5	0.02
Actinomycetota	Actinobacteria	Mycobacteriales	Mycobacteriaceae	Mycobacterium	66	2	2	4	0.02
Bacteroidota	Bacteroidia	Flavobacteriales	Flavobacteriaceae	Psychroserpens	64	5	1	9	0.02
Bacillota	Bacilli	Bacillales	Bacillaceae	Mesobacillus	64	1	2	1	0.02
Pseudomonadota	Gammaproteobacteria	Nitrosococcales	Methylophagaceae	Methylophaga	64	7	1	7	0.02
Thermodesulfobacteriota	Desulfobaccia	Desulfobaccales	Desulfobaccaceae	Desulfobacca	64	4	1	10	0.02
Pseudomonadota	Alphaproteobacteria	Kiloniellales	Kiloniellaceae	Tistlia	63	1	1	5	0.02
Bacteroidota	Bacteroidia	Flavobacteriales	NS9_marine_group	Unclassified	62	10	1	7	0.02
Myxococcota	Polyangiia	UASB-TL25	Unclassified	Unclassified	61	11	1	7	0.02
Pseudomonadota	Alphaproteobacteria	Rhodobacterales	Paracoccaceae	Pseudothioclava	60	1	3	1	0.02
Pseudomonadota	Alphaproteobacteria	Kordiimonadales	Unclassified	Unclassified	60	1	4	2	0.02
Bacteroidota	Bacteroidia	Flavobacteriales	Flavobacteriaceae	Confluentibacter	60	1	2	3	0.02
Gemmatimonadota	BD2-11_terrestrial_group	Unclassified	Unclassified	Unclassified	59	4	1	6	0.02
Planctomycetota	Planctomycetes	Planctomycetales	Gimesiaceae	Gimesia	58.5	2	1	9	0.02
Pseudomonadota	Alphaproteobacteria	Puniceispirillales	Unclassified	Unclassified	57	4	1	9	0.02
Bacteroidota	Bacteroidia	Cytophagales	Hymenobacteraceae	Pontibacter	57	3	3	2	0.02
Pseudomonadota	Alphaproteobacteria	Rhodobacterales	Paracoccaceae	Muriiphilus	57	2	1	3	0.02
Verrucomicrobiota	Verrucomicrobiia	Opitutales	Puniceicoccaceae	Lentimonas	56	6	1	5	0.02
Acidobacteriota	Subgroup_22	Unclassified	Unclassified	Unclassified	56	12	1	8	0.02
Bacteroidota	Bacteroidia	Chitinophagales	Chitinophagaceae	Unclassified	56	4	1	7	0.02
Pseudomonadota	Gammaproteobacteria	Pseudomonadales	Nitrincolaceae	Unclassified	56	2	1	5	0.02
Pseudomonadota	Alphaproteobacteria	Defluviicoccales	Defluviicoccaceae	Defluviicoccus	55	5	1	10	0.02
Pseudomonadota	Gammaproteobacteria	Pseudomonadales	Pseudomonadaceae	Pseudomonas	55	2	4	2	0.02
Spirochaetota	Spirochaetia	Spirochaetales	Spirochaetaceae	Unclassified	55	8	3	6	0.02
Pseudomonadota	Gammaproteobacteria	Thiohalorhabdales	Thiohalorhabdaceae	Unclassified	54	4	2	3	0.02
Pseudomonadota	Alphaproteobacteria	Rhodobacterales	Paracoccaceae	Vannielia	54	1	2	3	0.02
Bacteroidota	Bacteroidia	Flavobacteriales	Flavobacteriaceae	Gilvibacter	54	7	1	8	0.02
Pseudomonadota	Alphaproteobacteria	Thalassobaculales	Unclassified	Unclassified	53	3	1	5	0.01
Patescibacteria	Gracilibacteria	Candidatus_Peregrinibacteria	Unclassified	Unclassified	52.5	18	3	12	0.01
Myxococcota	Polyangiia	Haliangiales	Haliangiaceae	Haliangium	52	2	1	3	0.01
Bacteroidota	Bacteroidia	Flavobacteriales	Flavobacteriaceae	Hyunsoonleella	52	2	1	2	0.01
Bacteroidota	Bacteroidia	Bacteroidales	Marinilabiliaceae	Unclassified	52	4	1	11	0.01
Bacteroidota	Bacteroidia	Flavobacteriales	Crocinitomicaceae	Fluviicola	51	9	1	10	0.01
Pseudomonadota	Gammaproteobacteria	Enterobacterales	Kangiellaceae	Aliikangiella	51	2	1	2	0.01
Thermodesulfobacteriota	Desulfobulbia	Desulfobulbales	Desulfocapsaceae	Desulforhopalus	51	1	1	4	0.01
Verrucomicrobiota	Verrucomicrobiia	Verrucomicrobiales	Rubritaleaceae	Persicirhabdus	50	7	1	5	0.01
Campylobacterota	Campylobacteria	Campylobacterales	Arcobacteraceae	Arcobacter	49.6	10	3	10	0.01
Patescibacteria	Parcubacteria	Candidatus_Campbellbacteria	Unclassified	Unclassified	49.25	11	3	9	0.01
Chloroflexota	OLB14	Unclassified	Unclassified	Unclassified	48	1	2	5	0.01
Nanoarchaeota	Nanoarchaeia	Pacearchaeales	Unclassified	SCGC_AAA011-D5	46	9	1	8	0.01
Myxococcota	Polyangiia	Nannocystales	Nannocystaceae	Nannocystis	46	3	2	3	0.01
Myxococcota	Polyangiia	VHS-B4-70	Unclassified	Unclassified	46	4	1	5	0.01
Ignavibacteriota	Ignavibacteria	Ignavibacteriales	Ignavibacteriaceae	Ignavibacterium	45	4	1	4	0.01
Pseudomonadota	Alphaproteobacteria	Caulobacterales	Parvularculaceae	Hyphococcus	45	1	1	1	0.01
Thermodesulfobacteriota	Desulfobulbia	Desulfobulbales	Desulfocapsaceae	SEEP-SRB4	44	3	1	4	0.01
Sva0485	Unclassified	Unclassified	Unclassified	Unclassified	44	3	1	10	0.01
Bacteroidota	Bacteroidia	Flavobacteriales	Crocinitomicaceae	Unclassified	43.5	7	1	11	0.01
Chloroflexota	Dehalococcoidia	MSBL5	Unclassified	Unclassified	43	9	1	8	0.01
Bacteroidota	Bacteroidia	Flavobacteriales	Flavobacteriaceae	Zeaxanthinibacter	43	6	1	7	0.01
Myxococcota	Polyangiia	MidBa8	Unclassified	Unclassified	42	4	1	7	0.01
Bacteroidota	Bacteroidia	Flavobacteriales	Flavobacteriaceae	Flavobacterium	42	2	3	2	0.01
Verrucomicrobiota	Verrucomicrobiia	Opitutales	Puniceicoccaceae	Pelagicoccus	40	3	1	4	0.01
Patescibacteria	WWE3	Unclassified	Unclassified	Unclassified	40	4	3	3	0.01
Bacteroidota	Bacteroidia	Flavobacteriales	Flavobacteriaceae	Leeuwenhoekiella	39	2	1	7	0.01
Thermodesulfobacteriota	Desulfobulbia	Desulfobulbales	Desulfobulbaceae	Desulfobulbus	39	1	1	3	0.01
Pseudomonadota	Zetaproteobacteria	Mariprofundales	Mariprofundaceae	Mariprofundus	38	5	1	6	0.01
Patescibacteria	Microgenomatia	Candidatus_Pacebacteria	Unclassified	Unclassified	38	5	3	4	0.01
Bacteroidota	Bacteroidia	Flavobacteriales	Flavobacteriaceae	Sungkyunkwania	37	2	1	5	0.01
Pseudomonadota	Alphaproteobacteria	Rhodobacterales	Paracoccaceae	Lutimaribacter	36	1	2	3	0.01
Nitrospinota	P9X2b3D02	Unclassified	Unclassified	Unclassified	36	3	2	7	0.01
Marinimicrobia_(SAR406_clade)	Unclassified	Unclassified	Unclassified	Unclassified	36	5	2	6	0.01
Planctomycetota	Phycisphaerae	mle1-8	Unclassified	Unclassified	36	10	1	7	0.01
Patescibacteria	Parcubacteria	Candidatus_Moranbacteria	Unclassified	Unclassified	35	6	1	7	0.01
Acidobacteriota	Thermoanaerobaculia	Thermoanaerobaculales	Thermoanaerobaculaceae	Subgroup_10	35	5	4	4	0.01
Actinomycetota	Actinobacteria	Unclassified	Unclassified	Unclassified	34	8	2	8	0.01
Bacteroidota	Bacteroidia	Flavobacteriales	Flavobacteriaceae	Salinimicrobium	34	2	3	2	0.01
Pseudomonadota	Alphaproteobacteria	Hyphomicrobiales	C2U	Unclassified	32	2	2	3	0.01
Pseudomonadota	Gammaproteobacteria	Pseudomonadales	Saccharospirillaceae	Reinekea	32	7	1	7	0.01
Acidobacteriota	Holophagae	Acanthopleuribacterales	Acanthopleuribacteraceae	Thermotomaculum	32	4	1	3	0.01
Bdellovibrionota	Oligoflexia	0319-6G20	Unclassified	Unclassified	31	10	4	11	0.01
Chloroflexota	Chloroflexia	Chloroflexales	Roseiflexaceae	Unclassified	30.5	2	1	4	0.01
Pseudomonadota	Gammaproteobacteria	Chromatiales	Chromatiaceae	Unclassified	30	2	3	2	0.01
Actinomycetota	Acidimicrobiia	Acidimicrobiales	Acidimicrobiaceae	Acidiferrimicrobium	30	2	1	4	0.01
Pseudomonadota	Gammaproteobacteria	Pseudomonadales	Unclassified	Unclassified	30	6	4	6	0.01
Bacillota	Bacilli	Bacillales	Bacillaceae	Unclassified	30	2	3	2	0.01
Verrucomicrobiota	Omnitrophia	Omnitrophales	Omnitrophaceae	Candidatus_Omnitrophus	30	7	2	6	0.01
Pseudomonadota	Gammaproteobacteria	Nitrosococcales	Nitrosococcaceae	SZB85	30	2	1	7	0.01
Bacteroidota	Bacteroidia	Flavobacteriales	Flavobacteriaceae	Tamlana	30	1	1	3	0.01
Bacteroidota	Bacteroidia	Flavobacteriales	Flavobacteriaceae	Lutibacter	30	2	2	2	0.01
MBNT15	Unclassified	Unclassified	Unclassified	Unclassified	30	6	1	4	0.01
Pseudomonadota	Alphaproteobacteria	Micavibrionales	Unclassified	Unclassified	30	5	1	5	0.01
Chloroflexota	Anaerolineae	Anaerolineales	Anaerolineaceae	GWD2-49-16	29	1	1	3	0.01
Bacillota	Bacilli	Bacillales	Bacillaceae	Niallia	28.32	2	2	2	0.01
Planctomycetota	Phycisphaerae	S-70	Unclassified	Unclassified	28	5	2	4	0.01
Bacteroidota	Bacteroidia	Cytophagales	Flammeovirgaceae	Rapidithrix	27.5	6	1	8	0.01
Verrucomicrobiota	Verrucomicrobiia	Verrucomicrobiales	Rubritaleaceae	Luteolibacter	27	3	1	3	0.01
Planctomycetota	Unclassified	Unclassified	Unclassified	Unclassified	27	7	3	8	0.01
Pseudomonadota	Gammaproteobacteria	Chromatiales	Chromatiaceae	Thiohalocapsa	27	1	3	1	0.01
Planctomycetota	Phycisphaerae	Phycisphaerales	Phycisphaeraceae	Urania-1B-19_marine_sediment_group	27	4	1	5	0.01
Thermodesulfobacteriota	Desulfobulbia	Desulfobulbales	Unclassified	Unclassified	27	3	1	4	0.01
Pseudomonadota	Alphaproteobacteria	Rhodobacterales	Paracoccaceae	Jannaschia	26	1	1	1	0.01
Pseudomonadota	Alphaproteobacteria	Rhodobacterales	Paracoccaceae	Thalassobius	26	1	2	1	0.01
Acidobacteriota	Subgroup_21	Unclassified	Unclassified	Unclassified	26	1	1	1	0.01
Bacteroidota	Bacteroidia	Cytophagales	Microscillaceae	Unclassified	26	4	2	5	0.01
Thermodesulfobacteriota	Desulfuromonadia	Desulfuromonadales	Geopsychrobacteraceae	Malonomonas	25.5	2	1	3	0.01
Bacteroidota	Bacteroidia	Flavobacteriales	Flavobacteriaceae	Salegentibacter	25	2	1	1	0.01
Thermodesulfobacteriota	Desulfobacteria	Desulfobacterales	Desulfobacteraceae	Desulfospira	24.33	6	1	5	0.01
Pseudomonadota	Alphaproteobacteria	Hyphomicrobiales	Rhizobiaceae	Cohaesibacter	24	2	2	2	0.01
Pseudomonadota	Alphaproteobacteria	Rhodobacterales	Paracoccaceae	Roseobacter	24	1	2	1	0.01
Pseudomonadota	Alphaproteobacteria	Rhodobacterales	Paracoccaceae	Maritimibacter	24	1	2	2	0.01
Pseudomonadota	Gammaproteobacteria	Enterobacterales	Alteromonadaceae	Pseudobowmanella	24	1	3	1	0.01
Pseudomonadota	Gammaproteobacteria	Burkholderiales	Comamonadaceae	Azohydromonas	24	1	2	1	0.01
Pseudomonadota	Alphaproteobacteria	Rhodospirillales	Rhodospirillaceae	Roseospirillum	24	1	1	4	0.01
Actinomycetota	Acidimicrobiia	Microtrichales	Ilumatobacteraceae	Unclassified	23	12	1	9	0.01
Verrucomicrobiota	Verrucomicrobiia	Methylacidiphilales	Methylacidiphilaceae	Unclassified	23	6	2	6	0.01
Acidobacteriota	Acidobacteriae	Subgroup_15	Unclassified	Unclassified	23	3	1	2	0.01
Pseudomonadota	Alphaproteobacteria	Rhodobacterales	Paracoccaceae	Oceaniglobus	23	1	1	1	0.01
Pseudomonadota	Alphaproteobacteria	Hyphomicrobiales	Rhizobiaceae	Chelativorans	23	1	1	3	0.01
Acidobacteriota	Acidobacteriae	Bryobacterales	Bryobacteraceae	Bryobacter	23	5	1	5	0.01
Patescibacteria	ABY1	Candidatus_Uhrbacteria	Unclassified	Unclassified	22	5	1	3	0.01
Pseudomonadota	Alphaproteobacteria	Parvibaculales	PS1_clade	Unclassified	22	2	2	3	0.01
Pseudomonadota	Gammaproteobacteria	Rickettsiellales	Rickettsiellaceae	Unclassified	22	2	3	2	0.01
Pseudomonadota	Gammaproteobacteria	Steroidobacterales	Steroidobacteraceae	Steroidobacter	22	1	2	1	0.01
Patescibacteria	ABY1	Candidatus_Magasanikbacteria	Unclassified	Unclassified	21	6	1	5	0.01
Bacteroidota	Bacteroidia	Flavobacteriales	Flavobacteriaceae	Lutimonas	21	1	1	2	0.01
Bacteroidota	Bacteroidia	Flavobacteriales	Flavobacteriaceae	Aquibacter	21	1	1	2	0.01
Pseudomonadota	Gammaproteobacteria	Pseudomonadales	Nitrincolaceae	Motiliproteus	21	5	1	3	0.01
Patescibacteria	Gracilibacteria	Absconditabacteriales_(SR1)	Unclassified	Unclassified	20.25	3	3	4	0.01
Bacteroidota	Bacteroidia	Chitinophagales	Chitinophagaceae	Cnuella	20	3	2	3	0.01
Pseudomonadota	Alphaproteobacteria	Hyphomicrobiales	Rhizobiaceae	Aminobacter	20	1	1	1	0.01
Pseudomonadota	Gammaproteobacteria	Ga0077536	Unclassified	Unclassified	20	3	2	3	0.01
Pseudomonadota	Gammaproteobacteria	Beggiatoales	Beggiatoaceae	Unclassified	20	3	1	4	0.01
Chloroflexota	Anaerolineae	RBG-13-54-9	Unclassified	Unclassified	19.5	5	1	5	0.01
Pseudomonadota	Gammaproteobacteria	Burkholderiales	Nitrosomonadaceae	Nitrosomonas	19	3	2	3	0.01
Patescibacteria	Dojkabacteria	Unclassified	Unclassified	Unclassified	19	5	3	6	0.01
Nanoarchaeota	Nanoarchaeia	Pacearchaeales	Unclassified	GW2011_GWC1_47_15	18	4	1	4	0.01
Pseudomonadota	Alphaproteobacteria	Rhodobacterales	Paracoccaceae	Pseudooceanicola	18	1	3	1	0.01
Pseudomonadota	Gammaproteobacteria	Enterobacterales	Idiomarinaceae	Aliidiomarina	18	1	1	1	0.01
Pseudomonadota	Gammaproteobacteria	Methylococcales	Methylomonadaceae	Methylomarinum	17.5	1	3	1	0
Pseudomonadota	Gammaproteobacteria	Beggiatoales	Leucotrichaceae	Thiolinea	17.5	1	3	1	0
Entotheonellaeota	Entotheonellia	Entotheonellales	Entotheonellaceae	Candidatus_Entotheonella	17	3	1	4	0
Chloroflexota	Chloroflexia	Thermomicrobiales	AKYG1722	Unclassified	17	2	2	4	0
Chloroflexota	Anaerolineae	Thermoflexales	Thermoflexaceae	Thermoflexus	17	4	1	4	0
Schekmanbacteria	Unclassified	Unclassified	Unclassified	Unclassified	17	4	3	4	0
Pseudomonadota	Alphaproteobacteria	Rickettsiales	Unclassified	Unclassified	17	1	1	2	0
Verrucomicrobiota	Verrucomicrobiia	Pedosphaerales	Pedosphaeraceae	Unclassified	17	3	3	3	0
Pseudomonadota	Gammaproteobacteria	Rickettsiellales	Rickettsiellaceae	Aquicella	17	6	1	5	0
Thermodesulfobacteriota	Desulfobulbia	Desulfobulbales	Desulfurivibrionaceae	MSBL7	17	2	1	2	0
Thermodesulfobacteriota	Desulfovibrionia	Desulfovibrionales	Desulfomicrobiaceae	Desulfomicrobium	17	2	1	3	0
Pseudomonadota	Alphaproteobacteria	Hyphomicrobiales	Xanthobacteraceae	Unclassified	16	1	1	1	0
Bacteroidota	Bacteroidia	Flavobacteriales	Flavobacteriaceae	Aestuariivivens	16	2	1	3	0
Bacteroidota	Bacteroidia	Flavobacteriales	Flavobacteriaceae	Altibacter	16	1	1	2	0
Bacteroidota	Bacteroidia	Sphingobacteriales	Lentimicrobiaceae	Unclassified	15	3	1	5	0
Pseudomonadota	Gammaproteobacteria	Ectothiorhodospirales	Thioalkalispiraceae	Thioalkalispira	15	1	3	1	0
Pseudomonadota	Gammaproteobacteria	EC3	Unclassified	Unclassified	15	2	3	2	0
Myxococcota	Polyangiia	Polyangiales	Eel-36e1D6	Unclassified	15	1	1	2	0
Bacteroidota	Bacteroidia	Flavobacteriales	Flavobacteriaceae	Mangrovimonas	15	1	1	3	0
Bacteroidota	Bacteroidia	Flavobacteriales	Flavobacteriaceae	Zunongwangia	15	1	1	1	0
Bacteroidota	Bacteroidia	Flavobacteriales	Flavobacteriaceae	Pricia	15	1	1	1	0
Pseudomonadota	Gammaproteobacteria	Nitrosococcales	Nitrosococcaceae	Cm1-21	15	1	2	1	0
Bacillota	Bacilli	Bacillales	Unclassified	Unclassified	15	1	1	1	0
Nanoarchaeota	Nanoarchaeia	Woesearchaeales	Unclassified	Unclassified	14	2	2	2	0
Pseudomonadota	Alphaproteobacteria	Hyphomicrobiales	Methyloligellaceae	Rhodobium	14	1	2	1	0
Thermodesulfobacteriota	Unclassified	Unclassified	Unclassified	Unclassified	14	6	2	6	0
Thermodesulfobacteriota	Desulfobacteria	Desulfobacterales	Desulfatirhabdiaceae	Desulfatirhabdium	14	2	1	2	0
Myxococcota	Polyangiia	Polyangiales	Phaselicystaceae	Phaselicystis	13	2	1	2	0
Pseudomonadota	Alphaproteobacteria	Hyphomicrobiales	Rhizobiaceae	Aquamicrobium	13	1	1	2	0
Bacteroidota	Bacteroidia	Flavobacteriales	Flavobacteriaceae	Hwangdonia	13	2	2	2	0
Ignavibacteriota	Ignavibacteria	Ignavibacteriales	Unclassified	Unclassified	13	1	1	3	0
Pseudomonadota	Gammaproteobacteria	Pseudomonadales	Nitrincolaceae	Neptunomonas	13	1	1	1	0
FW113	Unclassified	Unclassified	Unclassified	Unclassified	13	3	1	3	0
Bacteroidota	Bacteroidia	Bacteroidales	Prolixibacteraceae	Prolixibacter	12.5	1	3	1	0
Spirochaetota	Leptospirae	Leptospirales	Leptospiraceae	Unclassified	12	5	2	5	0
Bacteroidota	Bacteroidia	Chitinophagales	Chitinophagaceae	Flavisolibacter	12	1	2	1	0
Myxococcota	Polyangiia	Blfdi19	Unclassified	Unclassified	12	3	1	3	0
Balneolota	Balneolia	Balneolales	Balneolaceae	Aliifodinibius	12	1	2	1	0
Chloroflexota	Anaerolineae	SJA-15	Unclassified	Unclassified	12	1	1	3	0
Bacteroidota	Bacteroidia	Bacteroidales	Prolixibacteraceae	Mangrovibacterium	12	2	1	3	0
DTB120	Unclassified	Unclassified	Unclassified	Unclassified	12	1	2	1	0
Thermodesulfobacteriota	Desulfuromonadia	Desulfuromonadales	Geothermobacteraceae	Geothermobacter	12	1	1	1	0
Pseudomonadota	Alphaproteobacteria	Azospirillales	Azospirillaceae	Unclassified	12	1	1	1	0
Actinomycetota	Actinobacteria	Pseudonocardiales	Pseudonocardiaceae	Thermotunica	12	1	1	1	0
Pseudomonadota	Alphaproteobacteria	Sphingomonadales	Sphingomonadaceae	Altererythrobacter	11	1	1	1	0
Bacteroidota	Bacteroidia	Chitinophagales	37-13	Unclassified	11	2	2	2	0
Bacteroidota	Bacteroidia	Flavobacteriales	Flavobacteriaceae	Coraliitalea	11	2	2	2	0
Patescibacteria	Parcubacteria	Unclassified	Unclassified	Unclassified	11	2	2	2	0
Patescibacteria	Parcubacteria	GWA2-38-13b	Unclassified	Unclassified	11	3	2	4	0
Actinomycetota	Acidimicrobiia	Unclassified	Unclassified	Unclassified	11	2	1	2	0
Cyanobacteriota	Cyanobacteriia	Cyanobacteriales	Geitlerinemaceae	Geitlerinema_PCC-7105	11	1	1	3	0
LCP-89	Unclassified	Unclassified	Unclassified	Unclassified	10	4	3	3	0
Pseudomonadota	Alphaproteobacteria	Kiloniellales	Kiloniellaceae	Thalassocola	10	1	1	2	0
Chloroflexota	Dehalococcoidia	SAR202_clade	Unclassified	Unclassified	10	2	1	2	0
Actinomycetota	Actinobacteria	KIST-JJY010	Unclassified	Unclassified	10	3	1	3	0
Myxococcota	Polyangiia	Polyangiales	BIrii41	Unclassified	10	1	2	1	0
Chloroflexota	Anaerolineae	1-20	Unclassified	Unclassified	10	1	1	4	0
Pseudomonadota	Alphaproteobacteria	Hyphomicrobiales	Rhodobiaceae	Afifella	10	1	2	2	0
Chloroflexota	Anaerolineae	Anaerolineales	Anaerolineaceae	UTCFX1	10	1	2	1	0
Pseudomonadota	Alphaproteobacteria	Sphingomonadales	Sphingomonadaceae	Paraurantiacibacter	10	1	3	1	0
Patescibacteria	ABY1	Candidatus_Kuenenbacteria	Unclassified	Unclassified	10	1	1	3	0
Thermodesulfobacteriota	Desulfuromonadia	Bradymonadales	Unclassified	Unclassified	10	3	1	4	0
Verrucomicrobiota	Verrucomicrobiia	Verrucomicrobiales	Rubritaleaceae	Unclassified	9	4	1	4	0
Pseudomonadota	Gammaproteobacteria	Pseudomonadales	Cellvibrionaceae	Candidatus_Endobugula	9	1	3	1	0
Myxococcota	Unclassified	Unclassified	Unclassified	Unclassified	9	4	4	3	0
Bdellovibrionota	Bdellovibrionia	Bdellovibrionales	Pseudobdellovibrionaceae	Unclassified	9	2	3	2	0
Pseudomonadota	Alphaproteobacteria	Unclassified	Neomegalonemataceae	Unclassified	9	1	1	2	0
Patescibacteria	Parcubacteria	Candidatus_Yanofskybacteria	Unclassified	Unclassified	9	2	1	2	0
Bacteroidota	Bacteroidia	Bacteroidales	Marinilabiliaceae	Saccharicrinis	9	1	1	1	0
Pseudomonadota	Alphaproteobacteria	Kiloniellales	Fodinicurvataceae	Rhodovibrio	9	1	1	1	0
Planctomycetota	Phycisphaerae	Phycisphaerales	Phycisphaeraceae	I-8	9	1	1	1	0
Sumerlaeota	Sumerlaeia	Sumerlaeales	Sumerlaeaceae	Sumerlaea	8	2	1	2	0
Pseudomonadota	Gammaproteobacteria	Chromatiales	Chromatiaceae	Thiohalobacter	8	1	2	1	0
Chlamydiota	Chlamydiia	Chlamydiales	Simkaniaceae	Candidatus_Fritschea	8	3	1	3	0
Pseudomonadota	Alphaproteobacteria	Rhodobacterales	Paracoccaceae	Aestuariivita	8	1	2	1	0
Nanoarchaeota	Nanoarchaeia	Pacearchaeales	Unclassified	Unclassified	8	1	1	1	0
Pseudomonadota	Gammaproteobacteria	Pseudomonadales	Pseudohongiellaceae	Pseudohongiella	8	2	2	2	0
Pseudomonadota	Alphaproteobacteria	Rhodobacterales	Paracoccaceae	Tropicimonas-Psychromarinibacter	8	1	3	1	0
Cyanobacteriota	Cyanobacteriia	Cyanobacteriales	Xenococcaceae	Foliisarcina	8	5	1	4	0
Pseudomonadota	Gammaproteobacteria	Legionellales	Legionellaceae	Unclassified	8	1	1	2	0
Acidobacteriota	Blastocatellia	Blastocatellales	Blastocatellaceae	Stenotrophobacter	8	1	1	1	0
Pseudomonadota	Unclassified	Unclassified	Unclassified	Unclassified	7.75	3	3	3	0
Pseudomonadota	Gammaproteobacteria	Beggiatoales	Leucotrichaceae	Thiothrix	7.5	2	3	2	0
Pseudomonadota	Gammaproteobacteria	Enterobacterales	Vibrionaceae	Unclassified	7.5	1	3	1	0
Myxococcota	bacteriap25	Unclassified	Unclassified	Unclassified	7	4	2	3	0
Chloroflexota	Chloroflexia	Thermomicrobiales	JG30-KF-CM45	Unclassified	7	3	2	2	0
Bacteroidota	Bacteroidia	Flavobacteriales	Flavobacteriaceae	Formosa	6.99	1	3	1	0
Cyanobacteriota	Cyanobacteriia	Cyanobacteriales	Unclassified	Unclassified	6.5	2	3	2	0
Bacteroidota	Bacteroidia	Cytophagales	Flammeovirgaceae	Flexithrix	6.5	4	1	6	0
Thermodesulfobacteriota	Desulfobacteria	Desulfobacterales	Desulfococcaceae	Desulfonema	6.33	2	1	2	0
Pseudomonadota	Gammaproteobacteria	UBA4486	Unclassified	Unclassified	6	2	1	2	0
Bacteroidota	Bacteroidia	Bacteroidales	Tannerellaceae	Macellibacteroides	6	1	1	1	0
Chloroflexota	Gitt-GS-136	Unclassified	Unclassified	Unclassified	6	1	1	1	0
Bacteroidota	Bacteroidia	Bacteroidales	Marinilabiliaceae	Carboxylicivirga	6	1	1	1	0
Patescibacteria	Parcubacteria	Candidatus_Nomurabacteria	Unclassified	Unclassified	6	2	2	2	0
Pseudomonadota	Alphaproteobacteria	Rhodobacterales	Paracoccaceae	Hasllibacter	6	2	3	2	0
Pseudomonadota	Gammaproteobacteria	Chromatiales	Chromatiaceae	Achromatium	6	1	3	1	0
Nitrospirota	BMS9AB35	Unclassified	Unclassified	Unclassified	6	1	1	1	0
Actinomycetota	Acidimicrobiia	Acidimicrobiales	Acidimicrobiaceae	Unclassified	6	1	1	1	0
Actinomycetota	Actinobacteria	Micrococcales	Bogoriellaceae	Georgenia	6	1	1	1	0
Pseudomonadota	Alphaproteobacteria	Kiloniellales	Kiloniellaceae	Kiloniella	6	1	3	1	0
Bdellovibrionota	Bacteriovoracia	Bacteriovoracales	Bacteriovoracaceae	Peredibacter	6	1	1	1	0
Pseudomonadota	Gammaproteobacteria	Enterobacterales	Shewanellaceae	Shewanella	5.38	2	1	2	0
Chlamydiota	Chlamydiia	Chlamydiales	Simkaniaceae	Simkania	5	3	1	2	0
Pseudomonadota	Alphaproteobacteria	Zavarziniales	Unclassified	Unclassified	5	2	1	2	0
Actinomycetota	Thermoleophilia	Gaiellales	Unclassified	Unclassified	5	3	1	3	0
Acidobacteriota	Subgroup_18	Unclassified	Unclassified	Unclassified	5	1	1	1	0
Patescibacteria	ABY1	Candidatus_Komeilibacteria	Unclassified	Unclassified	5	3	1	3	0
Planctomycetota	Planctomycetes	Pirellulales	Pirellulaceae	Unclassified	5	2	2	2	0
Pseudomonadota	Alphaproteobacteria	Rickettsiales	AB1	Unclassified	5	2	3	2	0
Actinomycetota	Actinobacteria	Micrococcales	Intrasporangiaceae	Unclassified	5	1	2	1	0
Actinomycetota	Thermoleophilia	Solirubrobacterales	Solirubrobacteraceae	Solirubrobacter	5	1	1	1	0
Chloroflexota	Chloroflexia	Chloroflexales	Chloroflexaceae	Candidatus_Chlorothrix	5	1	1	1	0
Halobacteriota	Halobacteria	Halobacterales	Halococcaceae	Halococcus	5	1	1	2	0
Patescibacteria	CPR2	Unclassified	Unclassified	Unclassified	5	1	1	1	0
Planctomycetota	Phycisphaerae	Phycisphaerales	Phycisphaeraceae	Unclassified	5	1	1	1	0
Thermodesulfobacteriota	Desulfovibrionia	Desulfovibrionales	Desulfovibrionaceae	Pseudodesulfovibrio	5	3	1	3	0
Thermodesulfobacteriota	Desulfobulbia	Desulfobulbales	Desulfurivibrionaceae	Desulfurivibrio	5	1	1	1	0
Thermodesulfobacteriota	Desulfovibrionia	Desulfovibrionales	Desulfovibrionaceae	Oceanidesulfovibrio	5	1	1	2	0
Patescibacteria	Gracilibacteria	JGI_0000069-P22	Unclassified	Unclassified	4.5	2	3	2	0
Actinomycetota	Actinobacteria	Actinomycetales	Actinomycetaceae	Unclassified	4.5	1	1	1	0
Bacteroidota	Bacteroidia	Cytophagales	Spirosomataceae	Jiulongibacter	4.5	2	1	2	0
Pseudomonadota	Alphaproteobacteria	Azospirillales	Azospirillaceae	Azospirillum	4.2	1	3	1	0
Bacteroidota	Bacteroidia	Bacteroidales	Prolixibacteraceae	Sunxiuqinia	4	1	2	1	0
Pseudomonadota	Gammaproteobacteria	Beggiatoales	Beggiatoaceae	Candidatus_Maribeggiatoa	4	1	1	1	0
Pseudomonadota	Alphaproteobacteria	Thalassobaculales	Nisaeaceae	Nisaea	4	1	2	1	0
Bacteroidota	Bacteroidia	Bacteroidales	Prolixibacteraceae	Roseimarinus	4	2	2	2	0
Dependentiae	Babeliae	Babeliales	Unclassified	Unclassified	4	1	1	1	0
Pseudomonadota	Gammaproteobacteria	Burkholderiales	SC-I-84	Unclassified	4	1	2	1	0
Pseudomonadota	Alphaproteobacteria	Rhodobacterales	Paracoccaceae	Salinovum	4	2	2	2	0
Pseudomonadota	Alphaproteobacteria	Parvibaculales	Parvibaculaceae	Unclassified	4	1	1	1	0
Bacteroidota	Bacteroidia	Flavobacteriales	Cryomorphaceae	NS10_marine_group	4	2	1	2	0
Bacteroidota	Bacteroidia	Bacteroidales	Marinifilaceae	Unclassified	4	1	1	2	0
Patescibacteria	ABY1	Candidatus_Kerfeldbacteria	Unclassified	Unclassified	4	3	2	2	0
Bacteroidota	Bacteroidia	Flavobacteriales	Flavobacteriaceae	Algibacter	4	1	2	1	0
Acidobacteriota	Blastocatellia	Elev-16S-573	Unclassified	Unclassified	4	1	1	1	0
Thermodesulfobacteriota	Desulfarculia	Desulfarculales	Desulfarculaceae	Dethiosulfatarculus	4	1	1	1	0
Nitrospirota	4-29-1	Unclassified	Unclassified	Unclassified	4	1	1	1	0
Latescibacterota	Latescibacteria	Latescibacterales	Latescibacteraceae	Unclassified	3.5	3	1	2	0
Pseudomonadota	Alphaproteobacteria	Kiloniellales	Kiloniellaceae	Limibacillus	3	1	1	1	0
Verrucomicrobiota	Verrucomicrobiia	Pedosphaerales	Pedosphaeraceae	ADurb.Bin063-1	3	2	1	3	0
Patescibacteria	Gracilibacteria	Candidatus_Abawacabacteria	Unclassified	Unclassified	3	1	1	1	0
Entotheonellaeota	Entotheonellia	Entotheonellales	Entotheonellaceae	Unclassified	3	2	1	2	0
Pseudomonadota	Gammaproteobacteria	Beggiatoales	Beggiatoaceae	Candidatus_Marithioploca	3	1	1	1	0
Spirochaetota	Leptospirae	Leptospirales	Leptospiraceae	Turneriella	3	3	1	3	0
Modulibacteria	Moduliflexia	Moduliflexales	Moduliflexaceae	Unclassified	3	1	1	1	0
Pseudomonadota	Alphaproteobacteria	Rhodobacterales	Paracoccaceae	Sinirhodobacter	3	1	1	1	0
Pseudomonadota	Gammaproteobacteria	Pseudomonadales	Spongiibacteraceae	Unclassified	3	1	1	1	0
Chloroflexota	TK17	Unclassified	Unclassified	Unclassified	3	1	1	1	0
Bacteroidota	Bacteroidia	Flavobacteriales	Flavobacteriaceae	Ascidiimonas	3	1	1	1	0
Verrucomicrobiota	Verrucomicrobiia	Opitutales	Puniceicoccaceae	Verruc-01	3	1	2	1	0
Actinomycetota	Unclassified	Unclassified	Unclassified	Unclassified	3	1	1	1	0
Bacteroidota	Bacteroidia	Flavobacteriales	Flavobacteriaceae	Seonamhaeicola	3	1	1	1	0
Cyanobacteriota	Cyanobacteriia	Cyanobacteriales	Oscillatoriaceae	Planktothricoides_SR001	3	1	1	1	0
Pseudomonadota	Alphaproteobacteria	Hyphomicrobiales	Beijerinckiaceae	Microvirga	3	1	1	1	0
Pseudomonadota	Gammaproteobacteria	Pseudomonadales	Nitrincolaceae	Neptuniibacter	3	1	1	1	0
Thermodesulfobacteriota	Desulfovibrionia	Desulfovibrionales	Desulfovibrionaceae	Desulfovibrio	3	1	1	1	0
Pseudomonadota	Alphaproteobacteria	Caulobacterales	Parvularculaceae	Marinicaulis	3	1	1	1	0
Planctomycetota	Phycisphaerae	Phycisphaerales	Phycisphaeraceae	Z195MB87	3	1	1	1	0
Bacillota	Bacilli	Bacillales	Bacillaceae	Bacillus	2.79	1	1	2	0
Actinomycetota	Actinobacteria	Streptosporangiales	Unclassified	Unclassified	2.68	1	2	1	0
Pseudomonadota	Alphaproteobacteria	Hyphomicrobiales	Rhizobiaceae	Mangrovicella	2	1	2	1	0
Pseudomonadota	Alphaproteobacteria	Hyphomicrobiales	Hyphomicrobiaceae	Unclassified	2	1	2	1	0
Rhodothermota	Rhodothermia	Rhodothermales	Rhodothermaceae	Natronotalea	2	1	1	1	0
Pseudomonadota	Gammaproteobacteria	Pseudomonadales	Halieaceae	Chromatocurvus	2	1	1	1	0
Pseudomonadota	Gammaproteobacteria	WN-HWB-116	Unclassified	Unclassified	2	1	1	1	0
Spirochaetota	Leptospirae	Leptospirales	Leptospiraceae	Leptonema	2	1	2	1	0
Planctomycetota	Brocadiae	Brocadiales	Brocadiaceae	Candidatus_Kuenenia	2	1	1	1	0
Gemmatimonadota	Longimicrobiia	Longimicrobiales	Longimicrobiaceae	Unclassified	2	1	2	1	0
Patescibacteria	Unclassified	Unclassified	Unclassified	Unclassified	2	1	1	1	0
Balneolota	Balneolia	Balneolales	Balneolaceae	B2706-C7	2	1	2	1	0
Actinomycetota	Actinobacteria	Micrococcales	Demequinaceae	Demequina	2	1	1	1	0
Bacteroidota	Bacteroidia	Flavobacteriales	Flavobacteriaceae	Aureisphaera	2	1	1	1	0
Bacteroidota	Bacteroidia	Flavobacteriales	Flavobacteriaceae	Snuella	2	1	1	1	0
Pseudomonadota	Alphaproteobacteria	Rhodobacterales	Paracoccaceae	Kandeliimicrobium	2	1	1	1	0
Verrucomicrobiota	Verrucomicrobiia	Opitutales	Opitutaceae	Diplosphaera	2	1	1	1	0
Pseudomonadota	Alphaproteobacteria	Caulobacterales	Unclassified	Unclassified	2	1	1	1	0
Pseudomonadota	Gammaproteobacteria	Steroidobacterales	Woeseiaceae	JTB255_marine_benthic_group	2	1	1	1	0
Thermodesulfobacteriota	Desulfobulbia	Desulfobulbales	Desulfobulbaceae	Desulfogranum	2	1	1	1	0
Actinomycetota	Actinobacteria	Pseudonocardiales	Pseudonocardiaceae	Unclassified	2	1	1	1	0
Pseudomonadota	Gammaproteobacteria	Enterobacterales	Erwiniaceae	Unclassified	2	1	1	1	0
Patescibacteria	Gracilibacteria	Candidatus_Peribacteria	Unclassified	Unclassified	1.5	1	3	1	0
Campylobacterota	Campylobacteria	Campylobacterales	Rs-M59_termite_group	Unclassified	1.5	1	2	1	0
Bacteroidota	Bacteroidia	Flavobacteriales	Flavobacteriaceae	Winogradskyella	1.5	1	1	1	0
Myxococcota	Polyangiia	PS-B29	Unclassified	Unclassified	1	1	1	1	0
Chloroflexota	Chloroflexia	Kallotenuales	AKIW781	Unclassified	1	1	1	1	0
Verrucomicrobiota	Verrucomicrobiia	Opitutales	Puniceicoccaceae	Unclassified	1	1	1	1	0
Chlamydiota	Chlamydiia	Chlamydiales	Simkaniaceae	Unclassified	1	1	1	1	0
Myxococcota	Myxococcia	Myxococcales	Myxococcaceae	Unclassified	1	1	1	1	0
Pseudomonadota	Gammaproteobacteria	Burkholderiales	Unclassified	Unclassified	1	1	1	1	0
Verrucomicrobiota	Verrucomicrobiia	Verrucomicrobiales	Unclassified	Unclassified	1	1	1	1	0
Pseudomonadota	Gammaproteobacteria	Pseudomonadales	211ds20	Unclassified	1	1	1	1	0
Pseudomonadota	Alphaproteobacteria	Rhodobacterales	Paracoccaceae	Pseudaestuariivita	1	1	1	1	0
Pseudomonadota	Gammaproteobacteria	Enterobacterales	Alteromonadaceae	Neptunicella	1	1	1	1	0
Acidobacteriota	Acidobacteriae	TSBb06	Unclassified	Unclassified	1	1	1	1	0
Cyanobacteriota	Cyanobacteriia	Cyanobacteriales	Oscillatoriaceae	Oscillatoria_PCC-6304	1	1	1	1	0
Verrucomicrobiota	Unclassified	Unclassified	Unclassified	Unclassified	1	1	1	1	0
Thermodesulfobacteriota	Desulfovibrionia	Desulfovibrionales	Desulfovibrionaceae	Unclassified	1	1	1	1	0
Bdellovibrionota	Oligoflexia	Oligoflexales	Oligoflexaceae	Unclassified	1	1	1	1	0
Thermodesulfobacteriota	Desulfovibrionia	Desulfovibrionales	Desulfovibrionaceae	Maridesulfovibrio	1	1	1	1	0
Patescibacteria	Saccharimonadia	Saccharimonadales	Saccharimonadaceae	Unclassified	0.75	1	3	1	0
Patescibacteria	Microgenomatia	Candidatus_Woesebacteria	Unclassified	Unclassified	0.75	1	3	1	0
Pseudomonadota	Alphaproteobacteria	Azospirillales	Azospirillaceae	Rhodocista	0.5	1	1	1	0
