"","Response","k__Bacteria|p__Actinomycetota|c__Acidimicrobiia|o__Microtrichales|f__Ilumatobacteraceae|g__Ilumatobacter|s__|ASV_10265","k__Bacteria|p__Actinomycetota|c__Acidimicrobiia|o__Microtrichales|f__Ilumatobacteraceae|g__Ilumatobacter|s__|ASV_10344","k__Bacteria|p__Actinomycetota|c__Actinobacteria|o__Nitriliruptorales|f__Nitriliruptoraceae|g__|s__|ASV_13671","k__Bacteria|p__Actinomycetota|c__Actinobacteria|o__Propionibacteriales|f__Nocardioidaceae|g__Nocardioides|s__|ASV_5509","k__Bacteria|p__Actinomycetota|c__Rubrobacteria|o__Rubrobacterales|f__Rubrobacteriaceae|g__Rubrobacter|s__|ASV_15130","k__Bacteria|p__Actinomycetota|c__Rubrobacteria|o__Rubrobacterales|f__Rubrobacteriaceae|g__Rubrobacter|s__|ASV_16064","k__Bacteria|p__Bacteroidota|c__Bacteroidia|o__Cytophagales|f__Cyclobacteriaceae|g__Tunicatimonas|s__|ASV_1480","k__Bacteria|p__Bacteroidota|c__Bacteroidia|o__Cytophagales|f__Cyclobacteriaceae|g__Tunicatimonas|s__|ASV_7636","k__Bacteria|p__Bacteroidota|c__Bacteroidia|o__Cytophagales|f__Cyclobacteriaceae|g__Tunicatimonas|s__|ASV_8500","k__Bacteria|p__Bacteroidota|c__Bacteroidia|o__Flavobacteriales|f__Flavobacteriaceae|g__Sufflavibacter|s__|ASV_4707","k__Bacteria|p__Cyanobacteriota|c__Cyanobacteriia|o__Cyanobacteriales|f__Nostocaceae|g__|s__|ASV_4049","k__Bacteria|p__Cyanobacteriota|c__Cyanobacteriia|o__Cyanobacteriales|f__Nostocaceae|g__Rivularia_PCC-7116|s__|ASV_7012","k__Bacteria|p__Cyanobacteriota|c__Cyanobacteriia|o__Cyanobacteriales|f__Nostocaceae|g__Rivularia_PCC-7116|s__|ASV_8325","k__Bacteria|p__Cyanobacteriota|c__Cyanobacteriia|o__Cyanobacteriales|f__Xenococcaceae|g__Pleurocapsa_PCC-7319|s__|ASV_696","k__Bacteria|p__Cyanobacteriota|c__Cyanobacteriia|o__Phormidesmiales|f__Phormidesmiaceae|g__Acrophormium_PCC-7375|s__|ASV_6130","k__Bacteria|p__Myxococcota|c__Polyangiia|o__Polyangiales|f__Sandaracinaceae|g__|s__|ASV_1096","k__Bacteria|p__Pseudomonadota|c__Alphaproteobacteria|o__|f__Neomegalonemataceae|g__Acuticoccus|s__|ASV_1266","k__Bacteria|p__Pseudomonadota|c__Alphaproteobacteria|o__Rhodobacterales|f__Paracoccaceae|g__|s__|ASV_10445","k__Bacteria|p__Pseudomonadota|c__Alphaproteobacteria|o__Rhodobacterales|f__Paracoccaceae|g__|s__|ASV_14979","k__Bacteria|p__Pseudomonadota|c__Alphaproteobacteria|o__Rhodobacterales|f__Paracoccaceae|g__Actibacterium|s__|ASV_9665","k__Bacteria|p__Pseudomonadota|c__Alphaproteobacteria|o__Rhodobacterales|f__Paracoccaceae|g__Palleronia-Pseudomaribius|s__|ASV_11540","k__Bacteria|p__Pseudomonadota|c__Alphaproteobacteria|o__Rhodobacterales|f__Paracoccaceae|g__Palleronia-Pseudomaribius|s__|ASV_5775","k__Bacteria|p__Pseudomonadota|c__Alphaproteobacteria|o__Rhodobacterales|f__Paracoccaceae|g__Wenxinia|s__|ASV_15944","k__Bacteria|p__Pseudomonadota|c__Alphaproteobacteria|o__Sphingomonadales|f__Sphingomonadaceae|g__Novosphingobium|s__|ASV_15092","k__Bacteria|p__Pseudomonadota|c__Alphaproteobacteria|o__Sphingomonadales|f__Sphingomonadaceae|g__Pacificimonas|s__|ASV_11209","k__Bacteria|p__Pseudomonadota|c__Alphaproteobacteria|o__Sphingomonadales|f__Sphingomonadaceae|g__Qipengyuania|s__|ASV_3585","k__Bacteria|p__Pseudomonadota|c__Alphaproteobacteria|o__Sphingomonadales|f__Sphingomonadaceae|g__Sphingomicrobium|s__|ASV_3742","k__Bacteria|p__Pseudomonadota|c__Alphaproteobacteria|o__Sphingomonadales|f__Sphingomonadaceae|g__Sphingomicrobium|s__|ASV_5269","k__Bacteria|p__Pseudomonadota|c__Gammaproteobacteria|o__Chromatiales|f__Chromatiaceae|g__Thiohalocapsa|s__|ASV_3220","k__Bacteria|p__Rhodothermota|c__Rhodothermia|o__Rhodothermales|f__Rhodothermaceae|g__|s__|ASV_13236","k__Bacteria|p__Rhodothermota|c__Rhodothermia|o__Rhodothermales|f__Rhodothermaceae|g__|s__|ASV_4439","k__Bacteria|p__Rhodothermota|c__Rhodothermia|o__Rhodothermales|f__Rhodothermaceae|g__Rubrivirga|s__|ASV_4932"
"FCBAG2","ColaDeBallena",2.43745254864963,3.68064606612884,3.3669885072738,4.64205723328347,-0.270597652452584,-0.270597652452584,-0.270597652452584,-0.270597652452584,3.16338955203256,4.21803871727956,-0.270597652452584,-0.270597652452584,-0.270597652452584,-0.270597652452584,-0.270597652452584,5.27066589270584,-0.270597652452584,-0.270597652452584,-0.270597652452584,-0.270597652452584,-0.270597652452584,4.36413133577705,2.77392478527084,3.87253707393895,3.60060335845531,-0.270597652452584,2.29435170500895,2.03198744054146,-0.270597652452584,2.77392478527084,2.03198744054146,-0.270597652452584
"FCBAG3","ColaDeBallena",-0.278620610013941,3.43495145669037,2.85687360591521,-0.278620610013941,-0.278620610013941,-0.278620610013941,-0.278620610013941,-0.278620610013941,4.73865922680098,4.38481848409813,-0.278620610013941,-0.278620610013941,-0.278620610013941,-0.278620610013941,-0.278620610013941,5.47712160357297,-0.278620610013941,-0.278620610013941,-0.278620610013941,-0.278620610013941,-0.278620610013941,2.11927466278443,4.30634686865663,3.84851377503115,4.77762519533437,-0.278620610013941,3.24773991460222,2.02396448298011,-0.278620610013941,4.7049860116944,3.08867521997253,-0.278620610013941
"FCBAG4","ColaDeBallena",3.04255292164227,3.86199382752651,-0.21554361637921,2.08704147661484,-0.21554361637921,-0.21554361637921,-0.21554361637921,-0.21554361637921,2.08704147661484,2.492506584723,-0.21554361637921,-0.21554361637921,-0.21554361637921,-0.21554361637921,-0.21554361637921,4.77488897039953,-0.21554361637921,-0.21554361637921,-0.21554361637921,-0.21554361637921,-0.21554361637921,-0.21554361637921,2.492506584723,1.86389792530063,3.44801802975044,-0.21554361637921,-0.21554361637921,-0.21554361637921,-0.21554361637921,-0.21554361637921,-0.21554361637921,-0.21554361637921
"FCBAG5","ColaDeBallena",-0.250672632452078,4.42215620200983,2.69376634671436,3.79237863538247,-0.250672632452078,-0.250672632452078,-0.250672632452078,-0.250672632452078,3.08153187772313,4.59351445400651,-0.250672632452078,-0.250672632452078,-0.250672632452078,-0.250672632452078,-0.250672632452078,4.45885756886026,-0.250672632452078,-0.250672632452078,-0.250672632452078,-0.250672632452078,-0.250672632452078,3.68115300027225,3.84367192977002,3.53351700146618,3.46289943425223,-0.250672632452078,2.14722264034629,0.442474548107868,-0.250672632452078,2.05191246054197,3.04516423355225,-0.250672632452078
"FCBAG6","ColaDeBallena",-0.231512674295983,5.2939402648358,3.13578315569049,2.33343668316555,-0.231512674295983,-0.231512674295983,-0.231512674295983,-0.231512674295983,4.24582414018222,5.1711647075763,-0.231512674295983,-0.231512674295983,-0.231512674295983,-0.231512674295983,-0.231512674295983,4.21113858219433,-0.231512674295983,-0.231512674295983,-0.231512674295983,-0.231512674295983,-0.231512674295983,3.32383538719343,4.38360784254528,4.17520657296827,4.84989169068848,-0.231512674295983,3.2649948871705,-0.231512674295983,-0.231512674295983,2.81300976342744,3.61863492741408,-0.231512674295983
"SCBAG3","ColaDeBallena",2.10004284130621,2.97551157866011,4.27479456279038,4.15416657500176,-0.202542251687832,-0.202542251687832,-0.202542251687832,-0.202542251687832,3.35280580980158,3.92459213335726,-0.202542251687832,-0.202542251687832,-0.202542251687832,-0.202542251687832,-0.202542251687832,5.48781720263623,-0.202542251687832,-0.202542251687832,-0.202542251687832,-0.202542251687832,-0.202542251687832,4.92142172771543,4.01696545348828,3.53512736659554,3.19865512997432,-0.202542251687832,-0.202542251687832,-0.202542251687832,-0.202542251687832,4.01696545348828,1.876899289992,-0.202542251687832
"SCBAG4","ColaDeBallena",-0.127550449344798,3.56132900476914,5.57955981540408,4.93504458368217,-0.127550449344798,-0.127550449344798,-0.127550449344798,-0.127550449344798,4.76279867887696,5.42540913557682,-0.127550449344798,-0.127550449344798,-0.127550449344798,-0.127550449344798,-0.127550449344798,1.95189109233504,-0.127550449344798,-0.127550449344798,-0.127550449344798,-0.127550449344798,-0.127550449344798,5.79402797029902,5.14030770971853,4.31510080714552,4.44716052915858,-0.127550449344798,2.70566289471142,1.4818874630893,-0.127550449344798,4.12094479270456,3.65663918457346,-0.127550449344798
"SCBAG5","ColaDeBallena",-0.162086915997294,3.94878694817602,5.13623045055074,7.26624627819351,-0.162086915997294,-0.162086915997294,-0.162086915997294,-0.162086915997294,4.23236223867515,6.2915380828954,-0.162086915997294,-0.162086915997294,-0.162086915997294,-0.162086915997294,-0.162086915997294,5.35536598046741,-0.162086915997294,-0.162086915997294,-0.162086915997294,-0.162086915997294,-0.162086915997294,5.64905407697941,5.51466688627099,4.70544753445829,4.47264207223234,-0.162086915997294,-0.162086915997294,-0.162086915997294,-0.162086915997294,4.02756782602913,4.33772275433297,2.47697041361796
"SCBAG6","ColaDeBallena",-0.137539630177779,3.50004652954861,6.01731846383864,6.75306948996939,-0.137539630177779,-0.137539630177779,-0.137539630177779,-0.137539630177779,5.00995484663567,5.49008148351286,-0.137539630177779,-0.137539630177779,-0.137539630177779,-0.137539630177779,-0.137539630177779,5.64011269304488,-0.137539630177779,-0.137539630177779,-0.137539630177779,-0.137539630177779,-0.137539630177779,6.08503663789359,4.50685126896359,4.95621057062898,3.08133619469042,-0.137539630177779,-0.137539630177779,-0.137539630177779,-0.137539630177779,4.37331987633907,2.95350282318054,-0.137539630177779
"FEZAG1","EsteroZacatecas",4.71523128363735,-0.204749642190773,-0.204749642190773,-0.204749642190773,-0.204749642190773,3.22923756229437,3.8025835430417,4.59104090340597,-0.204749642190773,-0.204749642190773,6.01584052790897,6.23300200754563,7.02798349398684,4.64728062172884,5.4083784641973,-0.204749642190773,4.82568827920166,5.52209810539642,5.59434301226975,4.29506002813949,4.22606715665254,-0.204749642190773,-0.204749642190773,-0.204749642190773,-0.204749642190773,4.80588565190548,-0.204749642190773,-0.204749642190773,6.12675220770292,4.15195918449882,4.41037087465049,3.76554227136135
"FEZAG3","EsteroZacatecas",4.66054709215168,2.71463694309637,-0.229802036070073,-0.229802036070073,4.62222822784954,4.83910216615016,5.19954359288437,4.99594463764313,-0.229802036070073,1.84963950560976,5.73634470305362,6.48921111831519,6.15539236292765,2.81472040165335,4.67547274236836,-0.229802036070073,5.41917220209113,3.91333269032146,5.79606393775524,4.51513009229318,4.31349274619993,-0.229802036070073,-0.229802036070073,-0.229802036070073,-0.229802036070073,5.450370572947,4.23610608258451,4.25883433366207,4.46154584615907,4.92925326314446,5.67283129733129,4.06065740507832
"FEZAG4","EsteroZacatecas",4.1842100353881,2.6400126448224,-0.304426334344039,-0.304426334344039,2.78661611901428,2.91444949052416,4.27028464415934,4.73899878257521,-0.304426334344039,-0.304426334344039,4.7454296729055,5.39935614031216,4.52388740295826,-0.304426334344039,3.16130956845569,-0.304426334344039,4.17291048013417,3.54572126736602,5.00384136305717,3.85445674901563,2.83106788158511,-0.304426334344039,-0.304426334344039,-0.304426334344039,1.89279824299218,6.87411914941966,5.13799137617775,4.60822855139201,5.08006872844505,5.53621532302936,5.22102660478774,3.22193419027212
"FEZAG5","EsteroZacatecas",3.01968341416598,3.13301209947298,-0.199192410702225,-0.199192410702225,-0.199192410702225,-0.199192410702225,-0.199192410702225,3.411725501942,-0.199192410702225,-0.199192410702225,1.88024913097761,3.46436923542742,1.99803216663399,-0.199192410702225,2.93630180522692,-0.199192410702225,2.79653986285177,2.74524656846422,-0.199192410702225,3.29731515076426,-0.199192410702225,-0.199192410702225,-0.199192410702225,-0.199192410702225,2.50885779039999,4.79124017607651,5.08401131803576,4.43553657752741,2.50885779039999,4.84423270621702,5.17144561742544,3.13301209947298
"FEZAG6","EsteroZacatecas",4.76357639018534,-0.247058903910911,-0.247058903910911,-0.247058903910911,1.6988512451444,3.15413847775124,4.99996516824958,4.74337368286783,-0.247058903910911,-0.247058903910911,3.4665131627934,5.60226587603595,5.86662327592132,3.60308869779915,5.78121961631979,-0.247058903910911,4.65078089604,4.48032891480143,4.86492888444563,4.14739025076153,4.00143633813845,-0.247058903910911,-0.247058903910911,-0.247058903910911,-0.247058903910911,4.84669129689585,3.58158249257818,3.76027428132156,5.18228672504353,4.72967483850966,6.08444294598278,3.68476672881342
"SEZAG2","EsteroZacatecas",4.27458995310516,-0.191318165549427,-0.191318165549427,-0.191318165549427,5.54202311134832,6.37535426425381,2.89972428780889,3.20987921611273,-0.191318165549427,-0.191318165549427,4.09914127559896,5.50577532095598,6.28102812895147,5.16997400016,-0.191318165549427,-0.191318165549427,4.44341082268021,5.06617720647836,4.08534795346663,4.15248725630426,4.79228845615891,-0.191318165549427,-0.191318165549427,3.17597766443705,3.56988195014414,-0.191318165549427,3.85173310228512,3.14088634462578,-0.191318165549427,5.37702633821167,4.12616994798688,4.55361396281382
"SEZAG3","EsteroZacatecas",4.00682987844091,2.95473760540769,-0.136304847950622,-0.136304847950622,5.14689888078737,6.08627142012075,3.55257460616331,3.52725679817902,-0.136304847950622,-0.136304847950622,3.99082953709447,5.88228836654561,7.12281128014648,5.24819021483847,1.24998951316927,-0.136304847950622,4.96964062594996,5.42821555937207,4.98765913145264,4.39629464520263,4.38548372909842,-0.136304847950622,-0.136304847950622,3.4746130646936,2.99918936797853,3.29768235653452,-0.136304847950622,3.29768235653452,3.26489253371153,4.59108297076172,-0.136304847950622,3.99082953709447
"SEZAG4","EsteroZacatecas",3.18580728468166,-0.310700276784822,-0.310700276784822,-0.310700276784822,1.99188481620922,3.5811200213258,3.1550356260149,4.03310514506886,-0.310700276784822,2.32835705283044,-0.310700276784822,5.98271900206166,3.18580728468166,3.45049983890874,3.42696934149855,-0.310700276784822,3.89399234260614,4.8987858760566,-0.310700276784822,4.32402871144481,4.80128751157172,-0.310700276784822,-0.310700276784822,3.37817917732911,2.63373870238162,3.35286136934482,3.42696934149855,5.2690295492014,-0.310700276784822,6.41192951807063,5.4063274246214,3.51794111970427
"SEZAG6","EsteroZacatecas",5.5776637388083,-0.181238035068979,-0.181238035068979,-0.181238035068979,5.5808133477112,6.33347465580355,4.16256738678471,3.77000568351245,-0.181238035068979,-0.181238035068979,6.3364332378433,5.67669511941448,7.48028904628954,6.00497058883152,-0.181238035068979,-0.181238035068979,4.89393578016485,4.88766616715125,5.34819105244244,3.40228090338713,5.44997374675239,-0.181238035068979,-0.181238035068979,3.21995934659318,-0.181238035068979,3.40228090338713,3.42967987757525,3.78905387848314,4.05286846952828,4.78857526450702,4.23760257272762,5.35215145365854
