"","February","February.pval","September","September.pval","MeanDecreaseAccuracy","MeanDecreaseAccuracy.pval","MeanDecreaseGini","MeanDecreaseGini.pval"
"k__Bacteria|p__Rhodothermota|c__Rhodothermia|o__Rhodothermales|f__Rhodothermaceae|g__|s__|ASV_2086",4.61410825615901,0.0099009900990099,4.7733916548197,0.0099009900990099,4.9630721537582,0.0099009900990099,0.474749961149961,0.0099009900990099
"k__Bacteria|p__Rhodothermota|c__Rhodothermia|o__Rhodothermales|f__Rhodothermaceae|g__Rubrivirga|s__|ASV_3298",3.46703973437493,0.0099009900990099,4.38610204492276,0.0198019801980198,4.50924402606162,0.0099009900990099,0.335787345987346,0.0495049504950495
"k__Bacteria|p__Actinomycetota|c__Actinobacteria|o__Nitriliruptorales|f__Nitriliruptoraceae|g__|s__|ASV_10841",4.00435208254628,0.0099009900990099,3.62555119596706,0.0099009900990099,4.36260107972179,0.0099009900990099,0.27573199023199,0.316831683168317
"k__Bacteria|p__Pseudomonadota|c__Alphaproteobacteria|o__Rhodobacterales|f__Paracoccaceae|g__Palleronia-Pseudomaribius|s__|ASV_6338",3.92402323046021,0.0099009900990099,4.0642655381829,0.0099009900990099,4.24815984840359,0.0099009900990099,0.371491919191919,0.0099009900990099
"k__Bacteria|p__Pseudomonadota|c__Alphaproteobacteria|o__Sphingomonadales|f__Sphingomonadaceae|g__Sphingomicrobium|s__|ASV_13477",3.70803177242266,0.0198019801980198,3.81492604417249,0.0099009900990099,4.19337619084615,0.0198019801980198,0.279150360750361,0.277227722772277
"k__Bacteria|p__Pseudomonadota|c__Alphaproteobacteria|o__Rhodobacterales|f__Paracoccaceae|g__Palleronia-Pseudomaribius|s__|ASV_3202",3.46953677786937,0.0198019801980198,3.25900053886178,0.0297029702970297,4.04369107372826,0.0198019801980198,0.298903219003219,0.227722772277228
"k__Bacteria|p__Pseudomonadota|c__Alphaproteobacteria|o__|f__|g__|s__|ASV_5450",3.68925028365335,0.0396039603960396,3.89640623153861,0.0198019801980198,4.00101540541199,0.0099009900990099,0.284316705516706,0.297029702970297
"k__Bacteria|p__Actinomycetota|c__Actinobacteria|o__Micrococcales|f__Intrasporangiaceae|g__|s__|ASV_82",3.66907968092456,0.0198019801980198,3.69896745148369,0.0198019801980198,3.96084163113925,0.0297029702970297,0.268715728715729,0.455445544554455
"k__Bacteria|p__Rhodothermota|c__Rhodothermia|o__Rhodothermales|f__Rhodothermaceae|g__Rubrivirga|s__|ASV_9879",3.48383279976029,0.0297029702970297,3.41715350070149,0.0297029702970297,3.93570024097371,0.0198019801980198,0.288211832611833,0.316831683168317
"k__Bacteria|p__Pseudomonadota|c__Alphaproteobacteria|o__Rhodobacterales|f__Paracoccaceae|g__|s__|ASV_1011",3.99545788618031,0.0198019801980198,2.28340615715774,0.0792079207920792,3.91483179942929,0.0198019801980198,0.255775946275946,0.554455445544555
"k__Bacteria|p__Actinomycetota|c__Actinobacteria|o__Euzebyales|f__Euzebyaceae|g__|s__|ASV_15365",3.50698017241371,0.0099009900990099,2.93539826067594,0.0099009900990099,3.87659139598058,0.0099009900990099,0.255431024531025,0.495049504950495
"k__Bacteria|p__Rhodothermota|c__Rhodothermia|o__Rhodothermales|f__Rhodothermaceae|g__|s__|ASV_5842",3.23380204098666,0.0594059405940594,3.0948488059418,0.0396039603960396,3.81040363532651,0.0198019801980198,0.240931091131091,0.653465346534653
"k__Bacteria|p__Pseudomonadota|c__Alphaproteobacteria|o__Sphingomonadales|f__Sphingomonadaceae|g__Pacificimonas|s__|ASV_10664",3.64026314960709,0.0198019801980198,2.36780889118885,0.0693069306930693,3.79501479482345,0.0099009900990099,0.238261072261072,0.643564356435644
"k__Bacteria|p__Actinomycetota|c__Actinobacteria|o__Euzebyales|f__Euzebyaceae|g__|s__|ASV_4057",3.34261453437166,0.0396039603960396,3.32666954960443,0.0297029702970297,3.78505764670804,0.0396039603960396,0.248592307692308,0.534653465346535
"k__Bacteria|p__Pseudomonadota|c__Alphaproteobacteria|o__Rhodobacterales|f__Paracoccaceae|g__Palleronia-Pseudomaribius|s__|ASV_10594",3.64812806017598,0.0198019801980198,3.45094238411475,0.0099009900990099,3.77818369623551,0.0099009900990099,0.302348629148629,0.128712871287129
"k__Bacteria|p__Pseudomonadota|c__Alphaproteobacteria|o__Caulobacterales|f__Parvularculaceae|g__Parvularcula|s__|ASV_6944",3.31628663363013,0.0297029702970297,2.94791669686567,0.0396039603960396,3.76849936152072,0.0297029702970297,0.218273992673993,0.782178217821782
"k__Bacteria|p__Actinomycetota|c__Actinobacteria|o__Frankiales|f__Sporichthyaceae|g__Sporichthya|s__|ASV_3678",3.51682636251291,0.0099009900990099,3.42990668975515,0.0198019801980198,3.74991687626361,0.0099009900990099,0.227698656898657,0.762376237623762
"k__Bacteria|p__Actinomycetota|c__Actinobacteria|o__Nitriliruptorales|f__Nitriliruptoraceae|g__|s__|ASV_13518",3.77505254935464,0.0198019801980198,3.43350270180707,0.0297029702970297,3.7241736426343,0.0198019801980198,0.268042712842713,0.306930693069307
"k__Bacteria|p__Rhodothermota|c__Rhodothermia|o__Rhodothermales|f__Rhodothermaceae|g__|s__|ASV_11225",3.29010264773607,0.0693069306930693,3.14110711826563,0.0099009900990099,3.59622855942478,0.0396039603960396,0.240395093795094,0.594059405940594
"k__Bacteria|p__Rhodothermota|c__Rhodothermia|o__Rhodothermales|f__Rhodothermaceae|g__Rubrivirga|s__|ASV_7122",3.30582399733418,0.0396039603960396,3.42364543995355,0.0198019801980198,3.58520269016251,0.0297029702970297,0.243844444444444,0.653465346534653
"k__Bacteria|p__Bacteroidota|c__Bacteroidia|o__Cytophagales|f__Cyclobacteriaceae|g__Tunicatimonas|s__|ASV_6535",1.87747084683989,0.0891089108910891,3.36774106012821,0.0099009900990099,3.52876241946091,0.0099009900990099,0.292460805860806,0.207920792079208
"k__Bacteria|p__Rhodothermota|c__Rhodothermia|o__Rhodothermales|f__Rhodothermaceae|g__|s__|ASV_12652",3.19679648561715,0.0396039603960396,3.28076278096347,0.0297029702970297,3.42261636898324,0.0198019801980198,0.214561283161283,0.811881188118812
"k__Bacteria|p__Actinomycetota|c__Actinobacteria|o__Nitriliruptorales|f__Nitriliruptoraceae|g__|s__|ASV_1823",3.05152207563443,0.0297029702970297,3.28166942683767,0.0198019801980198,3.39659738857562,0.0099009900990099,0.210508225108225,0.881188118811881
"k__Bacteria|p__Actinomycetota|c__Actinobacteria|o__Nitriliruptorales|f__Nitriliruptoraceae|g__|s__|ASV_15235",2.97225303105454,0.0495049504950495,3.00996856669984,0.0099009900990099,3.32341696452872,0.0297029702970297,0.226142812742813,0.782178217821782
"k__Bacteria|p__Pseudomonadota|c__Alphaproteobacteria|o__Sphingomonadales|f__Sphingomonadaceae|g__Sphingomicrobium|s__|ASV_14934",2.56513154297686,0.0891089108910891,2.88005587362593,0.0594059405940594,3.31242579190532,0.0594059405940594,0.350007592407592,0.0396039603960396
"k__Bacteria|p__Thermodesulfobacteriota|c__Desulfobulbia|o__Desulfobulbales|f__Desulfocapsaceae|g__|s__|ASV_15773",2.7437530733054,0.0495049504950495,3.24134095914287,0.0297029702970297,3.2929511697127,0.0297029702970297,0.250733266733267,0.455445544554455
"k__Bacteria|p__Pseudomonadota|c__Alphaproteobacteria|o__Sphingomonadales|f__Sphingomonadaceae|g__Sphingomicrobium|s__|ASV_429",2.85280120837202,0.0495049504950495,2.36514950705676,0.0594059405940594,3.28897181670734,0.0198019801980198,0.246333233433233,0.504950495049505
"k__Bacteria|p__Actinomycetota|c__Acidimicrobiia|o__Microtrichales|f__Iamiaceae|g__Iamia|s__|ASV_5513",2.85525391592324,0.0693069306930693,2.86266999588519,0.0396039603960396,3.19308097032392,0.0594059405940594,0.159695482295482,1
"k__Bacteria|p__Pseudomonadota|c__Alphaproteobacteria|o__Rhodobacterales|f__Paracoccaceae|g__Maribius|s__|ASV_6628",3.03273648067504,0.0495049504950495,2.41108750802659,0.0495049504950495,2.96131728734144,0.0396039603960396,0.215174347874348,0.871287128712871
"k__Bacteria|p__Pseudomonadota|c__Alphaproteobacteria|o__Sphingomonadales|f__Sphingomonadaceae|g__|s__|ASV_14489",2.49708754959931,0.0495049504950495,2.40522094935728,0.0792079207920792,2.94680763774331,0.0495049504950495,0.260003563103563,0.475247524752475
"k__Bacteria|p__Actinomycetota|c__Actinobacteria|o__Euzebyales|f__Euzebyaceae|g__|s__|ASV_7017",2.18927878665974,0.0792079207920792,2.51177835404905,0.099009900990099,2.66147297943985,0.0594059405940594,0.167398601398601,0.99009900990099
"k__Bacteria|p__Pseudomonadota|c__Alphaproteobacteria|o__Rhodobacterales|f__Paracoccaceae|g__|s__|ASV_1163",2.3928314525452,0.0297029702970297,1.59403178247675,0.138613861386139,2.48409548435361,0.0396039603960396,0.16531544011544,1
"k__Bacteria|p__Pseudomonadota|c__Alphaproteobacteria|o__Sphingomonadales|f__Sphingomonadaceae|g__Qipengyuania|s__|ASV_13211",1.89151967428218,0.128712871287129,2.27157565923527,0.0792079207920792,2.46205889027084,0.0891089108910891,0.131455755355755,1
