"Family","metagenomeSeq_n_sig","DESeq2_n_sig","ANCOM-BC2_n_sig","metagenomeSeq_site_enriched","DESeq2_site_enriched","ANCOM-BC2_site_enriched","LEfSe_LDA","LEfSe_enriched","LEfSe_sig"
"Paracoccaceae",59,61,2,"ColaDeBallena","EsteroZacatecas","ColaDeBallena",NA,NA,NA
"Cyclobacteriaceae",36,45,2,"EsteroZacatecas","EsteroZacatecas","EsteroZacatecas",4.32143738394671,"EsteroZacatecas","***"
"Flavobacteriaceae",38,43,2,"EsteroZacatecas","EsteroZacatecas","ColaDeBallena",NA,NA,NA
"Saprospiraceae",28,42,NA,"EsteroZacatecas","EsteroZacatecas",NA,NA,NA,NA
"Sphingomonadaceae",30,31,1,"ColaDeBallena","ColaDeBallena","EsteroZacatecas",NA,NA,NA
"Rhodothermaceae",24,34,2,"ColaDeBallena","EsteroZacatecas","EsteroZacatecas",NA,NA,NA
"Nitriliruptoraceae",13,15,NA,"ColaDeBallena","ColaDeBallena",NA,NA,NA,NA
"Rhizobiaceae",12,14,NA,"EsteroZacatecas","EsteroZacatecas",NA,NA,NA,NA
"Xenococcaceae",11,14,NA,"EsteroZacatecas","EsteroZacatecas",NA,3.72398117693881,"EsteroZacatecas","*"
"Ilumatobacteraceae",11,13,NA,"ColaDeBallena","EsteroZacatecas",NA,NA,NA,NA
"Nocardioidaceae",10,11,NA,"ColaDeBallena","ColaDeBallena",NA,4.18215675994134,"ColaDeBallena","***"
"Nostocaceae",10,11,NA,"EsteroZacatecas","EsteroZacatecas",NA,4.62675769667808,"EsteroZacatecas","***"
"Woeseiaceae",7,11,NA,"EsteroZacatecas","EsteroZacatecas",NA,NA,NA,NA
"Sandaracinaceae",7,10,NA,"ColaDeBallena","ColaDeBallena",NA,4.0900708672032,"ColaDeBallena","**"
"Prolixibacteraceae",6,8,NA,"ColaDeBallena","ColaDeBallena",NA,3.78965792607261,"ColaDeBallena","**"
"Neomegalonemataceae",8,5,NA,"EsteroZacatecas","EsteroZacatecas",NA,3.68591159117547,"EsteroZacatecas","**"
"A4b",5,7,NA,"EsteroZacatecas","EsteroZacatecas",NA,3.57879838313708,"EsteroZacatecas","**"
"Halieaceae",5,7,NA,"EsteroZacatecas","EsteroZacatecas",NA,NA,NA,NA
"Phormidesmiaceae",3,9,NA,"EsteroZacatecas","EsteroZacatecas",NA,3.68498149992492,"EsteroZacatecas","***"
"Desulfocapsaceae",5,5,NA,"EsteroZacatecas","EsteroZacatecas",NA,NA,NA,NA
"Desulfosarcinaceae",5,5,NA,"ColaDeBallena","ColaDeBallena",NA,NA,NA,NA
"Vibrionaceae",4,6,NA,"ColaDeBallena","ColaDeBallena",NA,NA,NA,NA
"Alteromonadaceae",4,5,NA,"EsteroZacatecas","EsteroZacatecas",NA,3.71264222574201,"EsteroZacatecas","**"
"Cellvibrionaceae",6,3,NA,"ColaDeBallena","ColaDeBallena",NA,3.8561121325869,"ColaDeBallena","**"
"Cyanobiaceae",4,4,NA,"EsteroZacatecas","EsteroZacatecas",NA,3.34131703409095,"EsteroZacatecas","***"
"Gimesiaceae",2,6,NA,"EsteroZacatecas","ColaDeBallena",NA,NA,NA,NA
"Rubritaleaceae",2,6,NA,"EsteroZacatecas","EsteroZacatecas",NA,NA,NA,NA
"Thermoanaerobaculaceae",4,4,NA,"ColaDeBallena","EsteroZacatecas",NA,NA,NA,NA
"Chromatiaceae",3,4,NA,"EsteroZacatecas","EsteroZacatecas",NA,3.09717950400649,"EsteroZacatecas","*"
"Euzebyaceae",3,4,NA,"EsteroZacatecas","EsteroZacatecas",NA,NA,NA,NA
"Pseudohongiellaceae",3,4,NA,"ColaDeBallena","ColaDeBallena",NA,NA,NA,NA
"DEV007",2,4,NA,"EsteroZacatecas","EsteroZacatecas",NA,3.25720509741161,"EsteroZacatecas","*"
"Granulosicoccaceae",3,3,NA,"EsteroZacatecas","EsteroZacatecas",NA,NA,NA,NA
"Kiloniellaceae",2,4,NA,"EsteroZacatecas","ColaDeBallena",NA,NA,NA,NA
"Pirellulaceae",3,3,NA,"ColaDeBallena","ColaDeBallena",NA,NA,NA,NA
"Pseudoalteromonadaceae",3,3,NA,"EsteroZacatecas","EsteroZacatecas",NA,3.44479269683748,"EsteroZacatecas","**"
"Sulfurovaceae",3,3,NA,"ColaDeBallena","ColaDeBallena",NA,NA,NA,NA
"Caldilineaceae",2,3,NA,"EsteroZacatecas","EsteroZacatecas",NA,NA,NA,NA
"Cryomorphaceae",1,4,NA,"EsteroZacatecas","EsteroZacatecas",NA,3.38171641345353,"EsteroZacatecas","**"
"Marinobacteraceae",2,3,NA,"ColaDeBallena","ColaDeBallena",NA,3.69733593653702,"ColaDeBallena","**"
"Mooreiaceae",3,2,NA,"ColaDeBallena","EsteroZacatecas",NA,NA,NA,NA
"Puniceicoccaceae",2,3,NA,"ColaDeBallena","ColaDeBallena",NA,NA,NA,NA
"211ds20",2,2,NA,"ColaDeBallena","ColaDeBallena",NA,NA,NA,NA
"Alcanivoracaceae",2,2,NA,"EsteroZacatecas","EsteroZacatecas",NA,NA,NA,NA
"Crocinitomicaceae",2,2,NA,"EsteroZacatecas","EsteroZacatecas",NA,NA,NA,NA
"Flammeovirgaceae",2,2,NA,"EsteroZacatecas","EsteroZacatecas",NA,3.29561801167488,"EsteroZacatecas","**"
"Haliangiaceae",2,2,NA,"EsteroZacatecas","EsteroZacatecas",NA,NA,NA,NA
"Hyphomonadaceae",2,2,NA,"EsteroZacatecas","EsteroZacatecas",NA,NA,NA,NA
"Microtrichaceae",1,2,1,"EsteroZacatecas","EsteroZacatecas","EsteroZacatecas",NA,NA,NA
"Nitrincolaceae",2,2,NA,"ColaDeBallena","ColaDeBallena",NA,3.41369681058138,"ColaDeBallena","**"
"Parvularculaceae",2,2,NA,"EsteroZacatecas","EsteroZacatecas",NA,NA,NA,NA
"Phycisphaeraceae",2,2,NA,"EsteroZacatecas","EsteroZacatecas",NA,NA,NA,NA
"Rhodomicrobiaceae",2,2,NA,"EsteroZacatecas","EsteroZacatecas",NA,NA,NA,NA
"Rubrobacteriaceae",2,2,NA,"EsteroZacatecas","EsteroZacatecas",NA,NA,NA,NA
"Desulfobulbaceae",1,2,NA,"ColaDeBallena","ColaDeBallena",NA,3.60533628102197,"ColaDeBallena","**"
"Devosiaceae",2,1,NA,"ColaDeBallena","ColaDeBallena",NA,3.46428147196903,"ColaDeBallena","**"
"Ectothiorhodospiraceae",1,2,NA,"ColaDeBallena","ColaDeBallena",NA,3.24327887497261,"ColaDeBallena","**"
"Leucotrichaceae",2,1,NA,"ColaDeBallena","ColaDeBallena",NA,NA,NA,NA
"Microcystaceae",1,2,NA,"EsteroZacatecas","EsteroZacatecas",NA,NA,NA,NA
"Solirubrobacteraceae",2,1,NA,"EsteroZacatecas","EsteroZacatecas",NA,3.21839841168084,"EsteroZacatecas","**"
"Spirochaetaceae",1,2,NA,"ColaDeBallena","ColaDeBallena",NA,NA,NA,NA
"Spongiibacteraceae",1,2,NA,"ColaDeBallena","ColaDeBallena",NA,3.39311136462958,"ColaDeBallena","**"
"Anaerolineaceae",1,1,NA,"ColaDeBallena","ColaDeBallena",NA,NA,NA,NA
"Arenicellaceae",1,1,NA,"ColaDeBallena","ColaDeBallena",NA,NA,NA,NA
"Balneolaceae",1,1,NA,"ColaDeBallena","ColaDeBallena",NA,3.29386657341917,"ColaDeBallena","*"
"Calditrichaceae",1,1,NA,"ColaDeBallena","ColaDeBallena",NA,NA,NA,NA
"Halomicrobiaceae",1,1,NA,"ColaDeBallena","ColaDeBallena",NA,NA,NA,NA
"Halomonadaceae",1,1,NA,"ColaDeBallena","ColaDeBallena",NA,NA,NA,NA
"Hydrogenedensaceae",1,1,NA,"ColaDeBallena","ColaDeBallena",NA,NA,NA,NA
"Intrasporangiaceae",1,1,NA,"ColaDeBallena","ColaDeBallena",NA,NA,NA,NA
"KF-JG30-B3",1,1,NA,"ColaDeBallena","ColaDeBallena",NA,NA,NA,NA
"Lutibaculaceae",1,1,NA,"ColaDeBallena","ColaDeBallena",NA,NA,NA,NA
"Methyloligellaceae",1,1,NA,"EsteroZacatecas","EsteroZacatecas",NA,NA,NA,NA
"Micavibrionaceae",1,1,NA,"EsteroZacatecas","EsteroZacatecas",NA,NA,NA,NA
"Myxococcaceae",1,1,NA,"EsteroZacatecas","EsteroZacatecas",NA,NA,NA,NA
"Oligoflexaceae",1,1,NA,"ColaDeBallena","ColaDeBallena",NA,NA,NA,NA
"Peptostreptococcaceae",1,1,NA,"ColaDeBallena","ColaDeBallena",NA,NA,NA,NA
"Porticoccaceae",1,1,NA,"ColaDeBallena","ColaDeBallena",NA,NA,NA,NA
"Propionibacteriaceae",1,1,NA,"EsteroZacatecas","EsteroZacatecas",NA,NA,NA,NA
"Saccharospirillaceae",1,1,NA,"EsteroZacatecas","EsteroZacatecas",NA,NA,NA,NA
"Salinisphaeraceae",1,1,NA,"ColaDeBallena","ColaDeBallena",NA,NA,NA,NA
"Sedimenticolaceae",1,1,NA,"ColaDeBallena","ColaDeBallena",NA,NA,NA,NA
"Trueperaceae",1,1,NA,"EsteroZacatecas","EsteroZacatecas",NA,NA,NA,NA
"Ardenticatenaceae",1,NA,NA,"ColaDeBallena",NA,NA,NA,NA,NA
"C2U",1,NA,NA,"EsteroZacatecas",NA,NA,NA,NA,NA
"Caulobacteraceae",1,NA,NA,"ColaDeBallena",NA,NA,NA,NA,NA
"Marinomonadaceae",1,NA,NA,"EsteroZacatecas",NA,NA,NA,NA,NA
"Mycobacteriaceae",1,NA,NA,"EsteroZacatecas",NA,NA,NA,NA,NA
"Nitrosomonadaceae",1,NA,NA,"ColaDeBallena",NA,NA,NA,NA,NA
"Phormidiaceae",1,NA,NA,"EsteroZacatecas",NA,NA,3.14999608685561,"EsteroZacatecas","*"
"Pseudobdellovibrionaceae",1,NA,NA,"EsteroZacatecas",NA,NA,NA,NA,NA
"Thalassospiraceae",1,NA,NA,"ColaDeBallena",NA,NA,NA,NA,NA
"Desulfatirhabdiaceae",NA,1,NA,NA,"ColaDeBallena",NA,NA,NA,NA
"KI89A_clade",NA,1,NA,NA,"ColaDeBallena",NA,NA,NA,NA
"Longimicrobiaceae",NA,1,NA,NA,"EsteroZacatecas",NA,NA,NA,NA
"Marinifilaceae",NA,1,NA,NA,"ColaDeBallena",NA,NA,NA,NA
"Nodosilineaceae",NA,1,NA,NA,"EsteroZacatecas",NA,NA,NA,NA
