"Pathway_ID","Description","metagenomeSeq","linda","ALDEx2_kw","ancombc2","DESeq2","edgeR","wilcox_GMPR","wilcox_Wrench","Total_Methods_Sig","Found_By_All","Found_By_All_But_One","Found_By_Core","description"
"ARGDEG-IV-PWY","L-arginine degradation VIII (arginine oxidase pathway)",1,1,1,1,1,1,1,1,8,TRUE,TRUE,TRUE,"L-arginine degradation VIII (arginine oxidase pathway)"
"ASPASN-PWY","superpathway of L-aspartate and L-asparagine biosynthesis",1,1,1,1,1,1,1,1,8,TRUE,TRUE,TRUE,"superpathway of L-aspartate and L-asparagine biosynthesis"
"CHLOROPHYLL-SYN","3,8-divinyl-chlorophyllide a biosynthesis I (aerobic, light-dependent)",1,1,1,1,1,1,1,1,8,TRUE,TRUE,TRUE,"3,8-divinyl-chlorophyllide a biosynthesis I (aerobic, light-dependent)"
"CODH-PWY","reductive acetyl coenzyme A pathway I (homoacetogenic bacteria)",1,1,1,1,1,1,1,1,8,TRUE,TRUE,TRUE,"reductive acetyl coenzyme A pathway I (homoacetogenic bacteria)"
"DARABCATK12-PWY","D-arabinose degradation I",1,1,1,1,1,1,1,1,8,TRUE,TRUE,TRUE,"D-arabinose degradation I"
"DENOVOPURINE2-PWY","superpathway of purine nucleotides de novo biosynthesis II",1,1,1,1,1,1,1,1,8,TRUE,TRUE,TRUE,"superpathway of purine nucleotides de novo biosynthesis II"
"DHGLUCONATE-PYR-CAT-PWY","glucose degradation (oxidative)",1,1,1,1,1,1,1,1,8,TRUE,TRUE,TRUE,"glucose degradation (oxidative)"
"DTDPRHAMSYN-PWY","dTDP-&beta;-L-rhamnose biosynthesis",1,1,1,1,1,1,1,1,8,TRUE,TRUE,TRUE,"dTDP-&beta;-L-rhamnose biosynthesis"
"FUC-RHAMCAT-PWY","superpathway of fucose and rhamnose degradation",1,1,1,1,1,1,1,1,8,TRUE,TRUE,TRUE,"superpathway of fucose and rhamnose degradation"
"FUCCAT-PWY","fucose degradation",1,1,1,1,1,1,1,1,8,TRUE,TRUE,TRUE,"fucose degradation"
"GALACTITOLCAT-PWY","galactitol degradation",1,1,1,1,1,1,1,1,8,TRUE,TRUE,TRUE,"galactitol degradation"
"GLCMANNANAUT-PWY","superpathway of N-acetylglucosamine, N-acetylmannosamine and N-acetylneuraminate degradation",1,1,1,1,1,1,1,1,8,TRUE,TRUE,TRUE,"superpathway of N-acetylglucosamine, N-acetylmannosamine and N-acetylneuraminate degradation"
"GLUDEG-I-PWY","GABA shunt",1,1,1,1,1,1,1,1,8,TRUE,TRUE,TRUE,"GABA shunt"
"GLYCOCAT-PWY","glycogen degradation I",1,1,1,1,1,1,1,1,8,TRUE,TRUE,TRUE,"glycogen degradation I"
"GLYCOL-GLYOXDEG-PWY","superpathway of glycol metabolism and degradation",1,1,1,1,1,1,1,1,8,TRUE,TRUE,TRUE,"superpathway of glycol metabolism and degradation"
"HCAMHPDEG-PWY","3-phenylpropanoate and 3-(3-hydroxyphenyl)propanoate degradation to 2-hydroxypentadienoate",1,1,1,1,1,1,1,1,8,TRUE,TRUE,TRUE,"3-phenylpropanoate and 3-(3-hydroxyphenyl)propanoate degradation to 2-hydroxypentadienoate"
"HEMESYN2-PWY","heme b biosynthesis II (oxygen-independent)",1,1,1,1,1,1,1,1,8,TRUE,TRUE,TRUE,"heme b biosynthesis II (oxygen-independent)"
"HEXITOLDEGSUPER-PWY","superpathway of hexitol degradation (bacteria)",1,1,1,1,1,1,1,1,8,TRUE,TRUE,TRUE,"superpathway of hexitol degradation (bacteria)"
"HOMOSER-METSYN-PWY","L-methionine biosynthesis I",1,1,1,1,1,1,1,1,8,TRUE,TRUE,TRUE,"L-methionine biosynthesis I"
"KETOGLUCONMET-PWY","ketogluconate metabolism",1,1,1,1,1,1,1,1,8,TRUE,TRUE,TRUE,"ketogluconate metabolism"
"MET-SAM-PWY","superpathway of S-adenosyl-L-methionine biosynthesis",1,1,1,1,1,1,1,1,8,TRUE,TRUE,TRUE,"superpathway of S-adenosyl-L-methionine biosynthesis"
"METH-ACETATE-PWY","methanogenesis from acetate",1,1,1,1,1,1,1,1,8,TRUE,TRUE,TRUE,"methanogenesis from acetate"
"METHANOGENESIS-PWY","methanogenesis from H2 and CO2",1,1,1,1,1,1,1,1,8,TRUE,TRUE,TRUE,"methanogenesis from H2 and CO2"
"METHGLYUT-PWY","superpathway of methylglyoxal degradation",1,1,1,1,1,1,1,1,8,TRUE,TRUE,TRUE,"superpathway of methylglyoxal degradation"
"METSYN-PWY","superpathway of L-homoserine and L-methionine biosynthesis",1,1,1,1,1,1,1,1,8,TRUE,TRUE,TRUE,"superpathway of L-homoserine and L-methionine biosynthesis"
"NAD-BIOSYNTHESIS-II","NAD salvage pathway III (to nicotinamide riboside)",1,1,1,1,1,1,1,1,8,TRUE,TRUE,TRUE,"NAD salvage pathway III (to nicotinamide riboside)"
"NADSYN-PWY","NAD de novo biosynthesis II (from tryptophan)",1,1,1,1,1,1,1,1,8,TRUE,TRUE,TRUE,"NAD de novo biosynthesis II (from tryptophan)"
"NAGLIPASYN-PWY","lipid IVA biosynthesis (E. coli)",1,1,1,1,1,1,1,1,8,TRUE,TRUE,TRUE,"lipid IVA biosynthesis (E. coli)"
"ORNDEG-PWY","superpathway of ornithine degradation",1,1,1,1,1,1,1,1,8,TRUE,TRUE,TRUE,"superpathway of ornithine degradation"
"P101-PWY","ectoine biosynthesis",1,1,1,1,1,1,1,1,8,TRUE,TRUE,TRUE,"ectoine biosynthesis"
"P105-PWY","TCA cycle IV (2-oxoglutarate decarboxylase)",1,1,1,1,1,1,1,1,8,TRUE,TRUE,TRUE,"TCA cycle IV (2-oxoglutarate decarboxylase)"
"P108-PWY","pyruvate fermentation to propanoate I",1,1,1,1,1,1,1,1,8,TRUE,TRUE,TRUE,"pyruvate fermentation to propanoate I"
"P163-PWY","L-lysine fermentation to acetate and butanoate",1,1,1,1,1,1,1,1,8,TRUE,TRUE,TRUE,"L-lysine fermentation to acetate and butanoate"
"P221-PWY","octane oxidation",1,1,1,1,1,1,1,1,8,TRUE,TRUE,TRUE,"octane oxidation"
"P241-PWY","coenzyme B biosynthesis",1,1,1,1,1,1,1,1,8,TRUE,TRUE,TRUE,"coenzyme B biosynthesis"
"P381-PWY","adenosylcobalamin biosynthesis II (aerobic)",1,1,1,1,1,1,1,1,8,TRUE,TRUE,TRUE,"adenosylcobalamin biosynthesis II (aerobic)"
"P441-PWY","superpathway of N-acetylneuraminate degradation",1,1,1,1,1,1,1,1,8,TRUE,TRUE,TRUE,"superpathway of N-acetylneuraminate degradation"
"P461-PWY","hexitol fermentation to lactate, formate, ethanol and acetate",1,1,1,1,1,1,1,1,8,TRUE,TRUE,TRUE,"hexitol fermentation to lactate, formate, ethanol and acetate"
"P562-PWY","myo-inositol degradation I",1,1,1,1,1,1,1,1,8,TRUE,TRUE,TRUE,"myo-inositol degradation I"
"PCPDEG-PWY","pentachlorophenol degradation",1,1,1,1,1,1,1,1,8,TRUE,TRUE,TRUE,"pentachlorophenol degradation"
"PROTOCATECHUATE-ORTHO-CLEAVAGE-PWY","protocatechuate degradation II (ortho-cleavage pathway)",1,1,1,1,1,1,1,1,8,TRUE,TRUE,TRUE,"protocatechuate degradation II (ortho-cleavage pathway)"
"PWY-1269","CMP-3-deoxy-D-manno-octulosonate biosynthesis",1,1,1,1,1,1,1,1,8,TRUE,TRUE,TRUE,"CMP-3-deoxy-D-manno-octulosonate biosynthesis"
"PWY-1361","benzoyl-CoA degradation I (aerobic)",1,1,1,1,1,1,1,1,8,TRUE,TRUE,TRUE,"benzoyl-CoA degradation I (aerobic)"
"PWY-1422","vitamin E biosynthesis (tocopherols)",1,1,1,1,1,1,1,1,8,TRUE,TRUE,TRUE,"vitamin E biosynthesis (tocopherols)"
"PWY-1501","mandelate degradation I",1,1,1,1,1,1,1,1,8,TRUE,TRUE,TRUE,"mandelate degradation I"
"PWY-1622","formaldehyde assimilation I (serine pathway)",1,1,1,1,1,1,1,1,8,TRUE,TRUE,TRUE,"formaldehyde assimilation I (serine pathway)"
"PWY-1861","formaldehyde assimilation II (assimilatory RuMP Cycle)",1,1,1,1,1,1,1,1,8,TRUE,TRUE,TRUE,"formaldehyde assimilation II (assimilatory RuMP Cycle)"
"PWY-2941","L-lysine biosynthesis II",1,1,1,1,1,1,1,1,8,TRUE,TRUE,TRUE,"L-lysine biosynthesis II"
"PWY-3481","superpathway of L-phenylalanine and L-tyrosine biosynthesis",1,1,1,1,1,1,1,1,8,TRUE,TRUE,TRUE,"superpathway of L-phenylalanine and L-tyrosine biosynthesis"
"PWY-4321","L-glutamate degradation IV",1,1,1,1,1,1,1,1,8,TRUE,TRUE,TRUE,"L-glutamate degradation IV"
"PWY-5005","biotin biosynthesis II",1,1,1,1,1,1,1,1,8,TRUE,TRUE,TRUE,"biotin biosynthesis II"
"PWY-5101","L-isoleucine biosynthesis II",1,1,1,1,1,1,1,1,8,TRUE,TRUE,TRUE,"L-isoleucine biosynthesis II"
"PWY-5104","L-isoleucine biosynthesis IV",1,1,1,1,1,1,1,1,8,TRUE,TRUE,TRUE,"L-isoleucine biosynthesis IV"
"PWY-5129","sphingolipid biosynthesis (plants)",1,1,1,1,1,1,1,1,8,TRUE,TRUE,TRUE,"sphingolipid biosynthesis (plants)"
"PWY-5181","toluene degradation III (aerobic) (via p-cresol)",1,1,1,1,1,1,1,1,8,TRUE,TRUE,TRUE,"toluene degradation III (aerobic) (via p-cresol)"
"PWY-5182","toluene degradation II (aerobic) (via 4-methylcatechol)",1,1,1,1,1,1,1,1,8,TRUE,TRUE,TRUE,"toluene degradation II (aerobic) (via 4-methylcatechol)"
"PWY-5209","methyl-coenzyme M oxidation to CO2",1,1,1,1,1,1,1,1,8,TRUE,TRUE,TRUE,"methyl-coenzyme M oxidation to CO2"
"PWY-5517","L-arabinose degradation III",1,1,1,1,1,1,1,1,8,TRUE,TRUE,TRUE,"L-arabinose degradation III"
"PWY-5519","D-arabinose degradation III",1,1,1,1,1,1,1,1,8,TRUE,TRUE,TRUE,"D-arabinose degradation III"
"PWY-561","superpathway of glyoxylate cycle and fatty acid degradation",1,1,1,1,1,1,1,1,8,TRUE,TRUE,TRUE,"superpathway of glyoxylate cycle and fatty acid degradation"
"PWY-5647","2-nitrobenzoate degradation I",1,1,1,1,1,1,1,1,8,TRUE,TRUE,TRUE,"2-nitrobenzoate degradation I"
"PWY-5651","L-tryptophan degradation to 2-amino-3-carboxymuconate semialdehyde",1,1,1,1,1,1,1,1,8,TRUE,TRUE,TRUE,"L-tryptophan degradation to 2-amino-3-carboxymuconate semialdehyde"
"PWY-5652","2-amino-3-carboxymuconate semialdehyde degradation to glutaryl-CoA",1,1,1,1,1,1,1,1,8,TRUE,TRUE,TRUE,"2-amino-3-carboxymuconate semialdehyde degradation to glutaryl-CoA"
"PWY-5654","2-amino-3-carboxymuconate semialdehyde degradation to 2-hydroxypentadienoate",1,1,1,1,1,1,1,1,8,TRUE,TRUE,TRUE,"2-amino-3-carboxymuconate semialdehyde degradation to 2-hydroxypentadienoate"
"PWY-5655","L-tryptophan degradation IX",1,1,1,1,1,1,1,1,8,TRUE,TRUE,TRUE,"L-tryptophan degradation IX"
"PWY-5656","mannosylglycerate biosynthesis I",1,1,1,1,1,1,1,1,8,TRUE,TRUE,TRUE,"mannosylglycerate biosynthesis I"
"PWY-5692","allantoin degradation to glyoxylate II",1,1,1,1,1,1,1,1,8,TRUE,TRUE,TRUE,"allantoin degradation to glyoxylate II"
"PWY-5705","allantoin degradation to glyoxylate III",1,1,1,1,1,1,1,1,8,TRUE,TRUE,TRUE,"allantoin degradation to glyoxylate III"
"PWY-5741","ethylmalonyl-CoA pathway",1,1,1,1,1,1,1,1,8,TRUE,TRUE,TRUE,"ethylmalonyl-CoA pathway"
"PWY-5837","2-carboxy-1,4-naphthoquinol biosynthesis",1,1,1,1,1,1,1,1,8,TRUE,TRUE,TRUE,"2-carboxy-1,4-naphthoquinol biosynthesis"
"PWY-5838","superpathway of menaquinol-8 biosynthesis I",1,1,1,1,1,1,1,1,8,TRUE,TRUE,TRUE,"superpathway of menaquinol-8 biosynthesis I"
"PWY-5840","superpathway of menaquinol-7 biosynthesis",1,1,1,1,1,1,1,1,8,TRUE,TRUE,TRUE,"superpathway of menaquinol-7 biosynthesis"
"PWY-5845","superpathway of menaquinol-9 biosynthesis",1,1,1,1,1,1,1,1,8,TRUE,TRUE,TRUE,"superpathway of menaquinol-9 biosynthesis"
"PWY-5850","superpathway of menaquinol-6 biosynthesis",1,1,1,1,1,1,1,1,8,TRUE,TRUE,TRUE,"superpathway of menaquinol-6 biosynthesis"
"PWY-5860","superpathway of demethylmenaquinol-6 biosynthesis I",1,1,1,1,1,1,1,1,8,TRUE,TRUE,TRUE,"superpathway of demethylmenaquinol-6 biosynthesis I"
"PWY-5861","superpathway of demethylmenaquinol-8 biosynthesis I",1,1,1,1,1,1,1,1,8,TRUE,TRUE,TRUE,"superpathway of demethylmenaquinol-8 biosynthesis I"
"PWY-5862","superpathway of demethylmenaquinol-9 biosynthesis",1,1,1,1,1,1,1,1,8,TRUE,TRUE,TRUE,"superpathway of demethylmenaquinol-9 biosynthesis"
"PWY-5896","superpathway of menaquinol-10 biosynthesis",1,1,1,1,1,1,1,1,8,TRUE,TRUE,TRUE,"superpathway of menaquinol-10 biosynthesis"
"PWY-5897","superpathway of menaquinol-11 biosynthesis",1,1,1,1,1,1,1,1,8,TRUE,TRUE,TRUE,"superpathway of menaquinol-11 biosynthesis"
"PWY-5898","superpathway of menaquinol-12 biosynthesis",1,1,1,1,1,1,1,1,8,TRUE,TRUE,TRUE,"superpathway of menaquinol-12 biosynthesis"
"PWY-5899","superpathway of menaquinol-13 biosynthesis",1,1,1,1,1,1,1,1,8,TRUE,TRUE,TRUE,"superpathway of menaquinol-13 biosynthesis"
"PWY-5973","cis-vaccenate biosynthesis",1,1,1,1,1,1,1,1,8,TRUE,TRUE,TRUE,"cis-vaccenate biosynthesis"
"PWY-5989","stearate biosynthesis II (bacteria and plants)",1,1,1,1,1,1,1,1,8,TRUE,TRUE,TRUE,"stearate biosynthesis II (bacteria and plants)"
"PWY-6075","ergosterol biosynthesis I",1,1,1,1,1,1,1,1,8,TRUE,TRUE,TRUE,"ergosterol biosynthesis I"
"PWY-6126","superpathway of adenosine nucleotides de novo biosynthesis II",1,1,1,1,1,1,1,1,8,TRUE,TRUE,TRUE,"superpathway of adenosine nucleotides de novo biosynthesis II"
"PWY-6168","flavin biosynthesis III (fungi)",1,1,1,1,1,1,1,1,8,TRUE,TRUE,TRUE,"flavin biosynthesis III (fungi)"
"PWY-6210","2-aminophenol degradation",1,1,1,1,1,1,1,1,8,TRUE,TRUE,TRUE,"2-aminophenol degradation"
"PWY-6263","superpathway of menaquinol-8 biosynthesis II",1,1,1,1,1,1,1,1,8,TRUE,TRUE,TRUE,"superpathway of menaquinol-8 biosynthesis II"
"PWY-6313","serotonin degradation",1,1,1,1,1,1,1,1,8,TRUE,TRUE,TRUE,"serotonin degradation"
"PWY-6342","noradrenaline and adrenaline degradation",1,1,1,1,1,1,1,1,8,TRUE,TRUE,TRUE,"noradrenaline and adrenaline degradation"
"PWY-6349","CDP-archaeol biosynthesis",1,1,1,1,1,1,1,1,8,TRUE,TRUE,TRUE,"CDP-archaeol biosynthesis"
"PWY-6350","archaetidylinositol biosynthesis",1,1,1,1,1,1,1,1,8,TRUE,TRUE,TRUE,"archaetidylinositol biosynthesis"
"PWY-6353","purine nucleotides degradation II (aerobic)",1,1,1,1,1,1,1,1,8,TRUE,TRUE,TRUE,"purine nucleotides degradation II (aerobic)"
"PWY-6383","mono-trans, poly-cis decaprenyl phosphate biosynthesis",1,1,1,1,1,1,1,1,8,TRUE,TRUE,TRUE,"mono-trans, poly-cis decaprenyl phosphate biosynthesis"
"PWY-6421","arsenate detoxification IV (mycothiol)",1,1,1,1,1,1,1,1,8,TRUE,TRUE,TRUE,"arsenate detoxification IV (mycothiol)"
"PWY-6435","4-hydroxybenzoate biosynthesis III (plants)",1,1,1,1,1,1,1,1,8,TRUE,TRUE,TRUE,"4-hydroxybenzoate biosynthesis III (plants)"
"PWY-6467","Kdo transfer to lipid IVA III (Chlamydia)",1,1,1,1,1,1,1,1,8,TRUE,TRUE,TRUE,"Kdo transfer to lipid IVA III (Chlamydia)"
"PWY-6501","D-glucuronate degradation II",1,1,1,1,1,1,1,1,8,TRUE,TRUE,TRUE,"D-glucuronate degradation II"
"PWY-6531","mannitol cycle",1,1,1,1,1,1,1,1,8,TRUE,TRUE,TRUE,"mannitol cycle"
"PWY-6562","norspermidine biosynthesis",1,1,1,1,1,1,1,1,8,TRUE,TRUE,TRUE,"norspermidine biosynthesis"
"PWY-6581","spirilloxanthin and 2,2'-diketo-spirilloxanthin biosynthesis",1,1,1,1,1,1,1,1,8,TRUE,TRUE,TRUE,"spirilloxanthin and 2,2'-diketo-spirilloxanthin biosynthesis"
"PWY-6588","pyruvate fermentation to acetone",1,1,1,1,1,1,1,1,8,TRUE,TRUE,TRUE,"pyruvate fermentation to acetone"
"PWY-6606","guanosine nucleotides degradation II",1,1,1,1,1,1,1,1,8,TRUE,TRUE,TRUE,"guanosine nucleotides degradation II"
"PWY-6608","guanosine nucleotides degradation III",1,1,1,1,1,1,1,1,8,TRUE,TRUE,TRUE,"guanosine nucleotides degradation III"
"PWY-6672","cis-geranyl-CoA degradation",1,1,1,1,1,1,1,1,8,TRUE,TRUE,TRUE,"cis-geranyl-CoA degradation"
"PWY-6676","superpathway of sulfide oxidation (phototrophic sulfur bacteria)",1,1,1,1,1,1,1,1,8,TRUE,TRUE,TRUE,"superpathway of sulfide oxidation (phototrophic sulfur bacteria)"
"PWY-6690","cinnamate and 3-hydroxycinnamate degradation to 2-hydroxypentadienoate",1,1,1,1,1,1,1,1,8,TRUE,TRUE,TRUE,"cinnamate and 3-hydroxycinnamate degradation to 2-hydroxypentadienoate"
"PWY-6700","queuosine biosynthesis I (de novo)",1,1,1,1,1,1,1,1,8,TRUE,TRUE,TRUE,"queuosine biosynthesis I (de novo)"
"PWY-6703","preQ0 biosynthesis",1,1,1,1,1,1,1,1,8,TRUE,TRUE,TRUE,"preQ0 biosynthesis"
"PWY-6731","starch degradation III",1,1,1,1,1,1,1,1,8,TRUE,TRUE,TRUE,"starch degradation III"
"PWY-6749","CMP-legionaminate biosynthesis I",1,1,1,1,1,1,1,1,8,TRUE,TRUE,TRUE,"CMP-legionaminate biosynthesis I"
"PWY-6803","phosphatidylcholine acyl editing",1,1,1,1,1,1,1,1,8,TRUE,TRUE,TRUE,"phosphatidylcholine acyl editing"
"PWY-6837","fatty acid &beta;-oxidation V (unsaturated, odd number, di-isomerase-dependent)",1,1,1,1,1,1,1,1,8,TRUE,TRUE,TRUE,"fatty acid &beta;-oxidation V (unsaturated, odd number, di-isomerase-dependent)"
"PWY-6857","retinol biosynthesis",1,1,1,1,1,1,1,1,8,TRUE,TRUE,TRUE,"retinol biosynthesis"
"PWY-6859","all-trans-farnesol biosynthesis",1,1,1,1,1,1,1,1,8,TRUE,TRUE,TRUE,"all-trans-farnesol biosynthesis"
"PWY-6895","superpathway of thiamine diphosphate biosynthesis II",1,1,1,1,1,1,1,1,8,TRUE,TRUE,TRUE,"superpathway of thiamine diphosphate biosynthesis II"
"PWY-6902","chitin degradation II (Vibrio)",1,1,1,1,1,1,1,1,8,TRUE,TRUE,TRUE,"chitin degradation II (Vibrio)"
"PWY-6906","chitin derivatives degradation",1,1,1,1,1,1,1,1,8,TRUE,TRUE,TRUE,"chitin derivatives degradation"
"PWY-6920","6-gingerol analog biosynthesis (engineered)",1,1,1,1,1,1,1,1,8,TRUE,TRUE,TRUE,"6-gingerol analog biosynthesis (engineered)"
"PWY-6946","cholesterol degradation to androstenedione II (cholesterol dehydrogenase)",1,1,1,1,1,1,1,1,8,TRUE,TRUE,TRUE,"cholesterol degradation to androstenedione II (cholesterol dehydrogenase)"
"PWY-6948","sitosterol degradation to androstenedione",1,1,1,1,1,1,1,1,8,TRUE,TRUE,TRUE,"sitosterol degradation to androstenedione"
"PWY-6992","1,5-anhydrofructose degradation",1,1,1,1,1,1,1,1,8,TRUE,TRUE,TRUE,"1,5-anhydrofructose degradation"
"PWY-7013","(S)-propane-1,2-diol degradation",1,1,1,1,1,1,1,1,8,TRUE,TRUE,TRUE,"(S)-propane-1,2-diol degradation"
"PWY-7052","cyanophycin metabolism",1,1,1,1,1,1,1,1,8,TRUE,TRUE,TRUE,"cyanophycin metabolism"
"PWY-7072","hopanoid biosynthesis (bacteria)",1,1,1,1,1,1,1,1,8,TRUE,TRUE,TRUE,"hopanoid biosynthesis (bacteria)"
"PWY-7084","nitrifier denitrification",1,1,1,1,1,1,1,1,8,TRUE,TRUE,TRUE,"nitrifier denitrification"
"PWY-7090","UDP-2,3-diacetamido-2,3-dideoxy-&alpha;-D-mannuronate biosynthesis",1,1,1,1,1,1,1,1,8,TRUE,TRUE,TRUE,"UDP-2,3-diacetamido-2,3-dideoxy-&alpha;-D-mannuronate biosynthesis"
"PWY-7115","C4 photosynthetic carbon assimilation cycle, NAD-ME type",1,1,1,1,1,1,1,1,8,TRUE,TRUE,TRUE,"C4 photosynthetic carbon assimilation cycle, NAD-ME type"
"PWY-7159","3,8-divinyl-chlorophyllide a biosynthesis III (aerobic, light independent)",1,1,1,1,1,1,1,1,8,TRUE,TRUE,TRUE,"3,8-divinyl-chlorophyllide a biosynthesis III (aerobic, light independent)"
"PWY-7209","superpathway of pyrimidine ribonucleosides degradation",1,1,1,1,1,1,1,1,8,TRUE,TRUE,TRUE,"superpathway of pyrimidine ribonucleosides degradation"
"PWY-7229","superpathway of adenosine nucleotides de novo biosynthesis I",1,1,1,1,1,1,1,1,8,TRUE,TRUE,TRUE,"superpathway of adenosine nucleotides de novo biosynthesis I"
"PWY-7237","myo-, chiro- and scyllo-inositol degradation",1,1,1,1,1,1,1,1,8,TRUE,TRUE,TRUE,"myo-, chiro- and scyllo-inositol degradation"
"PWY-7282","4-amino-2-methyl-5-diphosphomethylpyrimidine biosynthesis II",1,1,1,1,1,1,1,1,8,TRUE,TRUE,TRUE,"4-amino-2-methyl-5-diphosphomethylpyrimidine biosynthesis II"
"PWY-7295","L-arabinose degradation IV",1,1,1,1,1,1,1,1,8,TRUE,TRUE,TRUE,"L-arabinose degradation IV"
"PWY-7315","dTDP-N-acetylthomosamine biosynthesis",1,1,1,1,1,1,1,1,8,TRUE,TRUE,TRUE,"dTDP-N-acetylthomosamine biosynthesis"
"PWY-7332","superpathway of UDP-N-acetylglucosamine-derived O-antigen building blocks biosynthesis",1,1,1,1,1,1,1,1,8,TRUE,TRUE,TRUE,"superpathway of UDP-N-acetylglucosamine-derived O-antigen building blocks biosynthesis"
"PWY-7337","10-cis-heptadecenoyl-CoA degradation (yeast)",1,1,1,1,1,1,1,1,8,TRUE,TRUE,TRUE,"10-cis-heptadecenoyl-CoA degradation (yeast)"
"PWY-7338","10-trans-heptadecenoyl-CoA degradation (reductase-dependent, yeast)",1,1,1,1,1,1,1,1,8,TRUE,TRUE,TRUE,"10-trans-heptadecenoyl-CoA degradation (reductase-dependent, yeast)"
"PWY-7340","9-cis, 11-trans-octadecadienoyl-CoA degradation (isomerase-dependent, yeast)",1,1,1,1,1,1,1,1,8,TRUE,TRUE,TRUE,"9-cis, 11-trans-octadecadienoyl-CoA degradation (isomerase-dependent, yeast)"
"PWY-7347","sucrose biosynthesis III",1,1,1,1,1,1,1,1,8,TRUE,TRUE,TRUE,"sucrose biosynthesis III"
"PWY-7356","thiamine diphosphate salvage IV (yeast)",1,1,1,1,1,1,1,1,8,TRUE,TRUE,TRUE,"thiamine diphosphate salvage IV (yeast)"
"PWY-7371","1,4-dihydroxy-6-naphthoate biosynthesis II",1,1,1,1,1,1,1,1,8,TRUE,TRUE,TRUE,"1,4-dihydroxy-6-naphthoate biosynthesis II"
"PWY-7373","superpathway of demethylmenaquinol-6 biosynthesis II",1,1,1,1,1,1,1,1,8,TRUE,TRUE,TRUE,"superpathway of demethylmenaquinol-6 biosynthesis II"
"PWY-7374","1,4-dihydroxy-6-naphthoate biosynthesis I",1,1,1,1,1,1,1,1,8,TRUE,TRUE,TRUE,"1,4-dihydroxy-6-naphthoate biosynthesis I"
"PWY-7376","cob(II)yrinate a,c-diamide biosynthesis II (late cobalt incorporation)",1,1,1,1,1,1,1,1,8,TRUE,TRUE,TRUE,"cob(II)yrinate a,c-diamide biosynthesis II (late cobalt incorporation)"
"PWY-7377","cob(II)yrinate a,c-diamide biosynthesis I (early cobalt insertion)",1,1,1,1,1,1,1,1,8,TRUE,TRUE,TRUE,"cob(II)yrinate a,c-diamide biosynthesis I (early cobalt insertion)"
"PWY-7399","methylphosphonate degradation II",1,1,1,1,1,1,1,1,8,TRUE,TRUE,TRUE,"methylphosphonate degradation II"
"PWY-7431","aromatic biogenic amine degradation (bacteria)",1,1,1,1,1,1,1,1,8,TRUE,TRUE,TRUE,"aromatic biogenic amine degradation (bacteria)"
"PWY-7436","vitamin E biosynthesis (tocotrienols)",1,1,1,1,1,1,1,1,8,TRUE,TRUE,TRUE,"vitamin E biosynthesis (tocotrienols)"
"PWY-7456","&beta;-(1,4)-mannan degradation",1,1,1,1,1,1,1,1,8,TRUE,TRUE,TRUE,"&beta;-(1,4)-mannan degradation"
"PWY-7579","phycourobilin biosynthesis",1,1,1,1,1,1,1,1,8,TRUE,TRUE,TRUE,"phycourobilin biosynthesis"
"PWY-7663","gondoate biosynthesis (anaerobic)",1,1,1,1,1,1,1,1,8,TRUE,TRUE,TRUE,"gondoate biosynthesis (anaerobic)"
"PWY-7674","CMP-8-amino-3,8-dideoxy-D-manno-octulosonate biosynthesis",1,1,1,1,1,1,1,1,8,TRUE,TRUE,TRUE,"CMP-8-amino-3,8-dideoxy-D-manno-octulosonate biosynthesis"
"PWY-7783","plasmalogen degradation",1,1,1,1,1,1,1,1,8,TRUE,TRUE,TRUE,"plasmalogen degradation"
"PWY-7784","reductive acetyl coenzyme A pathway II (autotrophic methanogens)",1,1,1,1,1,1,1,1,8,TRUE,TRUE,TRUE,"reductive acetyl coenzyme A pathway II (autotrophic methanogens)"
"PWY-7855","ectoine degradation",1,1,1,1,1,1,1,1,8,TRUE,TRUE,TRUE,"ectoine degradation"
"PWY-7858","(5Z)-dodecenoate biosynthesis II",1,1,1,1,1,1,1,1,8,TRUE,TRUE,TRUE,"(5Z)-dodecenoate biosynthesis II"
"PWY-7873","D-erythronate degradation II",1,1,1,1,1,1,1,1,8,TRUE,TRUE,TRUE,"D-erythronate degradation II"
"PWY-7874","L-threonate degradation",1,1,1,1,1,1,1,1,8,TRUE,TRUE,TRUE,"L-threonate degradation"
"PWY-7883","anhydromuropeptides recycling II",1,1,1,1,1,1,1,1,8,TRUE,TRUE,TRUE,"anhydromuropeptides recycling II"
"PWY-7900","glycogen biosynthesis III (from &alpha;-maltose 1-phosphate)",1,1,1,1,1,1,1,1,8,TRUE,TRUE,TRUE,"glycogen biosynthesis III (from &alpha;-maltose 1-phosphate)"
"PWY-7902","glucosylglycerol biosynthesis",1,1,1,1,1,1,1,1,8,TRUE,TRUE,TRUE,"glucosylglycerol biosynthesis"
"PWY-7913","firefly bioluminescence",1,1,1,1,1,1,1,1,8,TRUE,TRUE,TRUE,"firefly bioluminescence"
"PWY-7947","flexixanthin biosynthesis",1,1,1,1,1,1,1,1,8,TRUE,TRUE,TRUE,"flexixanthin biosynthesis"
"PWY-7948","4-oxopentanoate degradation",1,1,1,1,1,1,1,1,8,TRUE,TRUE,TRUE,"4-oxopentanoate degradation"
"PWY-7992","superpathway of menaquinol-8 biosynthesis III",1,1,1,1,1,1,1,1,8,TRUE,TRUE,TRUE,"superpathway of menaquinol-8 biosynthesis III"
"PWY-8073","lipid IVA biosynthesis (P. putida)",1,1,1,1,1,1,1,1,8,TRUE,TRUE,TRUE,"lipid IVA biosynthesis (P. putida)"
"PWY-8131","5'-deoxyadenosine degradation II",1,1,1,1,1,1,1,1,8,TRUE,TRUE,TRUE,"5'-deoxyadenosine degradation II"
"PWY0-1061","superpathway of L-alanine biosynthesis",1,1,1,1,1,1,1,1,8,TRUE,TRUE,TRUE,"superpathway of L-alanine biosynthesis"
"PWY0-1241","ADP-L-glycero-&beta;-D-manno-heptose biosynthesis",1,1,1,1,1,1,1,1,8,TRUE,TRUE,TRUE,"ADP-L-glycero-&beta;-D-manno-heptose biosynthesis"
"PWY0-1297","superpathway of purine deoxyribonucleosides degradation",1,1,1,1,1,1,1,1,8,TRUE,TRUE,TRUE,"superpathway of purine deoxyribonucleosides degradation"
"PWY0-1338","polymyxin resistance",1,1,1,1,1,1,1,1,8,TRUE,TRUE,TRUE,"polymyxin resistance"
"PWY0-1415","superpathway of heme b biosynthesis from uroporphyrinogen-III",1,1,1,1,1,1,1,1,8,TRUE,TRUE,TRUE,"superpathway of heme b biosynthesis from uroporphyrinogen-III"
"PWY0-301","L-ascorbate degradation I (bacterial, anaerobic)",1,1,1,1,1,1,1,1,8,TRUE,TRUE,TRUE,"L-ascorbate degradation I (bacterial, anaerobic)"
"PWY0-41","allantoin degradation IV (anaerobic)",1,1,1,1,1,1,1,1,8,TRUE,TRUE,TRUE,"allantoin degradation IV (anaerobic)"
"PWY0-845","superpathway of pyridoxal 5'-phosphate biosynthesis and salvage",1,1,1,1,1,1,1,1,8,TRUE,TRUE,TRUE,"superpathway of pyridoxal 5'-phosphate biosynthesis and salvage"
"PWY1G-0","mycothiol biosynthesis",1,1,1,1,1,1,1,1,8,TRUE,TRUE,TRUE,"mycothiol biosynthesis"
"PWY3DJ-12","ceramide de novo biosynthesis",1,1,1,1,1,1,1,1,8,TRUE,TRUE,TRUE,"ceramide de novo biosynthesis"
"PWY66-201","nicotine degradation IV",1,1,1,1,1,1,1,1,8,TRUE,TRUE,TRUE,"nicotine degradation IV"
"PWY66-367","ketogenesis",1,1,1,1,1,1,1,1,8,TRUE,TRUE,TRUE,"ketogenesis"
"PWY66-391","fatty acid &beta;-oxidation VI (mammalian peroxisome)",1,1,1,1,1,1,1,1,8,TRUE,TRUE,TRUE,"fatty acid &beta;-oxidation VI (mammalian peroxisome)"
"RHAMCAT-PWY","L-rhamnose degradation I",1,1,1,1,1,1,1,1,8,TRUE,TRUE,TRUE,"L-rhamnose degradation I"
"RUMP-PWY","formaldehyde oxidation I",1,1,1,1,1,1,1,1,8,TRUE,TRUE,TRUE,"formaldehyde oxidation I"
"SUCSYN-PWY","sucrose biosynthesis I (from photosynthesis)",1,1,1,1,1,1,1,1,8,TRUE,TRUE,TRUE,"sucrose biosynthesis I (from photosynthesis)"
"TOLUENE-DEG-3-OH-PWY","toluene degradation to 2-hydroxypentadienoate (via 4-methylcatechol)",1,1,1,1,1,1,1,1,8,TRUE,TRUE,TRUE,"toluene degradation to 2-hydroxypentadienoate (via 4-methylcatechol)"
"URDEGR-PWY","superpathway of allantoin degradation in plants",1,1,1,1,1,1,1,1,8,TRUE,TRUE,TRUE,"superpathway of allantoin degradation in plants"
"URSIN-PWY","ureide biosynthesis",1,1,1,1,1,1,1,1,8,TRUE,TRUE,TRUE,"ureide biosynthesis"
"14DICHLORBENZDEG-PWY","1,4-dichlorobenzene degradation",0,1,1,1,1,1,1,1,7,FALSE,TRUE,FALSE,"1,4-dichlorobenzene degradation"
"1CMET2-PWY","folate transformations III (E. coli)",0,1,1,1,1,1,1,1,7,FALSE,TRUE,FALSE,"folate transformations III (E. coli)"
"CARNMET-PWY","L-carnitine degradation I",1,1,1,0,1,1,1,1,7,FALSE,TRUE,FALSE,"L-carnitine degradation I"
"DENITRIFICATION-PWY","nitrate reduction I (denitrification)",1,1,0,1,1,1,1,1,7,FALSE,TRUE,TRUE,"nitrate reduction I (denitrification)"
"GLUCOSE1PMETAB-PWY","glucose and glucose-1-phosphate degradation",0,1,1,1,1,1,1,1,7,FALSE,TRUE,FALSE,"glucose and glucose-1-phosphate degradation"
"HEME-BIOSYNTHESIS-II","heme b biosynthesis I (aerobic)",1,1,1,0,1,1,1,1,7,FALSE,TRUE,FALSE,"heme b biosynthesis I (aerobic)"
"HEME-BIOSYNTHESIS-II-1","heme b biosynthesis V (aerobic)",1,1,1,0,1,1,1,1,7,FALSE,TRUE,FALSE,"heme b biosynthesis V (aerobic)"
"LIPASYN-PWY","phospholipases",1,1,1,0,1,1,1,1,7,FALSE,TRUE,FALSE,"phospholipases"
"P23-PWY","reductive TCA cycle I",1,1,0,1,1,1,1,1,7,FALSE,TRUE,TRUE,"reductive TCA cycle I"
"P4-PWY","superpathway of L-lysine, L-threonine and L-methionine biosynthesis I",1,1,1,0,1,1,1,1,7,FALSE,TRUE,FALSE,"superpathway of L-lysine, L-threonine and L-methionine biosynthesis I"
"PWY-1541","superpathway of taurine degradation",1,1,1,0,1,1,1,1,7,FALSE,TRUE,FALSE,"superpathway of taurine degradation"
"PWY-181","photorespiration",1,1,1,0,1,1,1,1,7,FALSE,TRUE,FALSE,"photorespiration"
"PWY-1882","superpathway of C1 compounds oxidation to CO2",1,1,1,0,1,1,1,1,7,FALSE,TRUE,FALSE,"superpathway of C1 compounds oxidation to CO2"
"PWY-4041","&gamma;-glutamyl cycle",1,1,1,0,1,1,1,1,7,FALSE,TRUE,FALSE,"&gamma;-glutamyl cycle"
"PWY-5067","glycogen biosynthesis II (from UDP-D-Glucose)",1,1,1,0,1,1,1,1,7,FALSE,TRUE,FALSE,"glycogen biosynthesis II (from UDP-D-Glucose)"
"PWY-5328","superpathway of L-methionine salvage and degradation",0,1,1,1,1,1,1,1,7,FALSE,TRUE,FALSE,"superpathway of L-methionine salvage and degradation"
"PWY-5347","superpathway of L-methionine biosynthesis (transsulfuration)",1,1,1,0,1,1,1,1,7,FALSE,TRUE,FALSE,"superpathway of L-methionine biosynthesis (transsulfuration)"
"PWY-5419","catechol degradation to 2-hydroxypentadienoate II",1,1,0,1,1,1,1,1,7,FALSE,TRUE,TRUE,"catechol degradation to 2-hydroxypentadienoate II"
"PWY-5430","meta cleavage pathway of aromatic compounds",1,0,1,1,1,1,1,1,7,FALSE,TRUE,TRUE,"meta cleavage pathway of aromatic compounds"
"PWY-5531","3,8-divinyl-chlorophyllide a biosynthesis II (anaerobic)",1,1,1,0,1,1,1,1,7,FALSE,TRUE,FALSE,"3,8-divinyl-chlorophyllide a biosynthesis II (anaerobic)"
"PWY-5677","succinate fermentation to butanoate",1,1,1,0,1,1,1,1,7,FALSE,TRUE,FALSE,"succinate fermentation to butanoate"
"PWY-5723","Rubisco shunt",1,1,1,0,1,1,1,1,7,FALSE,TRUE,FALSE,"Rubisco shunt"
"PWY-5747","2-methylcitrate cycle II",1,1,1,0,1,1,1,1,7,FALSE,TRUE,FALSE,"2-methylcitrate cycle II"
"PWY-5823","superpathway of CDP-glucose-derived O-antigen building blocks biosynthesis",1,1,1,0,1,1,1,1,7,FALSE,TRUE,FALSE,"superpathway of CDP-glucose-derived O-antigen building blocks biosynthesis"
"PWY-5873","ubiquinol-7 biosynthesis (late decarboxylation)",1,1,1,0,1,1,1,1,7,FALSE,TRUE,FALSE,"ubiquinol-7 biosynthesis (late decarboxylation)"
"PWY-6084","3,5-dichlorocatechol degradation",0,1,1,1,1,1,1,1,7,FALSE,TRUE,FALSE,"3,5-dichlorocatechol degradation"
"PWY-6160","3-dehydroquinate biosynthesis II (archaea)",1,1,1,0,1,1,1,1,7,FALSE,TRUE,FALSE,"3-dehydroquinate biosynthesis II (archaea)"
"PWY-6165","chorismate biosynthesis II (archaea)",1,1,1,0,1,1,1,1,7,FALSE,TRUE,FALSE,"chorismate biosynthesis II (archaea)"
"PWY-6185","4-methylcatechol degradation (ortho cleavage)",1,1,1,0,1,1,1,1,7,FALSE,TRUE,FALSE,"4-methylcatechol degradation (ortho cleavage)"
"PWY-6269","superpathway of adenosylcobalamin salvage from cobinamide II",1,1,1,0,1,1,1,1,7,FALSE,TRUE,FALSE,"superpathway of adenosylcobalamin salvage from cobinamide II"
"PWY-6344","L-arginine degradation XIV (oxidative Stickland reaction)",1,1,1,0,1,1,1,1,7,FALSE,TRUE,FALSE,"L-arginine degradation XIV (oxidative Stickland reaction)"
"PWY-6397","mycolyl-arabinogalactan-peptidoglycan complex biosynthesis",1,1,1,0,1,1,1,1,7,FALSE,TRUE,FALSE,"mycolyl-arabinogalactan-peptidoglycan complex biosynthesis"
"PWY-6404","superpathway of mycolyl-arabinogalactan-peptidoglycan complex biosynthesis",1,1,1,0,1,1,1,1,7,FALSE,TRUE,FALSE,"superpathway of mycolyl-arabinogalactan-peptidoglycan complex biosynthesis"
"PWY-6486","D-galacturonate degradation II",1,1,1,0,1,1,1,1,7,FALSE,TRUE,FALSE,"D-galacturonate degradation II"
"PWY-6595","superpathway of guanosine nucleotides degradation (plants)",1,1,1,0,1,1,1,1,7,FALSE,TRUE,FALSE,"superpathway of guanosine nucleotides degradation (plants)"
"PWY-6629","superpathway of L-tryptophan biosynthesis",1,1,1,0,1,1,1,1,7,FALSE,TRUE,FALSE,"superpathway of L-tryptophan biosynthesis"
"PWY-6748","nitrate reduction VII (denitrification)",1,1,0,1,1,1,1,1,7,FALSE,TRUE,TRUE,"nitrate reduction VII (denitrification)"
"PWY-6944","androstenedione degradation I (aerobic)",1,1,1,0,1,1,1,1,7,FALSE,TRUE,FALSE,"androstenedione degradation I (aerobic)"
"PWY-6969","TCA cycle V (2-oxoglutarate synthase)",0,1,1,1,1,1,1,1,7,FALSE,TRUE,FALSE,"TCA cycle V (2-oxoglutarate synthase)"
"PWY-7039","phosphatidate metabolism, as a signaling molecule",1,1,0,1,1,1,1,1,7,FALSE,TRUE,TRUE,"phosphatidate metabolism, as a signaling molecule"
"PWY-7199","pyrimidine deoxyribonucleosides salvage",1,1,1,0,1,1,1,1,7,FALSE,TRUE,FALSE,"pyrimidine deoxyribonucleosides salvage"
"PWY-7254","TCA cycle VII (acetate-producers)",1,1,0,1,1,1,1,1,7,FALSE,TRUE,TRUE,"TCA cycle VII (acetate-producers)"
"PWY-7328","superpathway of UDP-glucose-derived O-antigen building blocks biosynthesis",1,1,1,0,1,1,1,1,7,FALSE,TRUE,FALSE,"superpathway of UDP-glucose-derived O-antigen building blocks biosynthesis"
"PWY-7383","anaerobic energy metabolism (invertebrates, cytosol)",1,1,0,1,1,1,1,1,7,FALSE,TRUE,TRUE,"anaerobic energy metabolism (invertebrates, cytosol)"
"PWY-762","phospholipid desaturation",1,1,1,0,1,1,1,1,7,FALSE,TRUE,FALSE,"phospholipid desaturation"
"PWY-7644","heparin degradation",1,1,1,0,1,1,1,1,7,FALSE,TRUE,FALSE,"heparin degradation"
"PWY-7820","teichuronic acid biosynthesis (B. subtilis 168)",1,1,0,1,1,1,1,1,7,FALSE,TRUE,TRUE,"teichuronic acid biosynthesis (B. subtilis 168)"
"PWY-7854","crotonyl-CoA/ethylmalonyl-CoA/hydroxybutyryl-CoA cycle (engineered)",1,1,1,0,1,1,1,1,7,FALSE,TRUE,FALSE,"crotonyl-CoA/ethylmalonyl-CoA/hydroxybutyryl-CoA cycle (engineered)"
"PWY-7942","5-oxo-L-proline metabolism",1,1,1,0,1,1,1,1,7,FALSE,TRUE,FALSE,"5-oxo-L-proline metabolism"
"PWY-8004","Entner-Doudoroff pathway I",1,1,1,0,1,1,1,1,7,FALSE,TRUE,FALSE,"Entner-Doudoroff pathway I"
"PWY-8020","D-xylose degradation V",1,1,1,0,1,1,1,1,7,FALSE,TRUE,FALSE,"D-xylose degradation V"
"PWY-I9","L-cysteine biosynthesis VI (from L-methionine)",0,1,1,1,1,1,1,1,7,FALSE,TRUE,FALSE,"L-cysteine biosynthesis VI (from L-methionine)"
"PWY0-1261","anhydromuropeptides recycling I",1,1,1,0,1,1,1,1,7,FALSE,TRUE,FALSE,"anhydromuropeptides recycling I"
"PWY0-1277","3-phenylpropanoate and 3-(3-hydroxyphenyl)propanoate degradation",1,1,1,0,1,1,1,1,7,FALSE,TRUE,FALSE,"3-phenylpropanoate and 3-(3-hydroxyphenyl)propanoate degradation"
"PWY0-1337","oleate &beta;-oxidation",1,1,0,1,1,1,1,1,7,FALSE,TRUE,TRUE,"oleate &beta;-oxidation"
"PWY0-1477","ethanolamine utilization",1,0,1,1,1,1,1,1,7,FALSE,TRUE,TRUE,"ethanolamine utilization"
"PWY0-1533","methylphosphonate degradation I",1,1,1,0,1,1,1,1,7,FALSE,TRUE,FALSE,"methylphosphonate degradation I"
"PWY0-321","phenylacetate degradation I (aerobic)",1,1,1,0,1,1,1,1,7,FALSE,TRUE,FALSE,"phenylacetate degradation I (aerobic)"
"PWY0-42","2-methylcitrate cycle I",1,1,1,0,1,1,1,1,7,FALSE,TRUE,FALSE,"2-methylcitrate cycle I"
"PWY3O-4107","NAD salvage pathway V (PNC V cycle)",1,1,1,0,1,1,1,1,7,FALSE,TRUE,FALSE,"NAD salvage pathway V (PNC V cycle)"
"PWY4FS-5","superpathway of phosphatidylcholine biosynthesis",1,1,1,0,1,1,1,1,7,FALSE,TRUE,FALSE,"superpathway of phosphatidylcholine biosynthesis"
"PWY66-374","C20 prostanoid biosynthesis",1,1,1,0,1,1,1,1,7,FALSE,TRUE,FALSE,"C20 prostanoid biosynthesis"
"PWY66-388","ceramide degradation by &alpha;-oxidation",1,1,0,1,1,1,1,1,7,FALSE,TRUE,TRUE,"ceramide degradation by &alpha;-oxidation"
"PWY66-399","gluconeogenesis III",1,1,0,1,1,1,1,1,7,FALSE,TRUE,TRUE,"gluconeogenesis III"
"PWY6666-2","dopamine degradation",1,1,0,1,1,1,1,1,7,FALSE,TRUE,TRUE,"dopamine degradation"
"PYRIDNUCSAL-PWY","NAD salvage pathway I (PNC VI cycle)",1,1,1,0,1,1,1,1,7,FALSE,TRUE,FALSE,"NAD salvage pathway I (PNC VI cycle)"
"TRNA-CHARGING-PWY","tRNA charging",0,1,1,1,1,1,1,1,7,FALSE,TRUE,FALSE,"tRNA charging"
"TRPSYN-PWY","L-tryptophan biosynthesis",1,1,1,0,1,1,1,1,7,FALSE,TRUE,FALSE,"L-tryptophan biosynthesis"
"UDPNAGSYN-PWY","UDP-N-acetyl-D-glucosamine biosynthesis I",0,1,1,1,1,1,1,1,7,FALSE,TRUE,FALSE,"UDP-N-acetyl-D-glucosamine biosynthesis I"
"3-HYDROXYPHENYLACETATE-DEGRADATION-PWY","4-hydroxyphenylacetate degradation",0,1,0,1,1,1,1,1,6,FALSE,FALSE,FALSE,"4-hydroxyphenylacetate degradation"
"AEROBACTINSYN-PWY","aerobactin biosynthesis",0,1,1,0,1,1,1,1,6,FALSE,FALSE,FALSE,"aerobactin biosynthesis"
"ALLANTOINDEG-PWY","superpathway of allantoin degradation in yeast",0,1,1,0,1,1,1,1,6,FALSE,FALSE,FALSE,"superpathway of allantoin degradation in yeast"
"GOLPDLCAT-PWY","superpathway of glycerol degradation to 1,3-propanediol",0,1,1,0,1,1,1,1,6,FALSE,FALSE,FALSE,"superpathway of glycerol degradation to 1,3-propanediol"
"LACTOSECAT-PWY","lactose and galactose degradation I",0,1,1,0,1,1,1,1,6,FALSE,FALSE,FALSE,"lactose and galactose degradation I"
"P185-PWY","formaldehyde assimilation III (dihydroxyacetone cycle)",0,1,1,0,1,1,1,1,6,FALSE,FALSE,FALSE,"formaldehyde assimilation III (dihydroxyacetone cycle)"
"P341-PWY","glycolysis V (Pyrococcus)",0,1,1,0,1,1,1,1,6,FALSE,FALSE,FALSE,"glycolysis V (Pyrococcus)"
"P42-PWY","incomplete reductive TCA cycle",0,1,1,0,1,1,1,1,6,FALSE,FALSE,FALSE,"incomplete reductive TCA cycle"
"POLYISOPRENSYN-PWY","polyisoprenoid biosynthesis (E. coli)",0,1,1,0,1,1,1,1,6,FALSE,FALSE,FALSE,"polyisoprenoid biosynthesis (E. coli)"
"PWY-5022","4-aminobutanoate degradation V",0,1,1,0,1,1,1,1,6,FALSE,FALSE,FALSE,"4-aminobutanoate degradation V"
"PWY-5028","L-histidine degradation II",0,1,1,0,1,1,1,1,6,FALSE,FALSE,FALSE,"L-histidine degradation II"
"PWY-5138","fatty acid &beta;-oxidation IV (unsaturated, even number)",0,1,1,0,1,1,1,1,6,FALSE,FALSE,FALSE,"fatty acid &beta;-oxidation IV (unsaturated, even number)"
"PWY-5180","toluene degradation I (aerobic) (via o-cresol)",1,0,1,0,1,1,1,1,6,FALSE,FALSE,FALSE,"toluene degradation I (aerobic) (via o-cresol)"
"PWY-5367","petroselinate biosynthesis",0,1,1,0,1,1,1,1,6,FALSE,FALSE,FALSE,"petroselinate biosynthesis"
"PWY-5497","purine nucleobases degradation II (anaerobic)",1,1,0,0,1,1,1,1,6,FALSE,FALSE,FALSE,"purine nucleobases degradation II (anaerobic)"
"PWY-6071","superpathway of phenylethylamine degradation",0,1,1,0,1,1,1,1,6,FALSE,FALSE,FALSE,"superpathway of phenylethylamine degradation"
"PWY-6093","4,5-dichlorocatechol degradation",0,1,0,1,1,1,1,1,6,FALSE,FALSE,FALSE,"4,5-dichlorocatechol degradation"
"PWY-6292","superpathway of L-cysteine biosynthesis (mammalian)",0,1,1,0,1,1,1,1,6,FALSE,FALSE,FALSE,"superpathway of L-cysteine biosynthesis (mammalian)"
"PWY-6293","superpathway of L-cysteine biosynthesis (fungi)",0,1,1,0,1,1,1,1,6,FALSE,FALSE,FALSE,"superpathway of L-cysteine biosynthesis (fungi)"
"PWY-6307","L-tryptophan degradation X (mammalian, via tryptamine)",0,1,1,0,1,1,1,1,6,FALSE,FALSE,FALSE,"L-tryptophan degradation X (mammalian, via tryptamine)"
"PWY-6317","D-galactose degradation I (Leloir pathway)",0,1,1,0,1,1,1,1,6,FALSE,FALSE,FALSE,"D-galactose degradation I (Leloir pathway)"
"PWY-6607","guanosine nucleotides degradation I",0,1,1,0,1,1,1,1,6,FALSE,FALSE,FALSE,"guanosine nucleotides degradation I"
"PWY-6609","adenine and adenosine salvage III",0,1,1,0,1,1,1,1,6,FALSE,FALSE,FALSE,"adenine and adenosine salvage III"
"PWY-6808","dTDP-&alpha;-D-forosamine biosynthesis",1,1,0,0,1,1,1,1,6,FALSE,FALSE,FALSE,"dTDP-&alpha;-D-forosamine biosynthesis"
"PWY-6873","long chain fatty acid ester synthesis (engineered)",1,1,0,0,1,1,1,1,6,FALSE,FALSE,FALSE,"long chain fatty acid ester synthesis (engineered)"
"PWY-6928","superpathway of cholesterol degradation I (cholesterol oxidase)",0,1,1,0,1,1,1,1,6,FALSE,FALSE,FALSE,"superpathway of cholesterol degradation I (cholesterol oxidase)"
"PWY-6936","seleno-amino acid biosynthesis (plants)",0,1,1,0,1,1,1,1,6,FALSE,FALSE,FALSE,"seleno-amino acid biosynthesis (plants)"
"PWY-6947","superpathway of cholesterol degradation II (cholesterol dehydrogenase)",0,1,1,0,1,1,1,1,6,FALSE,FALSE,FALSE,"superpathway of cholesterol degradation II (cholesterol dehydrogenase)"
"PWY-702","L-methionine biosynthesis II",0,1,1,0,1,1,1,1,6,FALSE,FALSE,FALSE,"L-methionine biosynthesis II"
"PWY-7094","fatty acid salvage",0,1,1,0,1,1,1,1,6,FALSE,FALSE,FALSE,"fatty acid salvage"
"PWY-7268","cytosolic NADPH production (yeast)",1,0,1,0,1,1,1,1,6,FALSE,FALSE,FALSE,"cytosolic NADPH production (yeast)"
"PWY-7269","mitochondrial NADPH production (yeast)",1,0,1,0,1,1,1,1,6,FALSE,FALSE,FALSE,"mitochondrial NADPH production (yeast)"
"PWY-7316","dTDP-N-acetylviosamine biosynthesis",0,1,1,0,1,1,1,1,6,FALSE,FALSE,FALSE,"dTDP-N-acetylviosamine biosynthesis"
"PWY-801","homocysteine and cysteine interconversion",0,1,1,0,1,1,1,1,6,FALSE,FALSE,FALSE,"homocysteine and cysteine interconversion"
"PWY-8011","L-serine biosynthesis II",1,0,1,0,1,1,1,1,6,FALSE,FALSE,FALSE,"L-serine biosynthesis II"
"PWY-8055","palmitoyl ethanolamide biosynthesis",0,1,1,0,1,1,1,1,6,FALSE,FALSE,FALSE,"palmitoyl ethanolamide biosynthesis"
"PWY0-781","aspartate superpathway",1,0,1,0,1,1,1,1,6,FALSE,FALSE,FALSE,"aspartate superpathway"
"PWY4LZ-257","superpathway of fermentation (Chlamydomonas reinhardtii)",1,1,0,0,1,1,1,1,6,FALSE,FALSE,FALSE,"superpathway of fermentation (Chlamydomonas reinhardtii)"
"PWY66-301","catecholamine biosynthesis",1,1,0,0,1,1,1,1,6,FALSE,FALSE,FALSE,"catecholamine biosynthesis"
"ANAEROFRUCAT-PWY","homolactic fermentation",0,0,1,0,1,1,1,1,5,FALSE,FALSE,FALSE,"homolactic fermentation"
"ANAGLYCOLYSIS-PWY","glycolysis III (from glucose)",0,0,1,0,1,1,1,1,5,FALSE,FALSE,FALSE,"glycolysis III (from glucose)"
"ARGININE-SYN4-PWY","L-ornithine biosynthesis II",0,0,1,0,1,1,1,1,5,FALSE,FALSE,FALSE,"L-ornithine biosynthesis II"
"ARGSYNBSUB-PWY","L-arginine biosynthesis II (acetyl cycle)",0,0,1,0,1,1,1,1,5,FALSE,FALSE,FALSE,"L-arginine biosynthesis II (acetyl cycle)"
"CALVIN-PWY","Calvin-Benson-Bassham cycle",0,0,1,0,1,1,1,1,5,FALSE,FALSE,FALSE,"Calvin-Benson-Bassham cycle"
"CITRULBIO-PWY","L-citrulline biosynthesis",0,0,1,0,1,1,1,1,5,FALSE,FALSE,FALSE,"L-citrulline biosynthesis"
"COBALSYN-PWY","superpathway of adenosylcobalamin salvage from cobinamide I",0,0,1,0,1,1,1,1,5,FALSE,FALSE,FALSE,"superpathway of adenosylcobalamin salvage from cobinamide I"
"COLANSYN-PWY","colanic acid building blocks biosynthesis",0,0,1,0,1,1,1,1,5,FALSE,FALSE,FALSE,"colanic acid building blocks biosynthesis"
"FAO-PWY","fatty acid &beta;-oxidation I (generic)",0,0,1,0,1,1,1,1,5,FALSE,FALSE,FALSE,"fatty acid &beta;-oxidation I (generic)"
"FERMENTATION-PWY","mixed acid fermentation",0,0,1,0,1,1,1,1,5,FALSE,FALSE,FALSE,"mixed acid fermentation"
"FOLSYN-PWY","superpathway of tetrahydrofolate biosynthesis and salvage",0,0,1,0,1,1,1,1,5,FALSE,FALSE,FALSE,"superpathway of tetrahydrofolate biosynthesis and salvage"
"GLYCOGENSYNTH-PWY","glycogen biosynthesis I (from ADP-D-Glucose)",0,0,1,0,1,1,1,1,5,FALSE,FALSE,FALSE,"glycogen biosynthesis I (from ADP-D-Glucose)"
"GLYCOLYSIS-E-D","superpathway of glycolysis and the Entner-Doudoroff pathway",0,0,1,0,1,1,1,1,5,FALSE,FALSE,FALSE,"superpathway of glycolysis and the Entner-Doudoroff pathway"
"HISTSYN-PWY","L-histidine biosynthesis",0,0,1,0,1,1,1,1,5,FALSE,FALSE,FALSE,"L-histidine biosynthesis"
"ILEUSYN-PWY","L-isoleucine biosynthesis I (from threonine)",0,0,1,0,1,1,1,1,5,FALSE,FALSE,FALSE,"L-isoleucine biosynthesis I (from threonine)"
"NONMEVIPP-PWY","methylerythritol phosphate pathway I",0,0,1,0,1,1,1,1,5,FALSE,FALSE,FALSE,"methylerythritol phosphate pathway I"
"NONOXIPENT-PWY","pentose phosphate pathway (non-oxidative branch) I",0,0,1,0,1,1,1,1,5,FALSE,FALSE,FALSE,"pentose phosphate pathway (non-oxidative branch) I"
"P125-PWY","superpathway of (R,R)-butanediol biosynthesis",0,0,1,0,1,1,1,1,5,FALSE,FALSE,FALSE,"superpathway of (R,R)-butanediol biosynthesis"
"PANTOSYN-PWY","superpathway of coenzyme A biosynthesis I (bacteria)",0,0,1,0,1,1,1,1,5,FALSE,FALSE,FALSE,"superpathway of coenzyme A biosynthesis I (bacteria)"
"PENTOSE-P-PWY","pentose phosphate pathway",0,0,1,0,1,1,1,1,5,FALSE,FALSE,FALSE,"pentose phosphate pathway"
"PHOSLIPSYN-PWY","superpathway of phospholipid biosynthesis I (bacteria)",0,0,1,0,1,1,1,1,5,FALSE,FALSE,FALSE,"superpathway of phospholipid biosynthesis I (bacteria)"
"PPGPPMET-PWY","ppGpp metabolism",0,0,1,0,1,1,1,1,5,FALSE,FALSE,FALSE,"ppGpp metabolism"
"PWY-1042","glycolysis IV",0,0,1,0,1,1,1,1,5,FALSE,FALSE,FALSE,"glycolysis IV"
"PWY-241","C4 photosynthetic carbon assimilation cycle, NADP-ME type",0,0,1,0,1,1,1,1,5,FALSE,FALSE,FALSE,"C4 photosynthetic carbon assimilation cycle, NADP-ME type"
"PWY-3661","glycine betaine degradation I",0,0,1,0,1,1,1,1,5,FALSE,FALSE,FALSE,"glycine betaine degradation I"
"PWY-3801","sucrose degradation II (sucrose synthase)",1,1,0,0,0,1,1,1,5,FALSE,FALSE,FALSE,"sucrose degradation II (sucrose synthase)"
"PWY-3841","folate transformations II (plants)",0,0,1,0,1,1,1,1,5,FALSE,FALSE,FALSE,"folate transformations II (plants)"
"PWY-4984","urea cycle",0,0,1,0,1,1,1,1,5,FALSE,FALSE,FALSE,"urea cycle"
"PWY-5103","L-isoleucine biosynthesis III",0,0,1,0,1,1,1,1,5,FALSE,FALSE,FALSE,"L-isoleucine biosynthesis III"
"PWY-5121","superpathway of geranylgeranyl diphosphate biosynthesis II (via MEP)",0,0,1,0,1,1,1,1,5,FALSE,FALSE,FALSE,"superpathway of geranylgeranyl diphosphate biosynthesis II (via MEP)"
"PWY-5130","2-oxobutanoate degradation I",0,0,1,0,1,1,1,1,5,FALSE,FALSE,FALSE,"2-oxobutanoate degradation I"
"PWY-5136","fatty acid &beta;-oxidation II (plant peroxisome)",0,0,1,0,1,1,1,1,5,FALSE,FALSE,FALSE,"fatty acid &beta;-oxidation II (plant peroxisome)"
"PWY-5179","toluene degradation V (aerobic) (via toluene-cis-diol)",0,1,0,0,1,1,1,1,5,FALSE,FALSE,FALSE,"toluene degradation V (aerobic) (via toluene-cis-diol)"
"PWY-5183","superpathway of aerobic toluene degradation",0,1,0,0,1,1,1,1,5,FALSE,FALSE,FALSE,"superpathway of aerobic toluene degradation"
"PWY-5188","tetrapyrrole biosynthesis I (from glutamate)",0,0,1,0,1,1,1,1,5,FALSE,FALSE,FALSE,"tetrapyrrole biosynthesis I (from glutamate)"
"PWY-5189","tetrapyrrole biosynthesis II (from glycine)",0,0,1,0,1,1,1,1,5,FALSE,FALSE,FALSE,"tetrapyrrole biosynthesis II (from glycine)"
"PWY-5384","sucrose degradation IV (sucrose phosphorylase)",0,0,1,0,1,1,1,1,5,FALSE,FALSE,FALSE,"sucrose degradation IV (sucrose phosphorylase)"
"PWY-5488","4-nitrophenol degradation II",1,0,1,0,0,1,1,1,5,FALSE,FALSE,FALSE,"4-nitrophenol degradation II"
"PWY-5505","L-glutamate and L-glutamine biosynthesis",0,0,1,0,1,1,1,1,5,FALSE,FALSE,FALSE,"L-glutamate and L-glutamine biosynthesis"
"PWY-5686","UMP biosynthesis I",0,0,1,0,1,1,1,1,5,FALSE,FALSE,FALSE,"UMP biosynthesis I"
"PWY-5695","inosine 5'-phosphate degradation",0,0,1,0,1,1,1,1,5,FALSE,FALSE,FALSE,"inosine 5'-phosphate degradation"
"PWY-5742","L-arginine degradation IX (arginine:pyruvate transaminase pathway)",0,1,1,0,1,0,1,1,5,FALSE,FALSE,FALSE,"L-arginine degradation IX (arginine:pyruvate transaminase pathway)"
"PWY-5855","ubiquinol-7 biosynthesis (early decarboxylation)",0,0,1,0,1,1,1,1,5,FALSE,FALSE,FALSE,"ubiquinol-7 biosynthesis (early decarboxylation)"
"PWY-5918","superpathway of heme b biosynthesis from glutamate",0,0,1,0,1,1,1,1,5,FALSE,FALSE,FALSE,"superpathway of heme b biosynthesis from glutamate"
"PWY-5920","superpathway of heme b biosynthesis from glycine",0,0,1,0,1,1,1,1,5,FALSE,FALSE,FALSE,"superpathway of heme b biosynthesis from glycine"
"PWY-6087","4-chlorocatechol degradation",0,1,0,0,1,1,1,1,5,FALSE,FALSE,FALSE,"4-chlorocatechol degradation"
"PWY-6089","3-chlorocatechol degradation I (ortho)",0,1,0,0,1,1,1,1,5,FALSE,FALSE,FALSE,"3-chlorocatechol degradation I (ortho)"
"PWY-6121","5-aminoimidazole ribonucleotide biosynthesis I",0,0,1,0,1,1,1,1,5,FALSE,FALSE,FALSE,"5-aminoimidazole ribonucleotide biosynthesis I"
"PWY-6122","5-aminoimidazole ribonucleotide biosynthesis II",0,0,1,0,1,1,1,1,5,FALSE,FALSE,FALSE,"5-aminoimidazole ribonucleotide biosynthesis II"
"PWY-6143","CMP-pseudaminate biosynthesis",0,1,0,0,1,1,1,1,5,FALSE,FALSE,FALSE,"CMP-pseudaminate biosynthesis"
"PWY-6147","6-hydroxymethyl-dihydropterin diphosphate biosynthesis I",0,0,1,0,1,1,1,1,5,FALSE,FALSE,FALSE,"6-hydroxymethyl-dihydropterin diphosphate biosynthesis I"
"PWY-6151","S-adenosyl-L-methionine salvage I",0,1,1,1,1,0,1,0,5,FALSE,FALSE,FALSE,"S-adenosyl-L-methionine salvage I"
"PWY-6193","3-chlorocatechol degradation II (ortho)",0,1,0,0,1,1,1,1,5,FALSE,FALSE,FALSE,"3-chlorocatechol degradation II (ortho)"
"PWY-622","starch biosynthesis",0,0,1,0,1,1,1,1,5,FALSE,FALSE,FALSE,"starch biosynthesis"
"PWY-6270","isoprene biosynthesis I",0,0,1,0,1,1,1,1,5,FALSE,FALSE,FALSE,"isoprene biosynthesis I"
"PWY-6277","superpathway of 5-aminoimidazole ribonucleotide biosynthesis",0,0,1,0,1,1,1,1,5,FALSE,FALSE,FALSE,"superpathway of 5-aminoimidazole ribonucleotide biosynthesis"
"PWY-6386","UDP-N-acetylmuramoyl-pentapeptide biosynthesis II (lysine-containing)",0,0,1,0,1,1,1,1,5,FALSE,FALSE,FALSE,"UDP-N-acetylmuramoyl-pentapeptide biosynthesis II (lysine-containing)"
"PWY-6396","superpathway of 2,3-butanediol biosynthesis",0,0,1,0,1,1,1,1,5,FALSE,FALSE,FALSE,"superpathway of 2,3-butanediol biosynthesis"
"PWY-6478","GDP-D-glycero-&alpha;-D-manno-heptose biosynthesis",0,1,0,0,1,1,1,1,5,FALSE,FALSE,FALSE,"GDP-D-glycero-&alpha;-D-manno-heptose biosynthesis"
"PWY-6505","L-tryptophan degradation XII (Geobacillus)",0,1,0,0,1,1,1,1,5,FALSE,FALSE,FALSE,"L-tryptophan degradation XII (Geobacillus)"
"PWY-6612","superpathway of tetrahydrofolate biosynthesis",0,0,1,0,1,1,1,1,5,FALSE,FALSE,FALSE,"superpathway of tetrahydrofolate biosynthesis"
"PWY-6823","molybdopterin biosynthesis",0,0,1,0,1,1,1,1,5,FALSE,FALSE,FALSE,"molybdopterin biosynthesis"
"PWY-6891","thiazole component of thiamine diphosphate biosynthesis II",1,1,1,0,0,0,1,1,5,FALSE,FALSE,FALSE,"thiazole component of thiamine diphosphate biosynthesis II"
"PWY-6901","superpathway of glucose and xylose degradation",0,0,1,0,1,1,1,1,5,FALSE,FALSE,FALSE,"superpathway of glucose and xylose degradation"
"PWY-7111","pyruvate fermentation to isobutanol (engineered)",0,0,1,0,1,1,1,1,5,FALSE,FALSE,FALSE,"pyruvate fermentation to isobutanol (engineered)"
"PWY-7117","C4 photosynthetic carbon assimilation cycle, PEPCK type",0,0,1,0,1,1,1,1,5,FALSE,FALSE,FALSE,"C4 photosynthetic carbon assimilation cycle, PEPCK type"
"PWY-7208","superpathway of pyrimidine nucleobases salvage",0,0,1,0,1,1,1,1,5,FALSE,FALSE,FALSE,"superpathway of pyrimidine nucleobases salvage"
"PWY-722","nicotinate degradation I",1,1,0,0,0,1,1,1,5,FALSE,FALSE,FALSE,"nicotinate degradation I"
"PWY-7221","guanosine ribonucleotides de novo biosynthesis",0,0,1,0,1,1,1,1,5,FALSE,FALSE,FALSE,"guanosine ribonucleotides de novo biosynthesis"
"PWY-7234","inosine-5'-phosphate biosynthesis III",0,0,1,0,1,1,1,1,5,FALSE,FALSE,FALSE,"inosine-5'-phosphate biosynthesis III"
"PWY-7323","superpathway of GDP-mannose-derived O-antigen building blocks biosynthesis",0,0,1,0,1,1,1,1,5,FALSE,FALSE,FALSE,"superpathway of GDP-mannose-derived O-antigen building blocks biosynthesis"
"PWY-7345","superpathway of anaerobic sucrose degradation",0,0,1,0,1,1,1,1,5,FALSE,FALSE,FALSE,"superpathway of anaerobic sucrose degradation"
"PWY-7357","thiamine phosphate formation from pyrithiamine and oxythiamine (yeast)",0,0,1,0,1,1,1,1,5,FALSE,FALSE,FALSE,"thiamine phosphate formation from pyrithiamine and oxythiamine (yeast)"
"PWY-7392","taxadiene biosynthesis (engineered)",0,0,1,0,1,1,1,1,5,FALSE,FALSE,FALSE,"taxadiene biosynthesis (engineered)"
"PWY-7446","sulfoquinovose degradation I",1,0,1,0,0,1,1,1,5,FALSE,FALSE,FALSE,"sulfoquinovose degradation I"
"PWY-7560","methylerythritol phosphate pathway II",0,0,1,0,1,1,1,1,5,FALSE,FALSE,FALSE,"methylerythritol phosphate pathway II"
"PWY-7790","UMP biosynthesis II",0,0,1,0,1,1,1,1,5,FALSE,FALSE,FALSE,"UMP biosynthesis II"
"PWY-7791","UMP biosynthesis III",0,0,1,0,1,1,1,1,5,FALSE,FALSE,FALSE,"UMP biosynthesis III"
"PWY-7805","(aminomethyl)phosphonate degradation",0,0,1,0,1,1,1,1,5,FALSE,FALSE,FALSE,"(aminomethyl)phosphonate degradation"
"PWY-7807","glyphosate degradation III",0,0,1,0,1,1,1,1,5,FALSE,FALSE,FALSE,"glyphosate degradation III"
"PWY-8178","pentose phosphate pathway (non-oxidative branch) II",0,0,1,0,1,1,1,1,5,FALSE,FALSE,FALSE,"pentose phosphate pathway (non-oxidative branch) II"
"PWY0-1296","purine ribonucleosides degradation",0,0,1,0,1,1,1,1,5,FALSE,FALSE,FALSE,"purine ribonucleosides degradation"
"PWY0-1479","tRNA processing",0,0,1,0,1,1,1,1,5,FALSE,FALSE,FALSE,"tRNA processing"
"PWY0-1586","peptidoglycan maturation (meso-diaminopimelate containing)",0,0,1,0,1,1,1,1,5,FALSE,FALSE,FALSE,"peptidoglycan maturation (meso-diaminopimelate containing)"
"PWY0-162","superpathway of pyrimidine ribonucleotides de novo biosynthesis",0,0,1,0,1,1,1,1,5,FALSE,FALSE,FALSE,"superpathway of pyrimidine ribonucleotides de novo biosynthesis"
"PWY1ZNC-1","assimilatory sulfate reduction IV",0,0,1,0,1,1,1,1,5,FALSE,FALSE,FALSE,"assimilatory sulfate reduction IV"
"PWY490-3","nitrate reduction VI (assimilatory)",0,0,1,0,1,1,1,1,5,FALSE,FALSE,FALSE,"nitrate reduction VI (assimilatory)"
"PWY4FS-7","phosphatidylglycerol biosynthesis I (plastidic)",0,0,1,0,1,1,1,1,5,FALSE,FALSE,FALSE,"phosphatidylglycerol biosynthesis I (plastidic)"
"PWY4FS-8","phosphatidylglycerol biosynthesis II (non-plastidic)",0,0,1,0,1,1,1,1,5,FALSE,FALSE,FALSE,"phosphatidylglycerol biosynthesis II (non-plastidic)"
"PWY66-389","phytol degradation",0,0,1,0,1,1,1,1,5,FALSE,FALSE,FALSE,"phytol degradation"
"PWY66-409","superpathway of purine nucleotide salvage",0,0,1,0,1,1,1,1,5,FALSE,FALSE,FALSE,"superpathway of purine nucleotide salvage"
"SALVADEHYPOX-PWY","adenosine nucleotides degradation II",0,0,1,0,1,1,1,1,5,FALSE,FALSE,FALSE,"adenosine nucleotides degradation II"
"SO4ASSIM-PWY","assimilatory sulfate reduction I",0,0,1,0,1,1,1,1,5,FALSE,FALSE,FALSE,"assimilatory sulfate reduction I"
"SULFATE-CYS-PWY","superpathway of sulfate assimilation and cysteine biosynthesis",0,0,1,0,1,1,1,1,5,FALSE,FALSE,FALSE,"superpathway of sulfate assimilation and cysteine biosynthesis"
"THISYNARA-PWY","superpathway of thiamine diphosphate biosynthesis III (eukaryotes)",0,0,1,0,1,1,1,1,5,FALSE,FALSE,FALSE,"superpathway of thiamine diphosphate biosynthesis III (eukaryotes)"
"VALSYN-PWY","L-valine biosynthesis",0,0,1,0,1,1,1,1,5,FALSE,FALSE,FALSE,"L-valine biosynthesis"
"BRANCHED-CHAIN-AA-SYN-PWY","superpathway of branched chain amino acid biosynthesis",0,0,1,0,1,0,1,1,4,FALSE,FALSE,FALSE,"superpathway of branched chain amino acid biosynthesis"
"COA-PWY-1","superpathway of coenzyme A biosynthesis III (mammals)",0,0,1,0,1,0,1,1,4,FALSE,FALSE,FALSE,"superpathway of coenzyme A biosynthesis III (mammals)"
"GALLATE-DEGRADATION-I-PWY","gallate degradation II",0,0,1,0,0,1,1,1,4,FALSE,FALSE,FALSE,"gallate degradation II"
"GALLATE-DEGRADATION-II-PWY","gallate degradation I",0,0,1,0,0,1,1,1,4,FALSE,FALSE,FALSE,"gallate degradation I"
"GLUCONEO-PWY","gluconeogenesis I",0,0,1,0,1,0,1,1,4,FALSE,FALSE,FALSE,"gluconeogenesis I"
"OANTIGEN-PWY","O-antigen building blocks biosynthesis (E. coli)",0,0,1,0,1,0,1,1,4,FALSE,FALSE,FALSE,"O-antigen building blocks biosynthesis (E. coli)"
"PWY-3001","superpathway of L-isoleucine biosynthesis I",0,0,1,0,1,0,1,1,4,FALSE,FALSE,FALSE,"superpathway of L-isoleucine biosynthesis I"
"PWY-5030","L-histidine degradation III",0,1,0,0,1,1,1,0,4,FALSE,FALSE,FALSE,"L-histidine degradation III"
"PWY-5100","pyruvate fermentation to acetate and lactate II",0,0,1,0,1,0,1,1,4,FALSE,FALSE,FALSE,"pyruvate fermentation to acetate and lactate II"
"PWY-5178","toluene degradation IV (aerobic) (via catechol)",0,1,0,0,1,0,1,1,4,FALSE,FALSE,FALSE,"toluene degradation IV (aerobic) (via catechol)"
"PWY-5499","vitamin B6 degradation",1,1,0,0,1,1,0,0,4,FALSE,FALSE,FALSE,"vitamin B6 degradation"
"PWY-5507","adenosylcobalamin biosynthesis I (anaerobic)",0,1,0,0,0,1,1,1,4,FALSE,FALSE,FALSE,"adenosylcobalamin biosynthesis I (anaerobic)"
"PWY-5667","CDP-diacylglycerol biosynthesis I",0,0,1,0,1,0,1,1,4,FALSE,FALSE,FALSE,"CDP-diacylglycerol biosynthesis I"
"PWY-6107","chlorosalicylate degradation",0,0,0,0,1,1,1,1,4,FALSE,FALSE,FALSE,"chlorosalicylate degradation"
"PWY-6124","inosine-5'-phosphate biosynthesis II",0,0,1,0,1,0,1,1,4,FALSE,FALSE,FALSE,"inosine-5'-phosphate biosynthesis II"
"PWY-6163","chorismate biosynthesis from 3-dehydroquinate",0,0,1,0,1,0,1,1,4,FALSE,FALSE,FALSE,"chorismate biosynthesis from 3-dehydroquinate"
"PWY-6305","superpathway of putrescine biosynthesis",0,0,1,0,1,0,1,1,4,FALSE,FALSE,FALSE,"superpathway of putrescine biosynthesis"
"PWY-6628","superpathway of L-phenylalanine biosynthesis",0,0,1,0,1,0,1,1,4,FALSE,FALSE,FALSE,"superpathway of L-phenylalanine biosynthesis"
"PWY-6922","L-N&delta;-acetylornithine biosynthesis",0,0,1,0,1,0,1,1,4,FALSE,FALSE,FALSE,"L-N&delta;-acetylornithine biosynthesis"
"PWY-6957","mandelate degradation to acetyl-CoA",0,1,0,0,1,0,1,1,4,FALSE,FALSE,FALSE,"mandelate degradation to acetyl-CoA"
"PWY-6962","superpathway of trimethylamine degradation",0,0,1,0,1,0,1,1,4,FALSE,FALSE,FALSE,"superpathway of trimethylamine degradation"
"PWY-7118","chitin deacetylation",0,0,1,0,0,1,1,1,4,FALSE,FALSE,FALSE,"chitin deacetylation"
"PWY-7238","sucrose biosynthesis II",0,0,1,0,0,1,1,1,4,FALSE,FALSE,FALSE,"sucrose biosynthesis II"
"PWY-724","superpathway of L-lysine, L-threonine and L-methionine biosynthesis II",0,0,1,0,1,0,1,1,4,FALSE,FALSE,FALSE,"superpathway of L-lysine, L-threonine and L-methionine biosynthesis II"
"PWY-7255","ergothioneine biosynthesis I (bacteria)",0,0,0,1,0,1,1,1,4,FALSE,FALSE,FALSE,"ergothioneine biosynthesis I (bacteria)"
"PWY-7400","L-arginine biosynthesis IV (archaebacteria)",0,0,1,0,1,0,1,1,4,FALSE,FALSE,FALSE,"L-arginine biosynthesis IV (archaebacteria)"
"PWY-7654","(8E,10E)-dodeca-8,10-dienol biosynthesis",1,0,0,0,0,1,1,1,4,FALSE,FALSE,FALSE,"(8E,10E)-dodeca-8,10-dienol biosynthesis"
"PWY-7851","coenzyme A biosynthesis II (eukaryotic)",0,0,1,0,1,0,1,1,4,FALSE,FALSE,FALSE,"coenzyme A biosynthesis II (eukaryotic)"
"PWY-8187","L-arginine degradation XIII (reductive Stickland reaction)",0,0,1,0,1,1,0,1,4,FALSE,FALSE,FALSE,"L-arginine degradation XIII (reductive Stickland reaction)"
"PWY0-1319","CDP-diacylglycerol biosynthesis II",0,0,1,0,1,0,1,1,4,FALSE,FALSE,FALSE,"CDP-diacylglycerol biosynthesis II"
"SER-GLYSYN-PWY","superpathway of L-serine and glycine biosynthesis I",0,0,1,0,1,0,1,1,4,FALSE,FALSE,FALSE,"superpathway of L-serine and glycine biosynthesis I"
"SPHINGOLIPID-SYN-PWY","sphingolipid biosynthesis (yeast)",0,1,0,0,0,1,1,1,4,FALSE,FALSE,FALSE,"sphingolipid biosynthesis (yeast)"
"ARG+POLYAMINE-SYN","superpathway of arginine and polyamine biosynthesis",0,0,1,0,0,0,1,1,3,FALSE,FALSE,FALSE,"superpathway of arginine and polyamine biosynthesis"
"ARO-PWY","chorismate biosynthesis I",0,0,1,0,0,0,1,1,3,FALSE,FALSE,FALSE,"chorismate biosynthesis I"
"COA-PWY","coenzyme A biosynthesis I (prokaryotic)",0,0,1,0,1,0,1,0,3,FALSE,FALSE,FALSE,"coenzyme A biosynthesis I (prokaryotic)"
"COMPLETE-ARO-PWY","superpathway of aromatic amino acid biosynthesis",0,0,1,0,0,0,1,1,3,FALSE,FALSE,FALSE,"superpathway of aromatic amino acid biosynthesis"
"DAPLYSINESYN-PWY","L-lysine biosynthesis I",0,0,1,0,0,0,1,1,3,FALSE,FALSE,FALSE,"L-lysine biosynthesis I"
"GLUCARDEG-PWY","D-glucarate degradation I",0,0,1,0,0,0,1,1,3,FALSE,FALSE,FALSE,"D-glucarate degradation I"
"GLUTORN-PWY","L-ornithine biosynthesis I",0,0,1,0,0,0,1,1,3,FALSE,FALSE,FALSE,"L-ornithine biosynthesis I"
"PANTO-PWY","phosphopantothenate biosynthesis I",0,0,1,0,0,0,1,1,3,FALSE,FALSE,FALSE,"phosphopantothenate biosynthesis I"
"PEPTIDOGLYCANSYN-PWY","peptidoglycan biosynthesis I (meso-diaminopimelate containing)",0,0,1,0,0,0,1,1,3,FALSE,FALSE,FALSE,"peptidoglycan biosynthesis I (meso-diaminopimelate containing)"
"POLYAMINSYN3-PWY","superpathway of polyamine biosynthesis II",0,0,1,0,0,0,1,1,3,FALSE,FALSE,FALSE,"superpathway of polyamine biosynthesis II"
"POLYAMSYN-PWY","superpathway of polyamine biosynthesis I",0,0,1,0,0,0,1,1,3,FALSE,FALSE,FALSE,"superpathway of polyamine biosynthesis I"
"PWY-5392","reductive TCA cycle II",0,0,0,0,0,1,1,1,3,FALSE,FALSE,FALSE,"reductive TCA cycle II"
"PWY-5494","pyruvate fermentation to propanoate II (acrylate pathway)",1,1,0,0,0,1,0,0,3,FALSE,FALSE,FALSE,"pyruvate fermentation to propanoate II (acrylate pathway)"
"PWY-5743","3-hydroxypropanoate cycle",1,1,0,0,0,1,0,0,3,FALSE,FALSE,FALSE,"3-hydroxypropanoate cycle"
"PWY-5744","glyoxylate assimilation",1,1,0,0,0,1,0,0,3,FALSE,FALSE,FALSE,"glyoxylate assimilation"
"PWY-5910","superpathway of geranylgeranyldiphosphate biosynthesis I (via mevalonate)",0,1,0,0,1,1,0,0,3,FALSE,FALSE,FALSE,"superpathway of geranylgeranyldiphosphate biosynthesis I (via mevalonate)"
"PWY-6123","inosine-5'-phosphate biosynthesis I",0,0,1,0,0,0,1,1,3,FALSE,FALSE,FALSE,"inosine-5'-phosphate biosynthesis I"
"PWY-6125","superpathway of guanosine nucleotides de novo biosynthesis II",0,0,1,0,0,0,1,1,3,FALSE,FALSE,FALSE,"superpathway of guanosine nucleotides de novo biosynthesis II"
"PWY-6385","peptidoglycan biosynthesis III (mycobacteria)",0,0,1,0,0,0,1,1,3,FALSE,FALSE,FALSE,"peptidoglycan biosynthesis III (mycobacteria)"
"PWY-6387","UDP-N-acetylmuramoyl-pentapeptide biosynthesis I (meso-diaminopimelate containing)",0,0,1,0,0,0,1,1,3,FALSE,FALSE,FALSE,"UDP-N-acetylmuramoyl-pentapeptide biosynthesis I (meso-diaminopimelate containing)"
"PWY-6630","superpathway of L-tyrosine biosynthesis",0,0,1,0,1,0,0,1,3,FALSE,FALSE,FALSE,"superpathway of L-tyrosine biosynthesis"
"PWY-6641","superpathway of sulfolactate degradation",0,0,1,0,0,0,1,1,3,FALSE,FALSE,FALSE,"superpathway of sulfolactate degradation"
"PWY-7024","superpathway of the 3-hydroxypropanoate cycle",1,1,0,0,0,1,0,0,3,FALSE,FALSE,FALSE,"superpathway of the 3-hydroxypropanoate cycle"
"PWY-7098","vanillin and vanillate degradation II",0,1,0,0,0,0,1,1,3,FALSE,FALSE,FALSE,"vanillin and vanillate degradation II"
"PWY-7220","adenosine deoxyribonucleotides de novo biosynthesis II",0,0,1,0,0,0,1,1,3,FALSE,FALSE,FALSE,"adenosine deoxyribonucleotides de novo biosynthesis II"
"PWY-7222","guanosine deoxyribonucleotides de novo biosynthesis II",0,0,1,0,0,0,1,1,3,FALSE,FALSE,FALSE,"guanosine deoxyribonucleotides de novo biosynthesis II"
"PWY-7228","superpathway of guanosine nucleotides de novo biosynthesis I",0,0,1,0,0,0,1,1,3,FALSE,FALSE,FALSE,"superpathway of guanosine nucleotides de novo biosynthesis I"
"PWY-7290","Escherichia coli serotype O86 O-antigen biosynthesis",1,1,0,0,0,1,0,0,3,FALSE,FALSE,FALSE,"Escherichia coli serotype O86 O-antigen biosynthesis"
"PWY-7480","2,3-dihydroxybenzoate degradation",0,0,1,0,1,0,0,1,3,FALSE,FALSE,FALSE,"2,3-dihydroxybenzoate degradation"
"PWY-7953","UDP-N-acetylmuramoyl-pentapeptide biosynthesis III (meso-diaminopimelate containing)",0,0,1,0,0,0,1,1,3,FALSE,FALSE,FALSE,"UDP-N-acetylmuramoyl-pentapeptide biosynthesis III (meso-diaminopimelate containing)"
"PWY-8190","L-glutamate degradation XI (reductive Stickland reaction)",1,1,0,0,0,1,0,0,3,FALSE,FALSE,FALSE,"L-glutamate degradation XI (reductive Stickland reaction)"
"PWY-841","superpathway of purine nucleotides de novo biosynthesis I",0,0,1,0,0,0,1,1,3,FALSE,FALSE,FALSE,"superpathway of purine nucleotides de novo biosynthesis I"
"PWY-922","mevalonate pathway I (eukaryotes and bacteria)",0,1,0,0,1,1,0,0,3,FALSE,FALSE,FALSE,"mevalonate pathway I (eukaryotes and bacteria)"
"THRESYN-PWY","superpathway of L-threonine biosynthesis",0,0,1,0,0,0,1,1,3,FALSE,FALSE,FALSE,"superpathway of L-threonine biosynthesis"
"TRIGLSYN-PWY","diacylglycerol and triacylglycerol biosynthesis",0,1,0,0,1,1,0,0,3,FALSE,FALSE,FALSE,"diacylglycerol and triacylglycerol biosynthesis"
"12DICHLORETHDEG-PWY","1,2-dichloroethane degradation",0,0,1,0,0,0,0,1,2,FALSE,FALSE,FALSE,"1,2-dichloroethane degradation"
"ARGSYN-PWY","L-arginine biosynthesis I (via L-ornithine)",0,0,1,0,0,0,0,1,2,FALSE,FALSE,FALSE,"L-arginine biosynthesis I (via L-ornithine)"
"GALACTARDEG-PWY","D-galactarate degradation I",0,0,1,0,0,0,0,1,2,FALSE,FALSE,FALSE,"D-galactarate degradation I"
"GLUCARGALACTSUPER-PWY","superpathway of D-glucarate and D-galactarate degradation",0,0,1,0,0,0,0,1,2,FALSE,FALSE,FALSE,"superpathway of D-glucarate and D-galactarate degradation"
"GLYCOLYSIS","glycolysis I (from glucose 6-phosphate)",0,0,1,0,1,0,0,0,2,FALSE,FALSE,FALSE,"glycolysis I (from glucose 6-phosphate)"
"KDO-NAGLIPASYN-PWY","superpathway of (Kdo)2-lipid A biosynthesis",0,0,0,0,1,1,0,0,2,FALSE,FALSE,FALSE,"superpathway of (Kdo)2-lipid A biosynthesis"
"METHYLGALLATE-DEGRADATION-PWY","methylgallate degradation",0,1,0,0,1,0,0,0,2,FALSE,FALSE,FALSE,"methylgallate degradation"
"P184-PWY","protocatechuate degradation I (meta-cleavage pathway)",0,1,0,0,1,0,0,0,2,FALSE,FALSE,FALSE,"protocatechuate degradation I (meta-cleavage pathway)"
"PWY-2942","L-lysine biosynthesis III",0,0,1,0,0,0,0,1,2,FALSE,FALSE,FALSE,"L-lysine biosynthesis III"
"PWY-3941","&beta;-alanine biosynthesis II",0,0,0,0,1,1,0,0,2,FALSE,FALSE,FALSE,"&beta;-alanine biosynthesis II"
"PWY-4702","phytate degradation I",1,0,0,0,0,1,0,0,2,FALSE,FALSE,FALSE,"phytate degradation I"
"PWY-5097","L-lysine biosynthesis VI",0,0,1,0,0,0,0,1,2,FALSE,FALSE,FALSE,"L-lysine biosynthesis VI"
"PWY-5154","L-arginine biosynthesis III (via N-acetyl-L-citrulline)",0,0,1,0,0,0,0,1,2,FALSE,FALSE,FALSE,"L-arginine biosynthesis III (via N-acetyl-L-citrulline)"
"PWY-5265","peptidoglycan biosynthesis II (staphylococci)",0,0,0,0,1,1,0,0,2,FALSE,FALSE,FALSE,"peptidoglycan biosynthesis II (staphylococci)"
"PWY-5345","superpathway of L-methionine biosynthesis (by sulfhydrylation)",0,0,1,0,0,0,0,1,2,FALSE,FALSE,FALSE,"superpathway of L-methionine biosynthesis (by sulfhydrylation)"
"PWY-5484","glycolysis II (from fructose 6-phosphate)",0,0,1,0,1,0,0,0,2,FALSE,FALSE,FALSE,"glycolysis II (from fructose 6-phosphate)"
"PWY-5659","GDP-mannose biosynthesis",0,0,1,0,0,0,0,1,2,FALSE,FALSE,FALSE,"GDP-mannose biosynthesis"
"PWY-5995","linoleate biosynthesis I (plants)",1,0,0,0,0,1,0,0,2,FALSE,FALSE,FALSE,"linoleate biosynthesis I (plants)"
"PWY-6030","serotonin and melatonin biosynthesis",0,1,0,0,0,1,0,0,2,FALSE,FALSE,FALSE,"serotonin and melatonin biosynthesis"
"PWY-6338","superpathway of vanillin and vanillate degradation",0,1,0,0,1,0,0,0,2,FALSE,FALSE,FALSE,"superpathway of vanillin and vanillate degradation"
"PWY-6339","syringate degradation",0,1,0,0,1,0,0,0,2,FALSE,FALSE,FALSE,"syringate degradation"
"PWY-6471","peptidoglycan biosynthesis IV (Enterococcus faecium)",0,0,0,0,1,1,0,0,2,FALSE,FALSE,FALSE,"peptidoglycan biosynthesis IV (Enterococcus faecium)"
"PWY-7097","vanillin and vanillate degradation I",0,1,0,0,1,0,0,0,2,FALSE,FALSE,FALSE,"vanillin and vanillate degradation I"
"PWY-7294","D-xylose degradation IV",1,0,1,0,0,0,0,0,2,FALSE,FALSE,FALSE,"D-xylose degradation IV"
"PWY-7409","phospholipid remodeling (phosphatidylethanolamine, yeast)",1,0,0,0,0,1,0,0,2,FALSE,FALSE,FALSE,"phospholipid remodeling (phosphatidylethanolamine, yeast)"
"PWY-7420","monoacylglycerol metabolism (yeast)",0,1,0,0,0,1,0,0,2,FALSE,FALSE,FALSE,"monoacylglycerol metabolism (yeast)"
"PWY-7574","propanoyl-CoA degradation II",0,0,0,0,1,1,0,0,2,FALSE,FALSE,FALSE,"propanoyl-CoA degradation II"
"PWY-7761","NAD salvage pathway II (PNC IV cycle)",0,0,1,0,0,0,0,1,2,FALSE,FALSE,FALSE,"NAD salvage pathway II (PNC IV cycle)"
"PWY-7977","L-methionine biosynthesis IV",0,0,1,0,0,0,0,1,2,FALSE,FALSE,FALSE,"L-methionine biosynthesis IV"
"PWY-821","superpathway of sulfur amino acid biosynthesis (Saccharomyces cerevisiae)",0,0,1,0,0,0,0,1,2,FALSE,FALSE,FALSE,"superpathway of sulfur amino acid biosynthesis (Saccharomyces cerevisiae)"
"PWY66-373","sucrose degradation V (sucrose &alpha;-glucosidase)",0,0,0,0,1,1,0,0,2,FALSE,FALSE,FALSE,"sucrose degradation V (sucrose &alpha;-glucosidase)"
"PYRIDNUCSYN-PWY","NAD de novo biosynthesis I (from aspartate)",0,0,1,0,1,0,0,0,2,FALSE,FALSE,FALSE,"NAD de novo biosynthesis I (from aspartate)"
"PYRIDOXSYN-PWY","pyridoxal 5'-phosphate biosynthesis I",0,0,1,0,0,0,0,1,2,FALSE,FALSE,FALSE,"pyridoxal 5'-phosphate biosynthesis I"
"RIBOSYN2-PWY","flavin biosynthesis I (bacteria and plants)",0,0,1,0,0,0,0,1,2,FALSE,FALSE,FALSE,"flavin biosynthesis I (bacteria and plants)"
"ARGDEG-PWY","superpathway of L-arginine, putrescine, and 4-aminobutanoate degradation",0,0,0,0,0,1,0,0,1,FALSE,FALSE,FALSE,"superpathway of L-arginine, putrescine, and 4-aminobutanoate degradation"
"CRNFORCAT-PWY","creatinine degradation I",0,0,1,0,0,0,0,0,1,FALSE,FALSE,FALSE,"creatinine degradation I"
"GLYOXYLATE-BYPASS","glyoxylate cycle",0,0,1,0,0,0,0,0,1,FALSE,FALSE,FALSE,"glyoxylate cycle"
"HISDEG-PWY","L-histidine degradation I",0,0,1,0,0,0,0,0,1,FALSE,FALSE,FALSE,"L-histidine degradation I"
"HSERMETANA-PWY","L-methionine biosynthesis III",0,0,1,0,0,0,0,0,1,FALSE,FALSE,FALSE,"L-methionine biosynthesis III"
"ORNARGDEG-PWY","superpathway of L-arginine and L-ornithine degradation",0,0,0,0,0,1,0,0,1,FALSE,FALSE,FALSE,"superpathway of L-arginine and L-ornithine degradation"
"P164-PWY","purine nucleobases degradation I (anaerobic)",0,0,1,0,0,0,0,0,1,FALSE,FALSE,FALSE,"purine nucleobases degradation I (anaerobic)"
"PWY-4722","creatinine degradation II",0,0,0,0,0,1,0,0,1,FALSE,FALSE,FALSE,"creatinine degradation II"
"PWY-5415","catechol degradation I (meta-cleavage pathway)",0,0,0,0,0,0,1,0,1,FALSE,FALSE,FALSE,"catechol degradation I (meta-cleavage pathway)"
"PWY-5644","4-nitrotoluene degradation II",0,0,0,0,1,0,0,0,1,FALSE,FALSE,FALSE,"4-nitrotoluene degradation II"
"PWY-6060","malonate degradation II (biotin-dependent)",0,0,0,0,0,1,0,0,1,FALSE,FALSE,FALSE,"malonate degradation II (biotin-dependent)"
"PWY-6328","L-lysine degradation X",0,0,0,0,0,1,0,0,1,FALSE,FALSE,FALSE,"L-lysine degradation X"
"PWY-6470","peptidoglycan biosynthesis V (&beta;-lactam resistance)",0,0,1,0,0,0,0,0,1,FALSE,FALSE,FALSE,"peptidoglycan biosynthesis V (&beta;-lactam resistance)"
"PWY-6527","stachyose degradation",0,0,1,0,0,0,0,0,1,FALSE,FALSE,FALSE,"stachyose degradation"
"PWY-6760","D-xylose degradation III",0,0,0,0,0,1,0,0,1,FALSE,FALSE,FALSE,"D-xylose degradation III"
"PWY-6897","thiamine diphosphate salvage II",0,0,1,0,0,0,0,0,1,FALSE,FALSE,FALSE,"thiamine diphosphate salvage II"
"PWY-6942","dTDP-D-desosamine biosynthesis",0,0,0,0,0,1,0,0,1,FALSE,FALSE,FALSE,"dTDP-D-desosamine biosynthesis"
"PWY-7128","nicotine degradation III (VPP pathway)",0,0,0,0,0,1,0,0,1,FALSE,FALSE,FALSE,"nicotine degradation III (VPP pathway)"
"PWY-8085","picolinate degradation",1,0,0,0,0,0,0,0,1,FALSE,FALSE,FALSE,"picolinate degradation"
"PWY0-862","(5Z)-dodecenoate biosynthesis I",0,0,1,0,0,0,0,0,1,FALSE,FALSE,FALSE,"(5Z)-dodecenoate biosynthesis I"
"AST-PWY","L-arginine degradation II (AST pathway)",0,0,0,0,0,0,0,0,0,FALSE,FALSE,FALSE,"L-arginine degradation II (AST pathway)"
"CATECHOL-ORTHO-CLEAVAGE-PWY","catechol degradation to &beta;-ketoadipate",0,0,0,0,0,0,0,0,0,FALSE,FALSE,FALSE,"catechol degradation to &beta;-ketoadipate"
"ECASYN-PWY","enterobacterial common antigen biosynthesis",0,0,0,0,0,0,0,0,0,FALSE,FALSE,FALSE,"enterobacterial common antigen biosynthesis"
"P261-PWY","coenzyme M biosynthesis I",0,0,0,0,0,0,0,0,0,FALSE,FALSE,FALSE,"coenzyme M biosynthesis I"
"PWY-5109","propanoate fermentation to 2-methylbutanoate",0,0,0,0,0,0,0,0,0,FALSE,FALSE,FALSE,"propanoate fermentation to 2-methylbutanoate"
"PWY-5417","catechol degradation III (ortho-cleavage pathway)",0,0,0,0,0,0,0,0,0,FALSE,FALSE,FALSE,"catechol degradation III (ortho-cleavage pathway)"
"PWY-5420","catechol degradation II (meta-cleavage pathway)",0,0,0,0,0,0,0,0,0,FALSE,FALSE,FALSE,"catechol degradation II (meta-cleavage pathway)"
"PWY-5431","aromatic compounds degradation via &beta;-ketoadipate",0,0,0,0,0,0,0,0,0,FALSE,FALSE,FALSE,"aromatic compounds degradation via &beta;-ketoadipate"
"PWY-5466","matairesinol biosynthesis",0,0,0,0,0,0,0,0,0,FALSE,FALSE,FALSE,"matairesinol biosynthesis"
"PWY-5645","4-chloronitrobenzene degradation",0,0,0,0,0,0,0,0,0,FALSE,FALSE,FALSE,"4-chloronitrobenzene degradation"
"PWY-5733","germacrene biosynthesis",0,0,0,0,0,0,0,0,0,FALSE,FALSE,FALSE,"germacrene biosynthesis"
"PWY-5818","validamycin biosynthesis",0,0,0,0,0,0,0,0,0,FALSE,FALSE,FALSE,"validamycin biosynthesis"
"PWY-5913","partial TCA cycle (obligate autotrophs)",0,0,0,0,0,0,0,0,0,FALSE,FALSE,FALSE,"partial TCA cycle (obligate autotrophs)"
"PWY-6138","CMP-N-acetylneuraminate biosynthesis I (eukaryotes)",0,0,0,0,0,0,0,0,0,FALSE,FALSE,FALSE,"CMP-N-acetylneuraminate biosynthesis I (eukaryotes)"
"PWY-6148","tetrahydromethanopterin biosynthesis",0,0,0,0,0,0,0,0,0,FALSE,FALSE,FALSE,"tetrahydromethanopterin biosynthesis"
"PWY-6182","superpathway of salicylate degradation",0,0,0,0,0,0,0,0,0,FALSE,FALSE,FALSE,"superpathway of salicylate degradation"
"PWY-6565","superpathway of polyamine biosynthesis III",0,0,0,0,0,0,0,0,0,FALSE,FALSE,FALSE,"superpathway of polyamine biosynthesis III"
"PWY-6662","superpathway of quinolone and alkylquinolone biosynthesis",0,0,0,0,0,0,0,0,0,FALSE,FALSE,FALSE,"superpathway of quinolone and alkylquinolone biosynthesis"
"PWY-6961","L-ascorbate degradation II (bacterial, aerobic)",0,0,0,0,0,0,0,0,0,FALSE,FALSE,FALSE,"L-ascorbate degradation II (bacterial, aerobic)"
"PWY-6993","nicotine degradation II (pyrrolidine pathway)",0,0,0,0,0,0,0,0,0,FALSE,FALSE,FALSE,"nicotine degradation II (pyrrolidine pathway)"
"PWY-7136","&beta; myrcene degradation",0,0,0,0,0,0,0,0,0,FALSE,FALSE,FALSE,"&beta; myrcene degradation"
"PWY-7787","L-threitol degradation",0,0,0,0,0,0,0,0,0,FALSE,FALSE,FALSE,"L-threitol degradation"
"PWY-8154","superpathway of cholesterol degradation III (oxidase)",0,0,0,0,0,0,0,0,0,FALSE,FALSE,FALSE,"superpathway of cholesterol degradation III (oxidase)"
"PWY-8181","2-methyl-branched fatty acid &beta;-oxidation",0,0,0,0,0,0,0,0,0,FALSE,FALSE,FALSE,"2-methyl-branched fatty acid &beta;-oxidation"
"PWY-822","fructan biosynthesis",0,0,0,0,0,0,0,0,0,FALSE,FALSE,FALSE,"fructan biosynthesis"
"REDCITCYC","TCA cycle VI (Helicobacter)",0,0,0,0,0,0,0,0,0,FALSE,FALSE,FALSE,"TCA cycle VI (Helicobacter)"
"TYRFUMCAT-PWY","L-tyrosine degradation I",0,0,0,0,0,0,0,0,0,FALSE,FALSE,FALSE,"L-tyrosine degradation I"
