"","Comparison","Taxa","logFC","se","P.unadj","P.adj","Significance","Method"
"1","February - September","PWY-7674|PWY-7674",-1.58909735111938,0.317765145040475,5.70766869767425e-07,0.00030593104219534,"***","metagenomeSeq"
"2","February - September","PWY-5101|PWY-5101",-1.86765989347076,0.389287806024857,1.60551871242198e-06,0.000430279014929091,"***","metagenomeSeq"
"3","February - September","PWY66-374|PWY66-374",-2.04720910849475,0.507608945529632,5.50590133401307e-05,0.00983721038343669,"**","metagenomeSeq"
"4","February - September","PWY-6165|PWY-6165",-3.34743912237211,0.871252980211352,0.000121987227993614,0.0144919687061861,"*","metagenomeSeq"
"5","February - September","PWY-6160|PWY-6160",-3.33871889921215,0.885022830232556,0.000161641733038564,0.0144919687061861,"*","metagenomeSeq"
"6","February - September","PWY-5692|PWY-5692",0.900522938200039,0.241237183460503,0.000189260785341983,0.0144919687061861,"*","metagenomeSeq"
"7","February - September","URDEGR-PWY|URDEGR-PWY",0.900522938200039,0.241237183460503,0.000189260785341983,0.0144919687061861,"*","metagenomeSeq"
"8","February - September","PWY-7295|PWY-7295",0.971283774307595,0.262602010188908,0.000216713970141669,0.0145198359994918,"*","metagenomeSeq"
"9","February - September","PROTOCATECHUATE-ORTHO-CLEAVAGE-PWY|PROTOCATECHUATE-ORTHO-CLEAVAGE-PWY",0.49508595344597,0.135767727695032,0.00026576843888626,0.0158279870270039,"*","metagenomeSeq"
"10","February - September","PWY-7644|PWY-7644",-2.59384431224057,0.718288463509675,0.000304847306302092,0.0163398156177921,"*","metagenomeSeq"
"11","February - September","PWY-7282|PWY-7282",0.56196641154726,0.163538629616987,0.00058973596478662,0.0287362251932389,"*","metagenomeSeq"
"12","February - September","GLYCOCAT-PWY|GLYCOCAT-PWY",0.556890997779021,0.170812912209444,0.00111318184903442,0.0449057165279292,"*","metagenomeSeq"
"13","February - September","PWY-5705|PWY-5705",0.539810924380049,0.165702615855545,0.00112315465956847,0.0449057165279292,"*","metagenomeSeq"
"14","February - September","P341-PWY|P341-PWY",-1.43027667264479,0.440710650183909,0.00117291050632651,0.0449057165279292,"*","metagenomeSeq"
"15","February - September","PWY-5067|PWY-5067",-2.72386523648603,0.845698276827797,0.00127812109193903,0.0451906220551801,"*","metagenomeSeq"
"16","February - September","PWY-5677|PWY-5677",-1.81121871893979,0.56506077768933,0.00134897379269194,0.0451906220551801,"*","metagenomeSeq"
"17","February - September","DARABCATK12-PWY|DARABCATK12-PWY",-1.38865520729395,0.442097578988205,0.00168337300122445,0.0530757605091945,"","metagenomeSeq"
"18","February - September","PWY-7873|PWY-7873",0.46853534889903,0.149981803726046,0.00178442017022418,0.0531360672911199,"","metagenomeSeq"
"19","February - September","PWY-1861|PWY-1861",-1.34170297719608,0.435393700796346,0.00205901236064099,0.0574578130768893,"","metagenomeSeq"
"20","February - September","RUMP-PWY|RUMP-PWY",-1.33055780978054,0.433472608953983,0.00214394824913766,0.0574578130768893,"","metagenomeSeq"
"21","February - September","RHAMCAT-PWY|RHAMCAT-PWY",-0.661632048748172,0.217923160789931,0.00239676132302313,0.0611744794828762,"","metagenomeSeq"
"22","February - September","PWY0-1297|PWY0-1297",0.326422882028488,0.108914118461489,0.00272591027858504,0.0654609356811673,"","metagenomeSeq"
"23","February - September","PWY-7784|PWY-7784",-1.56892201406923,0.525090796517285,0.00280895806094561,0.0654609356811673,"","metagenomeSeq"
"24","February - September","METH-ACETATE-PWY|METH-ACETATE-PWY",-1.64238448387214,0.555580196674064,0.00311494491849107,0.0695671031796339,"","metagenomeSeq"
"25","February - September","CODH-PWY|CODH-PWY",-1.66355346685125,0.569669984304403,0.00349800548391199,0.0749972375750731,"","metagenomeSeq"
"26","February - September","URSIN-PWY|URSIN-PWY",0.63308376509145,0.221391149457377,0.00424214116824184,0.0874533717760626,"","metagenomeSeq"
"27","February - September","PWY-7332|PWY-7332",-1.82665393110543,0.648693166322506,0.00486410739857468,0.096561539468001,"","metagenomeSeq"
"28","February - September","KETOGLUCONMET-PWY|KETOGLUCONMET-PWY",0.792159235768183,0.283795821981512,0.00524968139928594,0.100493901072045,"","metagenomeSeq"
"29","February - September","PWY-7371|PWY-7371",-1.0570024231569,0.38155625851162,0.00560149952991207,0.103531163725271,"","metagenomeSeq"
"30","February - September","FUC-RHAMCAT-PWY|FUC-RHAMCAT-PWY",-0.820002185455553,0.298979969771972,0.00609426456546269,0.1088841935696,"","metagenomeSeq"
"31","February - September","PWY-5654|PWY-5654",-0.735273945339803,0.271499449483776,0.00676498902625111,0.115213821581434,"","metagenomeSeq"
"32","February - September","PWY-7399|PWY-7399",1.17546510425017,0.434926862228846,0.00687843710933933,0.115213821581434,"","metagenomeSeq"
"33","February - September","PWY-5488|PWY-5488",-1.0268420156052,0.384402835200914,0.00755658605957787,0.11980362082815,"","metagenomeSeq"
"34","February - September","PWY-5647|PWY-5647",-0.732111923421128,0.276075247499108,0.0080050569589516,0.11980362082815,"","metagenomeSeq"
"35","February - September","PWY-7992|PWY-7992",-0.92060818537683,0.347403781408686,0.00804998877507157,0.11980362082815,"","metagenomeSeq"
"36","February - September","PWY-6703|PWY-6703",-0.49103183047985,0.186363913084497,0.00841866159229698,0.11980362082815,"","metagenomeSeq"
"37","February - September","NAGLIPASYN-PWY|NAGLIPASYN-PWY",-0.434221388684309,0.164990659238599,0.00849354028259275,0.11980362082815,"","metagenomeSeq"
"38","February - September","PWY-8073|PWY-8073",-0.434221388684309,0.164990659238599,0.00849354028259275,0.11980362082815,"","metagenomeSeq"
"39","February - September","SPHINGOLIPID-SYN-PWY|SPHINGOLIPID-SYN-PWY",-1.16128494976798,0.445899822989078,0.0092045242257377,0.124287883662876,"","metagenomeSeq"
"40","February - September","PWY-6185|PWY-6185",0.965769607774323,0.373065574185593,0.00963279202156597,0.124287883662876,"","metagenomeSeq"
"41","February - September","PWY-7409|PWY-7409",-1.06641744272327,0.412552608847836,0.00974002569494048,0.124287883662876,"","metagenomeSeq"
"42","February - September","PWY-5652|PWY-5652",-1.05947711072972,0.410276507023496,0.00981303058250993,0.124287883662876,"","metagenomeSeq"
"43","February - September","DHGLUCONATE-PYR-CAT-PWY|DHGLUCONATE-PYR-CAT-PWY",-1.12409670911499,0.437124454801428,0.0101238162209603,0.124287883662876,"","metagenomeSeq"
"44","February - September","PWY-6891|PWY-6891",-1.12911076197101,0.4413418078261,0.0105167475843237,0.124287883662876,"","metagenomeSeq"
"45","February - September","PWY-5995|PWY-5995",-0.956600420029958,0.374624144313622,0.0106648185355811,0.124287883662876,"","metagenomeSeq"
"46","February - September","PWY0-1241|PWY0-1241",-0.599318464162646,0.235189297526367,0.0108268368878164,0.124287883662876,"","metagenomeSeq"
"47","February - September","PWY-7376|PWY-7376",0.517850729267829,0.203657699498054,0.0109983714174839,0.124287883662876,"","metagenomeSeq"
"48","February - September","PWY-7900|PWY-7900",1.17962555315822,0.464678847241816,0.0111302582384665,0.124287883662876,"","metagenomeSeq"
"49","February - September","ARGDEG-IV-PWY|ARGDEG-IV-PWY",-1.33281707395537,0.534418079568335,0.0126326939145747,0.138186202820653,"","metagenomeSeq"
"50","February - September","PWY-6344|PWY-6344",-1.22731990834965,0.497753721936332,0.0136739248957414,0.143914781320268,"","metagenomeSeq"
"51","February - September","PWY-7374|PWY-7374",-0.901805642812875,0.367802753363763,0.014211480754178,0.143914781320268,"","metagenomeSeq"
"52","February - September","PWY-6748|PWY-6748",-0.44409091011015,0.181210785502547,0.0142583892242432,0.143914781320268,"","metagenomeSeq"
"53","February - September","PWY66-301|PWY66-301",-1.37354855444827,0.560499737197791,0.0142626894998523,0.143914781320268,"","metagenomeSeq"
"54","February - September","PWY-1269|PWY-1269",-0.432995824091882,0.17799255696208,0.0149882630234637,0.143914781320268,"","metagenomeSeq"
"55","February - September","PWY-7383|PWY-7383",-0.450845406681629,0.185406402536359,0.0150297919199853,0.143914781320268,"","metagenomeSeq"
"56","February - September","PWY-6467|PWY-6467",-0.411547439136639,0.169997791335141,0.0154821892100341,0.143914781320268,"","metagenomeSeq"
"57","February - September","PWY-8190|PWY-8190",-1.09516199663644,0.452521390510013,0.0155148270228611,0.143914781320268,"","metagenomeSeq"
"58","February - September","PWY0-845|PWY0-845",0.542680701306674,0.224361792461024,0.0155728681279395,0.143914781320268,"","metagenomeSeq"
"59","February - September","PWY-5494|PWY-5494",-1.01819790732386,0.425389643520432,0.0166855090310143,0.149620410542374,"","metagenomeSeq"
"60","February - September","PWY-7874|PWY-7874",0.436066662800605,0.182288277854382,0.0167485534189225,0.149620410542374,"","metagenomeSeq"
"61","February - September","PWY-6873|PWY-6873",-1.36383137510205,0.573031208175596,0.0173112361265995,0.152111845309136,"","metagenomeSeq"
"62","February - September","PWY-6383|PWY-6383",1.2478711802096,0.533255163433725,0.0192785024223583,0.159962533693022,"","metagenomeSeq"
"63","February - September","PWY-5519|PWY-5519",-1.15298707207563,0.493045192317072,0.0193612321571905,0.159962533693022,"","metagenomeSeq"
"64","February - September","PWY4LZ-257|PWY4LZ-257",-1.36175056935391,0.586520177560153,0.0202466446467977,0.159962533693022,"","metagenomeSeq"
"65","February - September","FUCCAT-PWY|FUCCAT-PWY",-1.05025119056622,0.452687991312077,0.0203390788460283,0.159962533693022,"","metagenomeSeq"
"66","February - September","PWY-6126|PWY-6126",-1.09436252105952,0.471738965465468,0.0203491214270608,0.159962533693022,"","metagenomeSeq"
"67","February - September","PWY-5497|PWY-5497",-0.402192155780826,0.173453917948678,0.0204098833037243,0.159962533693022,"","metagenomeSeq"
"68","February - September","PWY-7229|PWY-7229",-1.11629677568105,0.48170568590824,0.0204828540471194,0.159962533693022,"","metagenomeSeq"
"69","February - September","HOMOSER-METSYN-PWY|HOMOSER-METSYN-PWY",0.406280119202242,0.175470233512638,0.020592191837348,0.159962533693022,"","metagenomeSeq"
"70","February - September","DENOVOPURINE2-PWY|DENOVOPURINE2-PWY",-0.95675625461662,0.414356918795005,0.0209427604381753,0.160361708498028,"","metagenomeSeq"
"71","February - September","PWY-3801|PWY-3801",-1.32808224005154,0.5796581290614,0.021954887502003,0.162156785665206,"","metagenomeSeq"
"72","February - September","PWY-7854|PWY-7854",0.320686568997914,0.140011209973314,0.0219961153289205,0.162156785665206,"","metagenomeSeq"
"73","February - September","PWY-7913|PWY-7913",-1.04068762302651,0.454665853586737,0.0220847861073881,0.162156785665206,"","metagenomeSeq"
"74","February - September","PWY-6803|PWY-6803",-0.803033775226346,0.352875999971746,0.0228650131606654,0.165616852082657,"","metagenomeSeq"
"75","February - September","PWY0-1061|PWY0-1061",-0.417835047033142,0.189056371795414,0.0270976504333644,0.193657875097111,"","metagenomeSeq"
"76","February - September","PWY1G-0|PWY1G-0",0.97567382876019,0.445928384503399,0.0286724572143213,0.20221627719574,"","metagenomeSeq"
"77","February - September","PWY-5180|PWY-5180",0.334711761306471,0.153868792522843,0.0296071670638902,0.206096643457729,"","metagenomeSeq"
"78","February - September","PWY-5973|PWY-5973",-0.289680432884746,0.1338969308264,0.0305059439409086,0.209630589132397,"","metagenomeSeq"
"79","February - September","ECASYN-PWY|ECASYN-PWY",-0.967539403193881,0.44893614234815,0.0311475408805604,0.211330150784562,"","metagenomeSeq"
"80","February - September","P108-PWY|P108-PWY",-1.12601599105135,0.527951902087237,0.0329411091732992,0.21859462319477,"","metagenomeSeq"
"81","February - September","P441-PWY|P441-PWY",-0.906372705882298,0.426133777032766,0.0334227814055037,0.21859462319477,"","metagenomeSeq"
"82","February - September","PWY-7090|PWY-7090",-0.696009707066271,0.327266048732152,0.0334417147424835,0.21859462319477,"","metagenomeSeq"
"83","February - September","PWY-6263|PWY-6263",-0.719966665613712,0.342077715989732,0.0353185262267008,0.228081085030261,"","metagenomeSeq"
"84","February - September","PWY-7663|PWY-7663",-0.306462691805757,0.146555554709298,0.0365188736288393,0.233025193631641,"","metagenomeSeq"
"85","February - September","P562-PWY|P562-PWY",0.302486393593222,0.145683576677935,0.0378639398960123,0.23876555040309,"","metagenomeSeq"
"86","February - September","PWY-6760|PWY-6760",0.739148214627316,0.359149468839364,0.0395851601757946,0.242282075221262,"","metagenomeSeq"
"87","February - September","PWY-7654|PWY-7654",-0.776500327345339,0.377792708673909,0.0398441679145518,0.242282075221262,"","metagenomeSeq"
"88","February - September","PWY-6143|PWY-6143",-1.15797920796411,0.564300661169432,0.0401637639902004,0.242282075221262,"","metagenomeSeq"
"89","February - September","P105-PWY|P105-PWY",1.04614146882361,0.509968893921914,0.0402296729378588,0.242282075221262,"","metagenomeSeq"
"90","February - September","DENITRIFICATION-PWY|DENITRIFICATION-PWY",-0.459735723784076,0.224933662185037,0.0409661456868156,0.243976156534813,"","metagenomeSeq"
"91","February - September","ASPASN-PWY|ASPASN-PWY",-1.27423333133976,0.627787149732508,0.0423848147115506,0.24965121632298,"","metagenomeSeq"
"92","February - September","P381-PWY|P381-PWY",-1.15265072647542,0.573033753975463,0.0442738984998874,0.2529957180787,"","metagenomeSeq"
"93","February - September","PWY-5104|PWY-5104",-1.36467978265545,0.679858134456646,0.0447176431767482,0.2529957180787,"","metagenomeSeq"
"94","February - September","PWY-7328|PWY-7328",0.633925971473113,0.316161907569754,0.0449558293753307,0.2529957180787,"","metagenomeSeq"
"95","February - September","PWY-7883|PWY-7883",-0.395086789180729,0.197716591337766,0.0456897767107405,0.2529957180787,"","metagenomeSeq"
"96","February - September","MET-SAM-PWY|MET-SAM-PWY",0.278532739751379,0.139946835252964,0.0465606093114015,0.2529957180787,"","metagenomeSeq"
"97","February - September","PWY-7316|PWY-7316",-1.06381068333724,0.535265010839335,0.0468729160831223,0.2529957180787,"","metagenomeSeq"
"98","February - September","P23-PWY|P23-PWY",-0.309403561068013,0.156436009482765,0.0479480838119262,0.2529957180787,"","metagenomeSeq"
"99","February - September","PWY-6075|PWY-6075",-1.19817873667258,0.606006462860941,0.0480222424433832,0.2529957180787,"","metagenomeSeq"
"100","February - September","PWY-6920|PWY-6920",1.10551106875892,0.559751083263081,0.048267604813182,0.2529957180787,"","metagenomeSeq"
"101","February - September","GLYCOL-GLYOXDEG-PWY|GLYCOL-GLYOXDEG-PWY",-1.3318438263871,0.675379521174838,0.0486103822464232,0.2529957180787,"","metagenomeSeq"
"102","February - September","METHGLYUT-PWY|METHGLYUT-PWY",-1.32295535032893,0.672232082999561,0.0490675908135885,0.2529957180787,"","metagenomeSeq"
"103","February - September","PWY-6902|PWY-6902",-0.478471107519602,0.243191524399594,0.0491294874109909,0.2529957180787,"","metagenomeSeq"
"104","February - September","METSYN-PWY|METSYN-PWY",0.307274836171057,0.156386889259268,0.0494330397725911,0.2529957180787,"","metagenomeSeq"
"105","February - September","P241-PWY|P241-PWY",-1.29319509911772,0.658538200840845,0.0495607283549693,0.2529957180787,"","metagenomeSeq"
"106","February - September","PWY-6700|PWY-6700",-0.251954662962276,0.12886129620229,0.0505548389194366,0.255635789253,"","metagenomeSeq"
"107","February - September","PWY66-391|PWY66-391",0.527749220008183,0.272683117612716,0.0529419873949326,0.263883677668779,"","metagenomeSeq"
"108","February - September","PWY-6269|PWY-6269",0.26617078956217,0.137660340829993,0.0531705917690823,0.263883677668779,"","metagenomeSeq"
"109","February - September","PWY-7024|PWY-7024",-0.926776748752901,0.480703695902956,0.0538602954893275,0.264854297085133,"","metagenomeSeq"
"110","February - September","PWY-6404|PWY-6404",2.08398228892149,1.08406019324877,0.0545571884362968,0.26551587040499,"","metagenomeSeq"
"111","February - September","PWY-5744|PWY-5744",-0.891750557402959,0.464697795525034,0.0549855627144662,0.26551587040499,"","metagenomeSeq"
"112","February - September","PWY-5743|PWY-5743",-0.845724430310021,0.442684349898113,0.0560758463789299,0.268362979099165,"","metagenomeSeq"
"113","February - September","PWY-5747|PWY-5747",-0.471097920844803,0.248242612854682,0.057731410488423,0.271306141776974,"","metagenomeSeq"
"114","February - September","PWY-6397|PWY-6397",2.16277570966294,1.141666264678,0.0581715719013429,0.271306141776974,"","metagenomeSeq"
"115","February - September","PWY-6421|PWY-6421",1.83037680501404,0.966347788340847,0.0582093401200596,0.271306141776974,"","metagenomeSeq"
"116","February - September","PWY-7294|PWY-7294",0.231992025227226,0.123306599851676,0.0599142327925577,0.276845075662163,"","metagenomeSeq"
"117","February - September","PWY-5347|PWY-5347",0.289092540582239,0.154218905678515,0.0608533261802666,0.278781049851478,"","metagenomeSeq"
"118","February - September","P101-PWY|P101-PWY",0.462935682728988,0.247487223671492,0.061408345670847,0.278939604064186,"","metagenomeSeq"
"119","February - September","PWY0-42|PWY0-42",-0.46547643374309,0.250548196668828,0.0631928887043256,0.284633515508559,"","metagenomeSeq"
"120","February - September","PWY-6581|PWY-6581",0.882101409641502,0.48134137783383,0.0668635620604798,0.298657243870143,"","metagenomeSeq"
"121","February - September","PWY-1501|PWY-1501",-0.863764566824574,0.477180929400032,0.0702739885705013,0.310034485442247,"","metagenomeSeq"
"122","February - September","GOLPDLCAT-PWY|GOLPDLCAT-PWY",0.904689194952858,0.500311924231506,0.0705675507909591,0.310034485442247,"","metagenomeSeq"
"123","February - September","PWY-7290|PWY-7290",-0.924915874801948,0.514002598132268,0.0719494023039779,0.311644210382769,"","metagenomeSeq"
"124","February - September","PWY-7237|PWY-7237",0.284387643085505,0.158669741601894,0.0730810233530039,0.311644210382769,"","metagenomeSeq"
"125","February - September","PWY-5419|PWY-5419",-0.267040747078755,0.149138560485361,0.073364785572219,0.311644210382769,"","metagenomeSeq"
"126","February - September","PWY-6168|PWY-6168",-0.438183895694759,0.244723991507195,0.0733698992383458,0.311644210382769,"","metagenomeSeq"
"127","February - September","PWY-7902|PWY-7902",0.775137209206043,0.434481682034432,0.0744154793949221,0.311644210382769,"","metagenomeSeq"
"128","February - September","PWY-5499|PWY-5499",-1.6329933282821,0.916008056758529,0.0746305702505325,0.311644210382769,"","metagenomeSeq"
"129","February - September","PWY-5741|PWY-5741",0.285171200789007,0.160168916263924,0.0750039237674947,0.311644210382769,"","metagenomeSeq"
"130","February - September","PWY-181|PWY-181",-0.208907915110746,0.117790126144154,0.0761358761269093,0.313914073877103,"","metagenomeSeq"
"131","February - September","PWY-2941|PWY-2941",-1.57464075314424,0.898005977907446,0.0795186505418286,0.325358753361986,"","metagenomeSeq"
"132","February - September","PWY-7858|PWY-7858",0.422682333750913,0.24154855481327,0.0801380588249179,0.325409087349667,"","metagenomeSeq"
"133","February - September","PWY-6749|PWY-6749",-0.84354214836976,0.48340419742362,0.0809842122102311,0.326372464245743,"","metagenomeSeq"
"134","February - September","HEMESYN2-PWY|HEMESYN2-PWY",-0.534771458531893,0.308551646863591,0.08306603296767,0.330417178225915,"","metagenomeSeq"
"135","February - September","PWY-561|PWY-561",0.344308442113587,0.198926428448386,0.0834815406626253,0.330417178225915,"","metagenomeSeq"
"136","February - September","PWY-762|PWY-762",1.14510392092548,0.662352745902462,0.0838371944752321,0.330417178225915,"","metagenomeSeq"
"137","February - September","PWY-7942|PWY-7942",-0.319838246894908,0.18553824601795,0.0847367343762329,0.331524741793145,"","metagenomeSeq"
"138","February - September","PWY0-301|PWY0-301",-0.838821352771621,0.488182176525693,0.0857501556548832,0.333058575587083,"","metagenomeSeq"
"139","February - September","PWY0-1261|PWY0-1261",-0.294993964582403,0.172052901215226,0.0864270556843743,0.333272675157012,"","metagenomeSeq"
"140","February - September","PWY0-1415|PWY0-1415",-0.511963538419118,0.299986448265816,0.0878922923725785,0.3365019193693,"","metagenomeSeq"
"141","February - September","PWY0-321|PWY0-321",-0.328297787153713,0.195729527916712,0.0934831835367376,0.355368697699939,"","metagenomeSeq"
"142","February - September","PWY-7356|PWY-7356",0.450397415724878,0.26931823502093,0.094453082378438,0.356527127851005,"","metagenomeSeq"
"143","February - September","HEXITOLDEGSUPER-PWY|HEXITOLDEGSUPER-PWY",-1.69015637708246,1.01463180084666,0.0957566488174206,0.358920026336626,"","metagenomeSeq"
"144","February - September","GALACTITOLCAT-PWY|GALACTITOLCAT-PWY",-1.71712536078325,1.03593267691761,0.0974053744448664,0.362564449322558,"","metagenomeSeq"
"145","February - September","PWY-7948|PWY-7948",-1.38911611727866,0.845436011433951,0.100367088081076,0.371012132492805,"","metagenomeSeq"
"146","February - September","PWY-5989|PWY-5989",-0.329750688997312,0.204092963356011,0.106161641326392,0.388875770618403,"","metagenomeSeq"
"147","February - September","PWY-5517|PWY-5517",0.710465304252573,0.440344057724783,0.106650631121092,0.388875770618403,"","metagenomeSeq"
"148","February - September","PWY-6501|PWY-6501",0.400407071989805,0.250717826811332,0.110256192111495,0.398354183209522,"","metagenomeSeq"
"149","February - September","PWY-6895|PWY-6895",-0.696062938267293,0.436432804793912,0.110736517347423,0.398354183209522,"","metagenomeSeq"
"150","February - September","PWY66-388|PWY66-388",-0.728396318399956,0.46638917204727,0.118340311364875,0.419895410838665,"","metagenomeSeq"
"151","February - September","PWY-6992|PWY-6992",-0.634563589729849,0.407266601095375,0.119208672601116,0.419895410838665,"","metagenomeSeq"
"152","February - September","PWY-6396|PWY-6396",0.213112214784243,0.136818645136475,0.11932204285426,0.419895410838665,"","metagenomeSeq"
"153","February - September","COBALSYN-PWY|COBALSYN-PWY",0.21928644276466,0.140986761444332,0.119858204959544,0.419895410838665,"","metagenomeSeq"
"154","February - September","PWY-7115|PWY-7115",-0.340573944965757,0.220663545474654,0.122731744003046,0.427170225880732,"","metagenomeSeq"
"155","February - September","PWY-5655|PWY-5655",-0.334157443006114,0.218604919427617,0.126365947286288,0.436981598357743,"","metagenomeSeq"
"156","February - September","GLCMANNANAUT-PWY|GLCMANNANAUT-PWY",-0.70156071212454,0.462548109147286,0.129334802005047,0.44264225646354,"","metagenomeSeq"
"157","February - September","PWY-4321|PWY-4321",-1.00526535741296,0.667649696243048,0.132149893449182,0.44264225646354,"","metagenomeSeq"
"158","February - September","PWY-5328|PWY-5328",-1.36839024438738,0.909187155433055,0.132306100056972,0.44264225646354,"","metagenomeSeq"
"159","February - September","PWY-5910|PWY-5910",-0.418389548113,0.278342065217506,0.132800670789443,0.44264225646354,"","metagenomeSeq"
"160","February - September","PWY-922|PWY-922",-0.427174816957002,0.284539417597185,0.133281810833251,0.44264225646354,"","metagenomeSeq"
"161","February - September","P185-PWY|P185-PWY",0.356550373587087,0.237624104538613,0.133489939150357,0.44264225646354,"","metagenomeSeq"
"162","February - September","PWY-5430|PWY-5430",0.421090745248607,0.281515012179783,0.134705235031413,0.44264225646354,"","metagenomeSeq"
"163","February - September","PWY-5183|PWY-5183",-0.97553573582116,0.652724960959539,0.135029664812288,0.44264225646354,"","metagenomeSeq"
"164","February - September","HCAMHPDEG-PWY|HCAMHPDEG-PWY",1.08355586966541,0.727287209911984,0.1362611423815,0.44264225646354,"","metagenomeSeq"
"165","February - September","PWY-6690|PWY-6690",1.08355586966541,0.727287209911984,0.1362611423815,0.44264225646354,"","metagenomeSeq"
"166","February - September","PWY-1622|PWY-1622",0.206014941698202,0.13878347917666,0.137693769623493,0.444601569386701,"","metagenomeSeq"
"167","February - September","PWY-5179|PWY-5179",-0.982295509878368,0.667182017300796,0.140938497343305,0.450371103581004,"","metagenomeSeq"
"168","February - September","TRNA-CHARGING-PWY|TRNA-CHARGING-PWY",-0.194911572974093,0.132459459477378,0.14116109216718,0.450371103581004,"","metagenomeSeq"
"169","February - September","14DICHLORBENZDEG-PWY|14DICHLORBENZDEG-PWY",-1.22664128352787,0.838823393861114,0.143649276520642,0.451502447332368,"","metagenomeSeq"
"170","February - September","PWY-6084|PWY-6084",-1.22664128352787,0.838823393861114,0.143649276520642,0.451502447332368,"","metagenomeSeq"
"171","February - September","PWY-6030|PWY-6030",-0.499545612646664,0.341943632604709,0.14404275838402,0.451502447332368,"","metagenomeSeq"
"172","February - September","PWY-7783|PWY-7783",-0.519162796736827,0.357189008683986,0.146093856157893,0.452015214372749,"","metagenomeSeq"
"173","February - September","PWY-6093|PWY-6093",-1.11650349776826,0.769130398257731,0.146600628592949,0.452015214372749,"","metagenomeSeq"
"174","February - September","PWY-7254|PWY-7254",-0.60327646610402,0.416485531785465,0.147479162742313,0.452015214372749,"","metagenomeSeq"
"175","February - September","PWY-5823|PWY-5823",-0.903418953660386,0.623988234958338,0.147669053322685,0.452015214372749,"","metagenomeSeq"
"176","February - September","PWY0-1337|PWY0-1337",-0.301304293393734,0.208497111739882,0.148422906211948,0.452015214372749,"","metagenomeSeq"
"177","February - September","PWY490-3|PWY490-3",0.331426139078027,0.231309672490978,0.151908030939038,0.460015280131777,"","metagenomeSeq"
"178","February - September","PWY-5030|PWY-5030",-0.224213245235657,0.157265074920606,0.153954170771761,0.463592334458787,"","metagenomeSeq"
"179","February - September","PWY-7574|PWY-7574",-1.3371415253571,0.953545985401483,0.160830692133607,0.481593580914041,"","metagenomeSeq"
"180","February - September","PWY-7209|PWY-7209",-1.43068636688543,1.02449505048685,0.162570140520824,0.483500575435963,"","metagenomeSeq"
"181","February - September","NADSYN-PWY|NADSYN-PWY",-0.450059987374734,0.322819838548483,0.163271649540876,0.483500575435963,"","metagenomeSeq"
"182","February - September","PWY-5651|PWY-5651",-0.498568318878022,0.360110542533023,0.166209424904229,0.489495888728939,"","metagenomeSeq"
"183","February - September","PWY-5265|PWY-5265",-1.27292139866754,0.929053183636223,0.170647076980136,0.495371345220951,"","metagenomeSeq"
"184","February - September","PWY-5645|PWY-5645",-1.10405599325959,0.808504727453525,0.172079331511472,0.495371345220951,"","metagenomeSeq"
"185","February - September","PWY-6087|PWY-6087",-0.953624061921881,0.701021958508802,0.173724228011892,0.495371345220951,"","metagenomeSeq"
"186","February - September","PWY-6089|PWY-6089",-0.953624061921881,0.701021958508802,0.173724228011892,0.495371345220951,"","metagenomeSeq"
"187","February - September","PWY-6193|PWY-6193",-0.953624061921881,0.701021958508802,0.173724228011892,0.495371345220951,"","metagenomeSeq"
"188","February - September","GLUDEG-I-PWY|GLUDEG-I-PWY",-0.295518951594364,0.217298848062395,0.173840819757584,0.495371345220951,"","metagenomeSeq"
"189","February - September","PWY-6107|PWY-6107",-0.944572861836527,0.698488317667524,0.176276109507045,0.495371345220951,"","metagenomeSeq"
"190","February - September","PWY-7136|PWY-7136",0.238154852642322,0.176121309384458,0.176304773790828,0.495371345220951,"","metagenomeSeq"
"191","February - September","PWY0-1277|PWY0-1277",0.805068959758406,0.596486488112657,0.177116995258467,0.495371345220951,"","metagenomeSeq"
"192","February - September","PWY0-1338|PWY0-1338",-1.077594634446,0.799011806811138,0.177446452019445,0.495371345220951,"","metagenomeSeq"
"193","February - September","TOLUENE-DEG-3-OH-PWY|TOLUENE-DEG-3-OH-PWY",-0.999295901828179,0.754332605958002,0.18525681833847,0.513773957492668,"","metagenomeSeq"
"194","February - September","P164-PWY|P164-PWY",-0.169825027724079,0.128398636131809,0.185955499540257,0.513773957492668,"","metagenomeSeq"
"195","February - September","PWY-7084|PWY-7084",-1.32675831663132,1.00978755169151,0.188880374522804,0.5158731479947,"","metagenomeSeq"
"196","February - September","1CMET2-PWY|1CMET2-PWY",-0.203039641845875,0.154622203645649,0.189137866182317,0.5158731479947,"","metagenomeSeq"
"197","February - September","PWY-5182|PWY-5182",-0.926957907830665,0.706654464535147,0.189602630886112,0.5158731479947,"","metagenomeSeq"
"198","February - September","PWY-5733|PWY-5733",-0.652366501397006,0.501267313732377,0.19310982178387,0.522761941798759,"","metagenomeSeq"
"199","February - September","PWY3O-4107|PWY3O-4107",0.189971022851935,0.146684621772836,0.195286277656345,0.525997210169855,"","metagenomeSeq"
"200","February - September","PWY0-781|PWY0-781",0.158946224390169,0.123381265681923,0.197658080845927,0.529723656667084,"","metagenomeSeq"
"201","February - September","PWY-1361|PWY-1361",-0.575937516722685,0.448851200990559,0.199444135081878,0.531851026885009,"","metagenomeSeq"
"202","February - September","PWY-5656|PWY-5656",-1.09053322023173,0.853324990408807,0.201256086136955,0.532107248747837,"","metagenomeSeq"
"203","February - September","PWY-6210|PWY-6210",-0.360018769159363,0.282494308863979,0.202511633807292,0.532107248747837,"","metagenomeSeq"
"204","February - September","PWY-3941|PWY-3941",-1.23401061389108,0.968300139063213,0.20251843049358,0.532107248747837,"","metagenomeSeq"
"205","February - September","NAD-BIOSYNTHESIS-II|NAD-BIOSYNTHESIS-II",-1.35868925485864,1.07062879602736,0.204420639606831,0.534485184532983,"","metagenomeSeq"
"206","February - September","P4-PWY|P4-PWY",0.163775703488332,0.129747996472936,0.206855252009463,0.538225315908118,"","metagenomeSeq"
"207","February - September","PWY-702|PWY-702",-0.162259770022361,0.131446859452653,0.217048883206616,0.559215700309917,"","metagenomeSeq"
"208","February - September","GALLATE-DEGRADATION-I-PWY|GALLATE-DEGRADATION-I-PWY",0.317592213295017,0.257843757052469,0.218052390605919,0.559215700309917,"","metagenomeSeq"
"209","February - September","GALLATE-DEGRADATION-II-PWY|GALLATE-DEGRADATION-II-PWY",0.317592213295017,0.257843757052469,0.218052390605919,0.559215700309917,"","metagenomeSeq"
"210","February - September","PWY-6350|PWY-6350",0.697320776402793,0.572351666390554,0.223093569617762,0.56941977769105,"","metagenomeSeq"
"211","February - September","PWY-8181|PWY-8181",0.4191704432546,0.347096735700942,0.227182948679393,0.577109291432014,"","metagenomeSeq"
"212","February - September","PWY-5181|PWY-5181",-0.907215820038078,0.757494702776491,0.231052125116036,0.584169523878281,"","metagenomeSeq"
"213","February - September","PWY-6148|PWY-6148",-0.86674968522623,0.727757381880817,0.233658632136314,0.587986041432227,"","metagenomeSeq"
"214","February - September","PWY-7420|PWY-7420",-0.94879503075548,0.802007041774302,0.23679891831426,0.593103832787119,"","metagenomeSeq"
"215","February - September","PWY-5873|PWY-5873",0.916434432027518,0.779100488930389,0.239486025739993,0.597044231612262,"","metagenomeSeq"
"216","February - September","PWY-8011|PWY-8011",0.165373732499307,0.141419734358732,0.242249642811671,0.601138002532666,"","metagenomeSeq"
"217","February - September","PWY-5723|PWY-5723",-0.298531006819988,0.257028744729404,0.245451084180669,0.606275489036122,"","metagenomeSeq"
"218","February - September","PWY-7855|PWY-7855",0.301679843311336,0.261167115719848,0.248040529417955,0.609861118201943,"","metagenomeSeq"
"219","February - September","METHANOGENESIS-PWY|METHANOGENESIS-PWY",-1.09699326377535,0.95486978570386,0.250621677422459,0.613393694513416,"","metagenomeSeq"
"220","February - September","PWY-7323|PWY-7323",-0.134781863781538,0.118171928907979,0.254054168200026,0.618968337069155,"","metagenomeSeq"
"221","February - September","TRIGLSYN-PWY|TRIGLSYN-PWY",-0.914648616942092,0.804009981638118,0.255283981313174,0.619150289519735,"","metagenomeSeq"
"222","February - September","PWY-6470|PWY-6470",0.723546504047642,0.651359167368418,0.266643381257651,0.643787623216671,"","metagenomeSeq"
"223","February - September","P163-PWY|P163-PWY",0.967567717012973,0.878377840835799,0.270662007415074,0.650559802576141,"","metagenomeSeq"
"224","February - September","PWY-6486|PWY-6486",0.40260723129348,0.368908116004148,0.275119668894367,0.656541757910083,"","metagenomeSeq"
"225","February - September","PWY-7947|PWY-7947",0.390029833996871,0.357931747627607,0.27585564680854,0.656541757910083,"","metagenomeSeq"
"226","February - September","PWY-722|PWY-722",-0.890897255615672,0.819232144424363,0.276825442700893,0.656541757910083,"","metagenomeSeq"
"227","February - September","PWY66-399|PWY66-399",-0.188345457959714,0.17379781471601,0.278495880433127,0.657593796969852,"","metagenomeSeq"
"228","February - September","PWY-5022|PWY-5022",0.234055233769518,0.217225727187436,0.281268230073469,0.660235226827806,"","metagenomeSeq"
"229","February - September","PWY-6957|PWY-6957",-0.457883995452414,0.425676163853094,0.282078109969342,0.660235226827806,"","metagenomeSeq"
"230","February - September","PWY-7456|PWY-7456",0.276725402210723,0.261546734289475,0.290039829100508,0.675918906077707,"","metagenomeSeq"
"231","February - September","PWY-5178|PWY-5178",-0.536885914172954,0.508970796333879,0.2914956676861,0.676370899912337,"","metagenomeSeq"
"232","February - September","PWY-6808|PWY-6808",-0.742105022254566,0.706586580793975,0.293595077696178,0.678067118739765,"","metagenomeSeq"
"233","February - September","HEME-BIOSYNTHESIS-II-1|HEME-BIOSYNTHESIS-II-1",-0.170520131031674,0.163176776978222,0.296021839151315,0.678067118739765,"","metagenomeSeq"
"234","February - September","HEME-BIOSYNTHESIS-II|HEME-BIOSYNTHESIS-II",-0.170520131031674,0.163176776978222,0.296021839151315,0.678067118739765,"","metagenomeSeq"
"235","February - September","POLYISOPRENSYN-PWY|POLYISOPRENSYN-PWY",-0.151427610340431,0.14537537925376,0.297582443759774,0.678741233426548,"","metagenomeSeq"
"236","February - September","PWY-7315|PWY-7315",-0.381693328828948,0.370779011478002,0.303274755528696,0.685074153061119,"","metagenomeSeq"
"237","February - September","PWY-5367|PWY-5367",0.373385805590747,0.363978479974466,0.304964260049481,0.685074153061119,"","metagenomeSeq"
"238","February - September","PWY-5818|PWY-5818",0.272913987899142,0.266223517029575,0.305301366486438,0.685074153061119,"","metagenomeSeq"
"239","February - September","PANTOSYN-PWY|PANTOSYN-PWY",-0.141133973882583,0.137941215110217,0.306238918299734,0.685074153061119,"","metagenomeSeq"
"240","February - September","PWY-7787|PWY-7787",-0.245239244143101,0.24037557344934,0.307617671120342,0.685074153061119,"","metagenomeSeq"
"241","February - September","P125-PWY|P125-PWY",0.186572632671251,0.183361654651411,0.308910059587708,0.685074153061119,"","metagenomeSeq"
"242","February - September","PWY-6936|PWY-6936",0.116313685361453,0.114588738017338,0.310080384830106,0.685074153061119,"","metagenomeSeq"
"243","February - September","DTDPRHAMSYN-PWY|DTDPRHAMSYN-PWY",-0.149740864300743,0.147673814266384,0.310583991033306,0.685074153061119,"","metagenomeSeq"
"244","February - September","PWY-5109|PWY-5109",0.241143894413747,0.23887800365075,0.312741825159423,0.68700663231742,"","metagenomeSeq"
"245","February - September","COLANSYN-PWY|COLANSYN-PWY",-0.114379683320635,0.114275241737489,0.316868412854262,0.691622281878138,"","metagenomeSeq"
"246","February - September","PWY-5209|PWY-5209",-0.34526055173848,0.345341287266139,0.31742365922019,0.691622281878138,"","metagenomeSeq"
"247","February - September","PWY-5918|PWY-5918",-0.134908757557498,0.138306760953957,0.329346314083963,0.714115647469184,"","metagenomeSeq"
"248","February - September","PWY-3841|PWY-3841",-0.126057614742186,0.129517690821089,0.330411717485742,0.714115647469184,"","metagenomeSeq"
"249","February - September","PWY-4041|PWY-4041",-0.653628771760837,0.674755491091429,0.332699975820696,0.714155922146542,"","metagenomeSeq"
"250","February - September","SULFATE-CYS-PWY|SULFATE-CYS-PWY",-0.122066380897423,0.126340111276321,0.333957713761827,0.714155922146542,"","metagenomeSeq"
"251","February - September","CHLOROPHYLL-SYN|CHLOROPHYLL-SYN",0.326520161431845,0.338280743651531,0.33442749339325,0.714155922146542,"","metagenomeSeq"
"252","February - September","PWY-1042|PWY-1042",-0.125886791515431,0.131101031405602,0.336940821831308,0.71666777976818,"","metagenomeSeq"
"253","February - September","ANAEROFRUCAT-PWY|ANAEROFRUCAT-PWY",0.157134518152314,0.164919055004619,0.340692512710074,0.721783347085373,"","metagenomeSeq"
"254","February - September","PWY-8178|PWY-8178",-0.115157782584862,0.121460153701783,0.343072635437629,0.723964301553421,"","metagenomeSeq"
"255","February - September","TYRFUMCAT-PWY|TYRFUMCAT-PWY",-0.237397131559819,0.252665905767446,0.347438522979425,0.730302150262634,"","metagenomeSeq"
"256","February - September","ORNDEG-PWY|ORNDEG-PWY",0.413859953038783,0.443630836057026,0.350875389797092,0.734645347387662,"","metagenomeSeq"
"257","February - September","PYRIDNUCSAL-PWY|PYRIDNUCSAL-PWY",0.11632481010945,0.125678816003006,0.354668379765509,0.739697476865031,"","metagenomeSeq"
"258","February - September","PWY-6946|PWY-6946",0.361049707977992,0.391236586593072,0.356089344694673,0.739782514559476,"","metagenomeSeq"
"259","February - September","PWY-8020|PWY-8020",0.170923515387898,0.18585839956503,0.357758956667628,0.740381470169299,"","metagenomeSeq"
"260","February - September","PWY0-1477|PWY0-1477",0.331908329081937,0.363004255754135,0.360539639719224,0.742813638090098,"","metagenomeSeq"
"261","February - September","PWY-5484|PWY-5484",-0.0974559012449624,0.106845558685593,0.361705894667007,0.742813638090098,"","metagenomeSeq"
"262","February - September","PWY-6676|PWY-6676",0.767302539200936,0.848053020203177,0.365581244647831,0.747906668439838,"","metagenomeSeq"
"263","February - September","PWY-6857|PWY-6857",-0.583320982764084,0.64837114432635,0.368295141514272,0.748896691456499,"","metagenomeSeq"
"264","February - September","PWY-6471|PWY-6471",-0.844357785944786,0.945511960318983,0.371848334130432,0.748896691456499,"","metagenomeSeq"
"265","February - September","GLYCOLYSIS|GLYCOLYSIS",-0.0993566507183426,0.111474623707389,0.372771527050879,0.748896691456499,"","metagenomeSeq"
"266","February - September","PWY-6948|PWY-6948",0.367271875949059,0.412801461552879,0.373623851071095,0.748896691456499,"","metagenomeSeq"
"267","February - September","PWY-6606|PWY-6606",0.151654617911151,0.17085147078356,0.374734372090878,0.748896691456499,"","metagenomeSeq"
"268","February - September","PWY-6608|PWY-6608",0.151654617911151,0.17085147078356,0.374734372090878,0.748896691456499,"","metagenomeSeq"
"269","February - September","BRANCHED-CHAIN-AA-SYN-PWY|BRANCHED-CHAIN-AA-SYN-PWY",-0.100441626148786,0.113582240550887,0.376530245646621,0.748896691456499,"","metagenomeSeq"
"270","February - September","PWY-6060|PWY-6060",-1.09258355328776,1.24007611545559,0.378284433175444,0.748896691456499,"","metagenomeSeq"
"271","February - September","PWY-7159|PWY-7159",0.181593921820927,0.206261794617251,0.378639931687894,0.748896691456499,"","metagenomeSeq"
"272","February - September","PWY-7013|PWY-7013",-0.609614009869039,0.702440576987163,0.385475709444805,0.751842205552221,"","metagenomeSeq"
"273","February - September","PWY-5420|PWY-5420",-0.120210184950486,0.138523598302111,0.385506176559805,0.751842205552221,"","metagenomeSeq"
"274","February - September","FOLSYN-PWY|FOLSYN-PWY",-0.118873079116563,0.137037951931208,0.385697463754974,0.751842205552221,"","metagenomeSeq"
"275","February - September","COA-PWY|COA-PWY",-0.107399371291709,0.123822027847329,0.385739937550114,0.751842205552221,"","metagenomeSeq"
"276","February - September","GLUCONEO-PWY|GLUCONEO-PWY",-0.106666245296751,0.123611139473055,0.388182695407773,0.752395516011953,"","metagenomeSeq"
"277","February - September","PWY-5005|PWY-5005",0.890369780953688,1.0357045809586,0.389967982320584,0.752395516011953,"","metagenomeSeq"
"278","February - September","THISYNARA-PWY|THISYNARA-PWY",-0.120308677447021,0.14002548535775,0.390234987782319,0.752395516011953,"","metagenomeSeq"
"279","February - September","NONOXIPENT-PWY|NONOXIPENT-PWY",-0.108235915889611,0.126823615939275,0.393417230843514,0.754079624340779,"","metagenomeSeq"
"280","February - September","PWY-5667|PWY-5667",-0.103304336808946,0.121535535025143,0.395329056790595,0.754079624340779,"","metagenomeSeq"
"281","February - September","PWY0-1319|PWY0-1319",-0.103304336808946,0.121535535025143,0.395329056790595,0.754079624340779,"","metagenomeSeq"
"282","February - September","PWY-5686|PWY-5686",-0.11086118292517,0.131870045974633,0.400524369383289,0.755919232357192,"","metagenomeSeq"
"283","February - September","PWY-7790|PWY-7790",-0.11086118292517,0.131870045974633,0.400524369383289,0.755919232357192,"","metagenomeSeq"
"284","February - September","PWY-7791|PWY-7791",-0.11086118292517,0.131870045974633,0.400524369383289,0.755919232357192,"","metagenomeSeq"
"285","February - September","PWY-7373|PWY-7373",-0.850819465215914,1.02181032307395,0.405037127219089,0.760118932235184,"","metagenomeSeq"
"286","February - September","PWY-6612|PWY-6612",-0.120234094513019,0.144626942719914,0.405781849550438,0.760118932235184,"","metagenomeSeq"
"287","February - September","PWY-6124|PWY-6124",-0.108173478254361,0.130458773388287,0.407003980506526,0.760118932235184,"","metagenomeSeq"
"288","February - September","PWY-8085|PWY-8085",0.318908512120442,0.386060372409447,0.408770819501923,0.760767914073023,"","metagenomeSeq"
"289","February - September","P221-PWY|P221-PWY",0.193903102217186,0.236649176126162,0.412575666839979,0.765192240229165,"","metagenomeSeq"
"290","February - September","PWY-8004|PWY-8004",0.124653508578107,0.153965461197431,0.418158640022555,0.770298200292286,"","metagenomeSeq"
"291","February - September","PWY-6628|PWY-6628",-0.0966956618155673,0.119444766431836,0.418202940830327,0.770298200292286,"","metagenomeSeq"
"292","February - September","PWY-7851|PWY-7851",-0.102194981624872,0.126877433207516,0.420552987512696,0.7719739770781,"","metagenomeSeq"
"293","February - September","SER-GLYSYN-PWY|SER-GLYSYN-PWY",-0.0958205603595413,0.120085358545086,0.42490700406023,0.77730428046513,"","metagenomeSeq"
"294","February - September","PWY-8131|PWY-8131",0.150312462845666,0.189908893531491,0.42865358581251,0.781490891141176,"","metagenomeSeq"
"295","February - September","PWY-7098|PWY-7098",-0.204308695474895,0.262151306650817,0.435771154579969,0.788062076968915,"","metagenomeSeq"
"296","February - September","PWY-7820|PWY-7820",-0.333161876331155,0.428324607839452,0.436671790834134,0.788062076968915,"","metagenomeSeq"
"297","February - September","PWY-7220|PWY-7220",-0.103715294251634,0.133925747877926,0.438680179934198,0.788062076968915,"","metagenomeSeq"
"298","February - September","PWY-7222|PWY-7222",-0.103715294251634,0.133925747877926,0.438680179934198,0.788062076968915,"","metagenomeSeq"
"299","February - September","PWY-6349|PWY-6349",0.52287546237894,0.683772248849266,0.444454715093811,0.788062076968915,"","metagenomeSeq"
"300","February - September","COA-PWY-1|COA-PWY-1",-0.0952287233674498,0.124573600428762,0.444606608439839,0.788062076968915,"","metagenomeSeq"
"301","February - September","KDO-NAGLIPASYN-PWY|KDO-NAGLIPASYN-PWY",-0.512841024962723,0.671394469007378,0.444959867955866,0.788062076968915,"","metagenomeSeq"
"302","February - September","PWY-6071|PWY-6071",0.178334744828714,0.233724964089346,0.445456768708861,0.788062076968915,"","metagenomeSeq"
"303","February - September","ARO-PWY|ARO-PWY",-0.0907006073233065,0.118880699066353,0.445490315898472,0.788062076968915,"","metagenomeSeq"
"304","February - September","PWY-5188|PWY-5188",-0.0965435047519401,0.126962098573237,0.447008345739553,0.788146293803948,"","metagenomeSeq"
"305","February - September","PWY-5505|PWY-5505",-0.107553655871786,0.14265120882099,0.450871765461392,0.792351692745266,"","metagenomeSeq"
"306","February - September","PWY0-41|PWY0-41",-0.295675784469138,0.402989601726442,0.46312809862078,0.806690787430962,"","metagenomeSeq"
"307","February - September","COMPLETE-ARO-PWY|COMPLETE-ARO-PWY",-0.0875882083786404,0.119469296524423,0.463470552954516,0.806690787430962,"","metagenomeSeq"
"308","February - September","PANTO-PWY|PANTO-PWY",-0.0974749865271931,0.133154625244599,0.464141977936759,0.806690787430962,"","metagenomeSeq"
"309","February - September","PWY-6969|PWY-6969",-0.108235236914185,0.1482235432492,0.465258023546244,0.806690787430962,"","metagenomeSeq"
"310","February - September","PWY-6630|PWY-6630",-0.0857702290405271,0.11780108899754,0.46655623899925,0.806690787430962,"","metagenomeSeq"
"311","February - September","AEROBACTINSYN-PWY|AEROBACTINSYN-PWY",0.591017435627363,0.822150143492685,0.472222250068618,0.81386214159736,"","metagenomeSeq"
"312","February - September","GLUTORN-PWY|GLUTORN-PWY",-0.0837701448079614,0.116934686268725,0.473754237323065,0.813885484631932,"","metagenomeSeq"
"313","February - September","PWY0-1479|PWY0-1479",0.0852724476578824,0.120933969122562,0.480738198988899,0.82176326688224,"","metagenomeSeq"
"314","February - September","PWY-6353|PWY-6353",0.0907715087330982,0.129004184985311,0.481661803719271,0.82176326688224,"","metagenomeSeq"
"315","February - September","PWY-4722|PWY-4722",0.844479038683106,1.20910206317107,0.484905277548983,0.82176326688224,"","metagenomeSeq"
"316","February - September","PWY-6962|PWY-6962",0.160060453902573,0.229604964225176,0.48573249213592,0.82176326688224,"","metagenomeSeq"
"317","February - September","SO4ASSIM-PWY|SO4ASSIM-PWY",-0.0870930602010158,0.125510722676248,0.487739078527061,0.82176326688224,"","metagenomeSeq"
"318","February - September","AST-PWY|AST-PWY",-0.247480001925596,0.357923885086533,0.489294145406204,0.82176326688224,"","metagenomeSeq"
"319","February - September","PWY-5097|PWY-5097",-0.0860993658589566,0.125191689934029,0.491616359793895,0.82176326688224,"","metagenomeSeq"
"320","February - September","PWY-7977|PWY-7977",-0.0938537516164033,0.13655793415768,0.491905309357369,0.82176326688224,"","metagenomeSeq"
"321","February - September","PWY-6565|PWY-6565",-0.523967524982717,0.762786781290947,0.492138075875371,0.82176326688224,"","metagenomeSeq"
"322","February - September","PWY-5742|PWY-5742",-0.34878086887233,0.512376840329592,0.496053982453936,0.82572961054444,"","metagenomeSeq"
"323","February - September","GLYCOGENSYNTH-PWY|GLYCOGENSYNTH-PWY",-0.0904365500251283,0.133490828351773,0.498105334287785,0.826577272997687,"","metagenomeSeq"
"324","February - September","PWY-6435|PWY-6435",-0.228225806967041,0.339805287568705,0.501814811633594,0.830162774801254,"","metagenomeSeq"
"325","February - September","PWY-2942|PWY-2942",-0.0843197165101303,0.126306156509605,0.504400451081483,0.831872743937461,"","metagenomeSeq"
"326","February - September","THRESYN-PWY|THRESYN-PWY",-0.0862639820631296,0.130075428444503,0.507212524858971,0.833944519400025,"","metagenomeSeq"
"327","February - September","PWY-7039|PWY-7039",-0.29177262481901,0.444175347408085,0.511254137486053,0.838019014350228,"","metagenomeSeq"
"328","February - September","PWY-724|PWY-724",-0.0802978767160364,0.123381774965593,0.515170275700136,0.839164920495796,"","metagenomeSeq"
"329","February - September","PWY-5345|PWY-5345",-0.0841067619833429,0.129746618657254,0.51683066179916,0.839164920495796,"","metagenomeSeq"
"330","February - September","PWY-5531|PWY-5531",-0.180951764264242,0.28099152958854,0.519591082459477,0.839164920495796,"","metagenomeSeq"
"331","February - September","PWY1ZNC-1|PWY1ZNC-1",-0.0825649833503733,0.128454799824172,0.520382993261669,0.839164920495796,"","metagenomeSeq"
"332","February - September","PWY-6505|PWY-6505",-0.596300689373898,0.931595624166657,0.522117127970866,0.839164920495796,"","metagenomeSeq"
"333","February - September","PWY-6588|PWY-6588",0.289598132557749,0.455869988393076,0.525255761897622,0.839164920495796,"","metagenomeSeq"
"334","February - September","ARGSYNBSUB-PWY|ARGSYNBSUB-PWY",-0.0736877097080194,0.116990398637532,0.528785418025063,0.839164920495796,"","metagenomeSeq"
"335","February - September","PWY-6629|PWY-6629",-0.412565952409041,0.655338829498996,0.528991649812743,0.839164920495796,"","metagenomeSeq"
"336","February - September","PWY-6123|PWY-6123",-0.0819235457033176,0.13019508796105,0.529194013984198,0.839164920495796,"","metagenomeSeq"
"337","February - September","PWY-6595|PWY-6595",0.120748531969847,0.193180177040783,0.531933954006555,0.839164920495796,"","metagenomeSeq"
"338","February - September","PWY-841|PWY-841",-0.0807376983399881,0.129629692146079,0.533394025351965,0.839164920495796,"","metagenomeSeq"
"339","February - September","PWY-801|PWY-801",-0.13273533683035,0.213561934309846,0.534250383627951,0.839164920495796,"","metagenomeSeq"
"340","February - September","PWY-6293|PWY-6293",-0.11416837389274,0.183698003565452,0.534270462911111,0.839164920495796,"","metagenomeSeq"
"341","February - September","TRPSYN-PWY|TRPSYN-PWY",-0.401553806304031,0.648557647572925,0.535818218633617,0.839164920495796,"","metagenomeSeq"
"342","February - September","PCPDEG-PWY|PCPDEG-PWY",-0.589921138370072,0.958651826318468,0.538313454044084,0.839164920495796,"","metagenomeSeq"
"343","February - September","PWY-6163|PWY-6163",-0.0771951467501285,0.125847170542979,0.539609299885378,0.839164920495796,"","metagenomeSeq"
"344","February - September","PWY-7761|PWY-7761",-0.0714989762087244,0.117160317791132,0.541685515527181,0.839164920495796,"","metagenomeSeq"
"345","February - September","HSERMETANA-PWY|HSERMETANA-PWY",-0.087245668392309,0.14332147022817,0.542696064797359,0.839164920495796,"","metagenomeSeq"
"346","February - September","PYRIDNUCSYN-PWY|PYRIDNUCSYN-PWY",-0.0733910804652754,0.120586910401624,0.542779230809178,0.839164920495796,"","metagenomeSeq"
"347","February - September","PWY-7446|PWY-7446",-0.474998219732451,0.781397971122424,0.543265349649331,0.839164920495796,"","metagenomeSeq"
"348","February - September","PWY-3661|PWY-3661",0.0914321480618636,0.156574074288116,0.55925086947865,0.856907348955765,"","metagenomeSeq"
"349","February - September","PWY-6531|PWY-6531",0.146466333561324,0.250918034861106,0.55940748022273,0.856907348955765,"","metagenomeSeq"
"350","February - September","POLYAMSYN-PWY|POLYAMSYN-PWY",0.0921643696879188,0.158175598181357,0.560114647108624,0.856907348955765,"","metagenomeSeq"
"351","February - September","PWY-6672|PWY-6672",0.195943446710326,0.339339106409625,0.563651269061413,0.856907348955765,"","metagenomeSeq"
"352","February - September","PWY-6386|PWY-6386",-0.0770352721085814,0.133721983342043,0.56455751069724,0.856907348955765,"","metagenomeSeq"
"353","February - September","PWY-6607|PWY-6607",0.108387276323384,0.190671814399279,0.569729862614471,0.856907348955765,"","metagenomeSeq"
"354","February - September","PWY-7208|PWY-7208",-0.0756153358992849,0.133513588948732,0.571156310834793,0.856907348955765,"","metagenomeSeq"
"355","February - September","PWY-6328|PWY-6328",-0.389744893454852,0.690757473038357,0.572598791261038,0.856907348955765,"","metagenomeSeq"
"356","February - September","PWY-7072|PWY-7072",0.224557469761659,0.399409547890128,0.573963691072492,0.856907348955765,"","metagenomeSeq"
"357","February - September","PWY-6906|PWY-6906",0.139291330942962,0.248157220148033,0.574591164889583,0.856907348955765,"","metagenomeSeq"
"358","February - September","P42-PWY|P42-PWY",-0.0834321249258638,0.149708082693267,0.577323340666337,0.856907348955765,"","metagenomeSeq"
"359","February - September","PWY66-373|PWY66-373",-0.364847394463276,0.657392230190811,0.578900167958531,0.856907348955765,"","metagenomeSeq"
"360","February - September","ARGDEG-PWY|ARGDEG-PWY",0.637029845647561,1.15437808907291,0.581059260787958,0.856907348955765,"","metagenomeSeq"
"361","February - September","ORNARGDEG-PWY|ORNARGDEG-PWY",0.637029845647561,1.15437808907291,0.581059260787958,0.856907348955765,"","metagenomeSeq"
"362","February - September","PWY-5028|PWY-5028",0.0904294455135659,0.165059098072312,0.583787337183593,0.856907348955765,"","metagenomeSeq"
"363","February - September","RIBOSYN2-PWY|RIBOSYN2-PWY",-0.0720630276163582,0.13155599655691,0.58384671147185,0.856907348955765,"","metagenomeSeq"
"364","February - September","PWY-7480|PWY-7480",0.114219523598691,0.208524816917054,0.583863393331694,0.856907348955765,"","metagenomeSeq"
"365","February - September","PWY-5130|PWY-5130",0.0825973427022105,0.151076064950809,0.584566397624104,0.856907348955765,"","metagenomeSeq"
"366","February - September","PWY-6928|PWY-6928",-0.294420718099948,0.541625800853755,0.586725740796205,0.856907348955765,"","metagenomeSeq"
"367","February - September","PWY-6947|PWY-6947",-0.294420718099948,0.541625800853755,0.586725740796205,0.856907348955765,"","metagenomeSeq"
"368","February - September","PWY6666-2|PWY6666-2",-0.23866126804095,0.442260450647448,0.589445577475765,0.858540297627744,"","metagenomeSeq"
"369","February - September","PWY-7199|PWY-7199",-0.392412885628177,0.735134069158184,0.593481495515062,0.862076101886377,"","metagenomeSeq"
"370","February - September","PWY-5644|PWY-5644",-0.388015701011434,0.730551381050917,0.595330644672679,0.862424933904206,"","metagenomeSeq"
"371","February - September","PWY0-162|PWY0-162",-0.0739741944191606,0.140688641265075,0.599026646842977,0.86544011511546,"","metagenomeSeq"
"372","February - September","PWY-7052|PWY-7052",0.178228324483878,0.342343076555102,0.602636252237798,0.866951624317616,"","metagenomeSeq"
"373","February - September","PWY-5695|PWY-5695",0.0683623535652438,0.131554687707467,0.603307753489684,0.866951624317616,"","metagenomeSeq"
"374","February - September","PWY-6897|PWY-6897",-0.0676610687421142,0.131584568896477,0.607110662048002,0.867613236894022,"","metagenomeSeq"
"375","February - September","PWY3DJ-12|PWY3DJ-12",-0.259839821273178,0.506653976034649,0.608053034476116,0.867613236894022,"","metagenomeSeq"
"376","February - September","PWY-1541|PWY-1541",0.100900687044966,0.199161595165984,0.612416399420562,0.867613236894022,"","metagenomeSeq"
"377","February - September","PWY-6125|PWY-6125",-0.06624659760015,0.13099951248747,0.613066495767084,0.867613236894022,"","metagenomeSeq"
"378","February - September","ARGSYN-PWY|ARGSYN-PWY",-0.062130929217642,0.122862887081377,0.613072027315698,0.867613236894022,"","metagenomeSeq"
"379","February - September","PWY-7400|PWY-7400",-0.0583686177745259,0.115555819742293,0.613480255191855,0.867613236894022,"","metagenomeSeq"
"380","February - September","FAO-PWY|FAO-PWY",0.0817481876864887,0.165652244112039,0.62166443488063,0.873279501846838,"","metagenomeSeq"
"381","February - September","PWY-6387|PWY-6387",-0.064086135301657,0.129898509208023,0.621761466500639,0.873279501846838,"","metagenomeSeq"
"382","February - September","GLYOXYLATE-BYPASS|GLYOXYLATE-BYPASS",-0.105274257172471,0.217901474160135,0.629005004732513,0.873279501846838,"","metagenomeSeq"
"383","February - September","LIPASYN-PWY|LIPASYN-PWY",0.153788111385769,0.319157587176072,0.629907993067504,0.873279501846838,"","metagenomeSeq"
"384","February - September","PWY-6307|PWY-6307",0.0717634900781031,0.149000995249079,0.630068139701356,0.873279501846838,"","metagenomeSeq"
"385","February - September","PWY-7228|PWY-7228",-0.0624221241363582,0.130712355870155,0.632968136742767,0.873279501846838,"","metagenomeSeq"
"386","February - September","PWY-5920|PWY-5920",0.0642715173487872,0.135502168246748,0.63527105327502,0.873279501846838,"","metagenomeSeq"
"387","February - September","PWY-3001|PWY-3001",-0.0580081146433439,0.122657659271796,0.636265285586073,0.873279501846838,"","metagenomeSeq"
"388","February - September","PWY-6562|PWY-6562",-0.0887498887749795,0.188180795228634,0.637197812830347,0.873279501846838,"","metagenomeSeq"
"389","February - September","P261-PWY|P261-PWY",-0.152280099573629,0.323829044756414,0.638177537640664,0.873279501846838,"","metagenomeSeq"
"390","February - September","POLYAMINSYN3-PWY|POLYAMINSYN3-PWY",0.0738133041398771,0.157851029422092,0.640060864950999,0.873279501846838,"","metagenomeSeq"
"391","February - September","PWY-6313|PWY-6313",-0.150448614156477,0.324156794955904,0.64255964621461,0.873279501846838,"","metagenomeSeq"
"392","February - September","PWY-7431|PWY-7431",-0.159917624866213,0.346808992966122,0.644718590978209,0.873279501846838,"","metagenomeSeq"
"393","February - September","PWY-6385|PWY-6385",-0.0599034735573661,0.129931899518641,0.644771726172618,0.873279501846838,"","metagenomeSeq"
"394","February - September","PWY-6731|PWY-6731",-0.112820508725427,0.24552784085807,0.645873789862059,0.873279501846838,"","metagenomeSeq"
"395","February - September","PWY-3481|PWY-3481",-0.42761353402154,0.930871915333026,0.645969334451584,0.873279501846838,"","metagenomeSeq"
"396","February - September","PWY-5466|PWY-5466",0.472028030603438,1.0341328583778,0.648067747561388,0.873279501846838,"","metagenomeSeq"
"397","February - September","PWY-821|PWY-821",-0.058875181041929,0.129058568139975,0.648253618484533,0.873279501846838,"","metagenomeSeq"
"398","February - September","PEPTIDOGLYCANSYN-PWY|PEPTIDOGLYCANSYN-PWY",-0.0593474615817674,0.130168836874762,0.648442615177316,0.873279501846838,"","metagenomeSeq"
"399","February - September","PWY0-1586|PWY0-1586",-0.0579855787042073,0.128395827544202,0.651545817430482,0.874161905252771,"","metagenomeSeq"
"400","February - September","HISDEG-PWY|HISDEG-PWY",-0.108055782999515,0.241702871054052,0.65483144784279,0.874161905252771,"","metagenomeSeq"
"401","February - September","PWY-7094|PWY-7094",0.0670950798894719,0.152297273490984,0.659536353604741,0.874161905252771,"","metagenomeSeq"
"402","February - September","ARG+POLYAMINE-SYN|ARG+POLYAMINE-SYN",0.0571838911811518,0.130029582724067,0.660099343892953,0.874161905252771,"","metagenomeSeq"
"403","February - September","PWY-5138|PWY-5138",-0.157207366158743,0.358465397125488,0.660982849211321,0.874161905252771,"","metagenomeSeq"
"404","February - September","ANAGLYCOLYSIS-PWY|ANAGLYCOLYSIS-PWY",0.0637614399047188,0.145743559730482,0.661755579205777,0.874161905252771,"","metagenomeSeq"
"405","February - September","PWY-1882|PWY-1882",0.331775568482621,0.762356669662344,0.663419218220605,0.874161905252771,"","metagenomeSeq"
"406","February - September","PWY-7953|PWY-7953",-0.0557026587185927,0.128929758738643,0.6657132109035,0.874161905252771,"","metagenomeSeq"
"407","February - September","PWY-6138|PWY-6138",-0.193695697925744,0.448828715550577,0.666062567982806,0.874161905252771,"","metagenomeSeq"
"408","February - September","ARGININE-SYN4-PWY|ARGININE-SYN4-PWY",-0.0596300712667092,0.138998767112815,0.66792531800662,0.874161905252771,"","metagenomeSeq"
"409","February - September","PWY-7345|PWY-7345",0.0540061788836922,0.126042117757719,0.668303699712227,0.874161905252771,"","metagenomeSeq"
"410","February - September","PWY0-862|PWY0-862",-0.0684625562851839,0.160105630679868,0.668936050443785,0.874161905252771,"","metagenomeSeq"
"411","February - September","PWY-6942|PWY-6942",-0.350172701796842,0.822509501045822,0.670299520632256,0.874161905252771,"","metagenomeSeq"
"412","February - September","PWY-4702|PWY-4702",-0.325289976187909,0.778364642098203,0.676009531081076,0.879468710338488,"","metagenomeSeq"
"413","February - September","PWY-6292|PWY-6292",-0.0761663810845359,0.184254486360147,0.679331161452278,0.880860825530352,"","metagenomeSeq"
"414","February - September","PYRIDOXSYN-PWY|PYRIDOXSYN-PWY",-0.0830176918315978,0.201517243285218,0.680366383898444,0.880860825530352,"","metagenomeSeq"
"415","February - September","PWY-6901|PWY-6901",0.057885142245235,0.143096838926488,0.685832382852067,0.88421839758385,"","metagenomeSeq"
"416","February - September","PWY-5392|PWY-5392",-0.267681299564717,0.662680829947272,0.686259054841197,0.88421839758385,"","metagenomeSeq"
"417","February - September","PWY-6662|PWY-6662",0.386470326935607,0.962920490727101,0.688160783435739,0.88454239789342,"","metagenomeSeq"
"418","February - September","PWY-5154|PWY-5154",-0.0490503303692727,0.125023239747102,0.694814620352093,0.888913315826593,"","metagenomeSeq"
"419","February - September","PWY-I9|PWY-I9",-0.102253242209623,0.260688019764388,0.694878133080863,0.888913315826593,"","metagenomeSeq"
"420","February - September","PWY-7347|PWY-7347",-0.440107333659694,1.15462878310763,0.703078727433017,0.897262375962137,"","metagenomeSeq"
"421","February - September","PWY-5129|PWY-5129",-0.183541309491793,0.486987990199426,0.706254733849697,0.899174673024792,"","metagenomeSeq"
"422","February - September","CRNFORCAT-PWY|CRNFORCAT-PWY",0.0819303050682808,0.219254823333593,0.708645248397409,0.900080220713297,"","metagenomeSeq"
"423","February - September","OANTIGEN-PWY|OANTIGEN-PWY",-0.0390616542641716,0.106272050983536,0.713199245623642,0.901928435512791,"","metagenomeSeq"
"424","February - September","SUCSYN-PWY|SUCSYN-PWY",-0.416634513305538,1.13460875337168,0.713465777345939,0.901928435512791,"","metagenomeSeq"
"425","February - September","UDPNAGSYN-PWY|UDPNAGSYN-PWY",-0.0437176527480657,0.121904532194463,0.719877852121952,0.907893008793802,"","metagenomeSeq"
"426","February - September","ALLANTOINDEG-PWY|ALLANTOINDEG-PWY",0.0968017669392059,0.279073610183547,0.728690321417088,0.912976745537496,"","metagenomeSeq"
"427","February - September","PWY-7357|PWY-7357",0.0428508569740397,0.124166449003909,0.730013045629577,0.912976745537496,"","metagenomeSeq"
"428","February - September","DAPLYSINESYN-PWY|DAPLYSINESYN-PWY",-0.0444345605786013,0.129197580095456,0.730901043733909,0.912976745537496,"","metagenomeSeq"
"429","February - September","PWY-6270|PWY-6270",0.0408044376910096,0.119203430057862,0.73211816911018,0.912976745537496,"","metagenomeSeq"
"430","February - September","PWY-7268|PWY-7268",-0.10007516600295,0.292879105868186,0.732580846666216,0.912976745537496,"","metagenomeSeq"
"431","February - September","CARNMET-PWY|CARNMET-PWY",0.223842480970711,0.659060738062617,0.734128689042277,0.912976745537496,"","metagenomeSeq"
"432","February - September","PWY-6478|PWY-6478",-0.099809805600625,0.303005445999654,0.74185383747268,0.918423050692274,"","metagenomeSeq"
"433","February - September","PWY-5189|PWY-5189",-0.0440442332405974,0.133754363509731,0.741935039085363,0.918423050692274,"","metagenomeSeq"
"434","February - September","PWY-7221|PWY-7221",-0.0420906707769991,0.12992151019629,0.745960752035791,0.921278716799963,"","metagenomeSeq"
"435","February - September","PWY-7269|PWY-7269",-0.0960633554624439,0.310361383916172,0.756925265840787,0.928131026818287,"","metagenomeSeq"
"436","February - September","PWY-6338|PWY-6338",-0.112625734373359,0.36538567439813,0.757901270857948,0.928131026818287,"","metagenomeSeq"
"437","February - September","PWY-7097|PWY-7097",-0.112625734373359,0.36538567439813,0.757901270857948,0.928131026818287,"","metagenomeSeq"
"438","February - September","CALVIN-PWY|CALVIN-PWY",-0.0391335357462987,0.127248635052205,0.758435428631361,0.928131026818287,"","metagenomeSeq"
"439","February - September","PWY-5659|PWY-5659",-0.0318413613821771,0.105019861010197,0.761742241532478,0.929753618628748,"","metagenomeSeq"
"440","February - September","PWY-6305|PWY-6305",-0.0392692481477193,0.13035816290383,0.763230582456435,0.929753618628748,"","metagenomeSeq"
"441","February - September","PWY-6823|PWY-6823",-0.0369764267073024,0.125870884975978,0.768937686873304,0.934581859782519,"","metagenomeSeq"
"442","February - September","PWY-5103|PWY-5103",-0.0330157050870441,0.115498543122498,0.774990049405332,0.938621855815225,"","metagenomeSeq"
"443","February - September","PWY-6121|PWY-6121",-0.0378371331790216,0.132834761874681,0.775763959190569,0.938621855815225,"","metagenomeSeq"
"444","February - September","PWY-6609|PWY-6609",0.0419222575303863,0.150785858579254,0.780993070059787,0.938753595507703,"","metagenomeSeq"
"445","February - September","PWY-5100|PWY-5100",0.0548327149372558,0.19823373915626,0.782082373171602,0.938753595507703,"","metagenomeSeq"
"446","February - September","NONMEVIPP-PWY|NONMEVIPP-PWY",0.0320771359483217,0.116402920171204,0.782878464910342,0.938753595507703,"","metagenomeSeq"
"447","February - September","PWY-7560|PWY-7560",0.0320771359483217,0.116402920171204,0.782878464910342,0.938753595507703,"","metagenomeSeq"
"448","February - September","PWY-5136|PWY-5136",0.043376514872395,0.160159986780445,0.78651993314402,0.941014920011595,"","metagenomeSeq"
"449","February - September","PWY-7579|PWY-7579",-0.275203849136982,1.02833254786154,0.788990717136539,0.941868651191949,"","metagenomeSeq"
"450","February - September","PWY0-1533|PWY0-1533",-0.0838351343065106,0.317553175041187,0.79177725902113,0.942396211694581,"","metagenomeSeq"
"451","February - September","PWY-7238|PWY-7238",0.034692187626811,0.133091174766129,0.794350994946362,0.942396211694581,"","metagenomeSeq"
"452","February - September","PWY-7340|PWY-7340",-0.253684765719999,0.97851365175829,0.795438332688616,0.942396211694581,"","metagenomeSeq"
"453","February - September","PWY-6151|PWY-6151",-0.066352057609327,0.257254159903439,0.79646545503292,0.942396211694581,"","metagenomeSeq"
"454","February - September","VALSYN-PWY|VALSYN-PWY",0.0272444480898855,0.107958716695154,0.800762912865574,0.945158454357839,"","metagenomeSeq"
"455","February - September","PWY-7337|PWY-7337",-0.24357790771439,0.986220195045446,0.80492272621267,0.945158454357839,"","metagenomeSeq"
"456","February - September","PWY-7338|PWY-7338",-0.24357790771439,0.986220195045446,0.80492272621267,0.945158454357839,"","metagenomeSeq"
"457","February - September","PPGPPMET-PWY|PPGPPMET-PWY",0.030919650105854,0.125802698409898,0.805853383659576,0.945158454357839,"","metagenomeSeq"
"458","February - September","PWY66-367|PWY66-367",0.0942768814373111,0.392341839393795,0.810103350795141,0.946445599743629,"","metagenomeSeq"
"459","February - September","PWY-5415|PWY-5415",0.0590873781534539,0.246398802479946,0.810482332616279,0.946445599743629,"","metagenomeSeq"
"460","February - September","GLUCOSE1PMETAB-PWY|GLUCOSE1PMETAB-PWY",-0.0383501956392707,0.163948656212797,0.815050277874104,0.949710758566347,"","metagenomeSeq"
"461","February - September","PWY-822|PWY-822",-0.217058153541005,0.938174169086903,0.817033334341227,0.949956327997608,"","metagenomeSeq"
"462","February - September","PWY-7111|PWY-7111",-0.0247728264133569,0.108656150737498,0.819651792328637,0.950483024661111,"","metagenomeSeq"
"463","February - September","PWY-7805|PWY-7805",0.0519409691304559,0.233323138045272,0.823836032580292,0.950483024661111,"","metagenomeSeq"
"464","February - September","SALVADEHYPOX-PWY|SALVADEHYPOX-PWY",0.0307798481734602,0.138809853755709,0.824515441637219,0.950483024661111,"","metagenomeSeq"
"465","February - September","12DICHLORETHDEG-PWY|12DICHLORETHDEG-PWY",-0.0546886757749028,0.24807685718351,0.825520292411687,0.950483024661111,"","metagenomeSeq"
"466","February - September","PWY-8154|PWY-8154",-0.145075454981312,0.664765346694315,0.827245559621078,0.950483024661111,"","metagenomeSeq"
"467","February - September","PWY4FS-7|PWY4FS-7",-0.0254180632040027,0.118316746150512,0.829899357353358,0.950483024661111,"","metagenomeSeq"
"468","February - September","PWY4FS-8|PWY4FS-8",-0.0254180632040027,0.118316746150512,0.829899357353358,0.950483024661111,"","metagenomeSeq"
"469","February - September","PWY-7255|PWY-7255",0.058425780624632,0.276768210611988,0.832809208190199,0.95178195221737,"","metagenomeSeq"
"470","February - September","PWY-6922|PWY-6922",0.0233085312164897,0.11380298947917,0.83771685988383,0.955353695527091,"","metagenomeSeq"
"471","February - September","PWY0-1296|PWY0-1296",0.0282068097200557,0.145546048375814,0.846332564781275,0.961511011630778,"","metagenomeSeq"
"472","February - September","PWY-4984|PWY-4984",0.020299141670104,0.105508688702877,0.847434311889274,0.961511011630778,"","metagenomeSeq"
"473","February - September","PWY-5855|PWY-5855",0.0272066063658089,0.142416314544025,0.848497590487608,0.961511011630778,"","metagenomeSeq"
"474","February - September","GLYCOLYSIS-E-D|GLYCOLYSIS-E-D",0.0246781791961071,0.132760062542924,0.852534502606298,0.964047454423999,"","metagenomeSeq"
"475","February - September","PWY-7377|PWY-7377",-0.177937637835274,0.992518130478877,0.857718651163158,0.964632470748316,"","metagenomeSeq"
"476","February - September","PHOSLIPSYN-PWY|PHOSLIPSYN-PWY",-0.021381713118227,0.119743402517266,0.858281033257197,0.964632470748316,"","metagenomeSeq"
"477","February - September","PWY-5838|PWY-5838",-0.029600586786548,0.165972402897981,0.858450911468184,0.964632470748316,"","metagenomeSeq"
"478","February - September","PWY-7436|PWY-7436",-0.212406277255307,1.2464547133772,0.864689014543111,0.96593704945537,"","metagenomeSeq"
"479","February - September","PWY-1422|PWY-1422",-0.202952701778204,1.21076686237826,0.866879662693524,0.96593704945537,"","metagenomeSeq"
"480","February - September","ILEUSYN-PWY|ILEUSYN-PWY",-0.018679727035501,0.114128666656605,0.869988947782305,0.96593704945537,"","metagenomeSeq"
"481","February - September","PWY-6837|PWY-6837",0.055746883928705,0.341956893503474,0.870500221281665,0.96593704945537,"","metagenomeSeq"
"482","February - September","PWY-7234|PWY-7234",-0.0221012891118464,0.136048066702287,0.870949874887091,0.96593704945537,"","metagenomeSeq"
"483","February - September","PWY-6961|PWY-6961",0.17852479714564,1.09926515070917,0.870987907635643,0.96593704945537,"","metagenomeSeq"
"484","February - September","PWY-5837|PWY-5837",0.0378229020773937,0.23767372354868,0.873560212801331,0.96593704945537,"","metagenomeSeq"
"485","February - September","PWY66-389|PWY66-389",0.0171507157763032,0.10817699172118,0.874028860048236,0.96593704945537,"","metagenomeSeq"
"486","February - September","P184-PWY|P184-PWY",-0.0634920288985736,0.412359696867907,0.877631465706254,0.967059455143219,"","metagenomeSeq"
"487","February - September","PWY-6527|PWY-6527",-0.0235378211879365,0.154167306426732,0.878652900475275,0.967059455143219,"","metagenomeSeq"
"488","February - September","PWY-7117|PWY-7117",-0.0203988882069468,0.147725763935483,0.890172298393068,0.975711559917574,"","metagenomeSeq"
"489","February - September","PWY-6859|PWY-6859",0.0212081282735957,0.156743661890035,0.892371099705198,0.975711559917574,"","metagenomeSeq"
"490","February - September","PWY-6641|PWY-6641",0.0258113392704976,0.196466759983748,0.895476576010951,0.975711559917574,"","metagenomeSeq"
"491","February - September","PWY-6147|PWY-6147",-0.0152452154990768,0.118036279477214,0.897233395036215,0.975711559917574,"","metagenomeSeq"
"492","February - September","PWY-6944|PWY-6944",-0.0915178950206919,0.718132051248585,0.898593099612494,0.975711559917574,"","metagenomeSeq"
"493","February - September","GALACTARDEG-PWY|GALACTARDEG-PWY",0.018163261763872,0.154733059347839,0.906555371692338,0.975711559917574,"","metagenomeSeq"
"494","February - September","GLUCARGALACTSUPER-PWY|GLUCARGALACTSUPER-PWY",0.018163261763872,0.154733059347839,0.906555371692338,0.975711559917574,"","metagenomeSeq"
"495","February - September","PWY-8187|PWY-8187",0.0191253157877799,0.164050784929673,0.907191557526521,0.975711559917574,"","metagenomeSeq"
"496","February - September","P461-PWY|P461-PWY",-0.0362167777808507,0.313196261307122,0.907940992679382,0.975711559917574,"","metagenomeSeq"
"497","February - September","3-HYDROXYPHENYLACETATE-DEGRADATION-PWY|3-HYDROXYPHENYLACETATE-DEGRADATION-PWY",-0.0736968555122474,0.647094943794138,0.909325957727598,0.975711559917574,"","metagenomeSeq"
"498","February - September","PWY-6122|PWY-6122",-0.014674891440557,0.13620599425615,0.914201603185688,0.975711559917574,"","metagenomeSeq"
"499","February - September","PWY-6277|PWY-6277",-0.014674891440557,0.13620599425615,0.914201603185688,0.975711559917574,"","metagenomeSeq"
"500","February - September","PWY-5384|PWY-5384",0.0128694997457248,0.121845041372392,0.915882381009403,0.975711559917574,"","metagenomeSeq"
"501","February - September","PWY-7392|PWY-7392",0.0127537307077939,0.123752714052719,0.917916787884876,0.975711559917574,"","metagenomeSeq"
"502","February - September","PWY-622|PWY-622",-0.0114318394773861,0.113907969841261,0.9200582764817,0.975711559917574,"","metagenomeSeq"
"503","February - September","METHYLGALLATE-DEGRADATION-PWY|METHYLGALLATE-DEGRADATION-PWY",-0.0393183273817297,0.406088817103379,0.92286776049689,0.975711559917574,"","metagenomeSeq"
"504","February - September","PWY-5121|PWY-5121",-0.0110808961643728,0.118258389520247,0.925346898853633,0.975711559917574,"","metagenomeSeq"
"505","February - September","REDCITCYC|REDCITCYC",-0.0216645239281391,0.235116913219659,0.926583930673772,0.975711559917574,"","metagenomeSeq"
"506","February - September","PWY-5897|PWY-5897",-0.015301430106081,0.173104818453827,0.929563517156487,0.975711559917574,"","metagenomeSeq"
"507","February - September","PWY-5898|PWY-5898",-0.015301430106081,0.173104818453827,0.929563517156487,0.975711559917574,"","metagenomeSeq"
"508","February - September","PWY-5899|PWY-5899",-0.015301430106081,0.173104818453827,0.929563517156487,0.975711559917574,"","metagenomeSeq"
"509","February - September","PWY-6993|PWY-6993",-0.090413149839413,1.02907268388673,0.929988857406303,0.975711559917574,"","metagenomeSeq"
"510","February - September","PWY-5417|PWY-5417",-0.0151612094049168,0.174332885987202,0.930697736908817,0.975711559917574,"","metagenomeSeq"
"511","February - September","PWY-5431|PWY-5431",-0.0151612094049168,0.174332885987202,0.930697736908817,0.975711559917574,"","metagenomeSeq"
"512","February - September","PWY-6339|PWY-6339",0.0438325266884162,0.523271546845992,0.933242234447983,0.975711559917574,"","metagenomeSeq"
"513","February - September","PWY66-201|PWY66-201",-0.181345226100314,2.184610819742,0.933843339995738,0.975711559917574,"","metagenomeSeq"
"514","February - September","PENTOSE-P-PWY|PENTOSE-P-PWY",0.00896507778773526,0.112644489619449,0.936565446886453,0.976651905702605,"","metagenomeSeq"
"515","February - September","HISTSYN-PWY|HISTSYN-PWY",0.00822737733878,0.118006484479647,0.9444167572669,0.982926955136036,"","metagenomeSeq"
"516","February - September","PWY-7118|PWY-7118",0.0105478786343038,0.158193917227999,0.946838931378686,0.983355253701286,"","metagenomeSeq"
"517","February - September","PWY-5845|PWY-5845",-0.0116784098288907,0.203890597178341,0.954323884885128,0.983355253701286,"","metagenomeSeq"
"518","February - September","PWY-5850|PWY-5850",-0.0116784098288907,0.203890597178341,0.954323884885128,0.983355253701286,"","metagenomeSeq"
"519","February - September","PWY-5896|PWY-5896",-0.0116784098288907,0.203890597178341,0.954323884885128,0.983355253701286,"","metagenomeSeq"
"520","February - September","PWY-5861|PWY-5861",-0.00966025010261731,0.184242527538617,0.958184278366003,0.983355253701286,"","metagenomeSeq"
"521","February - September","PWY-8055|PWY-8055",-0.0738000719360056,1.40973750766652,0.958249636525526,0.983355253701286,"","metagenomeSeq"
"522","February - September","PWY-7128|PWY-7128",-0.0184019116759197,0.373607117677043,0.960716308790527,0.983355253701286,"","metagenomeSeq"
"523","February - September","CITRULBIO-PWY|CITRULBIO-PWY",0.00670528530027185,0.14029924808211,0.961881423640779,0.983355253701286,"","metagenomeSeq"
"524","February - September","PWY66-409|PWY66-409",0.0058181450369176,0.122727102740114,0.962188711926956,0.983355253701286,"","metagenomeSeq"
"525","February - September","PWY-5840|PWY-5840",-0.0074293428979975,0.160911473964416,0.963174455584282,0.983355253701286,"","metagenomeSeq"
"526","February - September","PWY-241|PWY-241",-0.0054605637120681,0.128749231449063,0.966169944661912,0.984426196329384,"","metagenomeSeq"
"527","February - September","FERMENTATION-PWY|FERMENTATION-PWY",0.00485016520881761,0.145483361155687,0.97340482670665,0.984426196329384,"","metagenomeSeq"
"528","February - September","PWY-6342|PWY-6342",-0.0263775539418897,0.796636863567345,0.973585959964232,0.984426196329384,"","metagenomeSeq"
"529","February - September","PWY-5860|PWY-5860",0.00739049218420799,0.229362451884847,0.974295097843964,0.984426196329384,"","metagenomeSeq"
"530","February - September","PWY-5862|PWY-5862",0.00739049218420799,0.229362451884847,0.974295097843964,0.984426196329384,"","metagenomeSeq"
"531","February - September","PWY-6182|PWY-6182",0.00515720494492028,0.166183831899827,0.975243116139744,0.984426196329384,"","metagenomeSeq"
"532","February - September","PWY-5913|PWY-5913",-0.00552455212617166,0.208570132498424,0.978868309613587,0.986228221715945,"","metagenomeSeq"
"533","February - September","CATECHOL-ORTHO-CLEAVAGE-PWY|CATECHOL-ORTHO-CLEAVAGE-PWY",0.00439464364635704,0.196538065784492,0.982160574681373,0.986286563399576,"","metagenomeSeq"
"534","February - September","PWY-6317|PWY-6317",0.00457912116270843,0.210038088643902,0.982606389655548,0.986286563399576,"","metagenomeSeq"
"535","February - September","GLUCARDEG-PWY|GLUCARDEG-PWY",-0.00146508231929823,0.169227565215335,0.993092425818062,0.993545059797784,"","metagenomeSeq"
"536","February - September","PWY-7807|PWY-7807",0.00191006182749995,0.236097031143053,0.993545059797784,0.993545059797784,"","metagenomeSeq"
"537","February - September","PWY-5507|PWY-5507",-0.572543607555782,NA,NA,NA,NA,"metagenomeSeq"
"538","February - September","LACTOSECAT-PWY|LACTOSECAT-PWY",-1.74971443068036,NA,NA,NA,NA,"metagenomeSeq"
"539","February - September","PWY4FS-5|PWY4FS-5",-2.03402493172355,NA,NA,NA,NA,"metagenomeSeq"
