"","Comparison","Taxa","Method","Group","P.unadj","P.adj","Significance"
"1","ColaDeBallena - EsteroZacatecas","PWY0-1586","Wilcoxon Rank Sum Test","EsteroZacatecas",0.00829316060168126,0.0410092987551028,"*"
"2","ColaDeBallena - EsteroZacatecas","PWY66-389","Wilcoxon Rank Sum Test","ColaDeBallena",0.798745338656498,0.88403231526869,"ns"
"3","ColaDeBallena - EsteroZacatecas","PWY-7663","Wilcoxon Rank Sum Test","ColaDeBallena",0.37768531105454,0.541415911325524,"ns"
"4","ColaDeBallena - EsteroZacatecas","PWY-7094","Wilcoxon Rank Sum Test","ColaDeBallena",0.00451305324101124,0.0250776875969594,"*"
"5","ColaDeBallena - EsteroZacatecas","PWY-5973","Wilcoxon Rank Sum Test","ColaDeBallena",0.409510398068751,0.568881712781073,"ns"
"6","ColaDeBallena - EsteroZacatecas","VALSYN-PWY","Wilcoxon Rank Sum Test","ColaDeBallena",0.0887337860685552,0.213515672727461,"ns"
"7","ColaDeBallena - EsteroZacatecas","PWY-1042","Wilcoxon Rank Sum Test","ColaDeBallena",0.409510398068751,0.568881712781073,"ns"
"8","ColaDeBallena - EsteroZacatecas","PWY-5136","Wilcoxon Rank Sum Test","ColaDeBallena",0.00681173719267675,0.034637041008045,"*"
"9","ColaDeBallena - EsteroZacatecas","ILEUSYN-PWY","Wilcoxon Rank Sum Test","ColaDeBallena",0.589875732021377,0.739402371068657,"ns"
"10","ColaDeBallena - EsteroZacatecas","PWY-5667","Wilcoxon Rank Sum Test","ColaDeBallena",0.26566958415121,0.447487205804695,"ns"
"11","ColaDeBallena - EsteroZacatecas","PWY0-1319","Wilcoxon Rank Sum Test","ColaDeBallena",0.26566958415121,0.447487205804695,"ns"
"12","ColaDeBallena - EsteroZacatecas","PWY-5695","Wilcoxon Rank Sum Test","ColaDeBallena",0.589875732021377,0.739402371068657,"ns"
"13","ColaDeBallena - EsteroZacatecas","SER-GLYSYN-PWY","Wilcoxon Rank Sum Test","EsteroZacatecas",0.318585170382182,0.499178508244175,"ns"
"14","ColaDeBallena - EsteroZacatecas","PHOSLIPSYN-PWY","Wilcoxon Rank Sum Test","ColaDeBallena",0.0780243447493414,0.194845044582158,"ns"
"15","ColaDeBallena - EsteroZacatecas","NONOXIPENT-PWY","Wilcoxon Rank Sum Test","EsteroZacatecas",0.00143260965713517,0.00989970006661351,"**"
"16","ColaDeBallena - EsteroZacatecas","PWY-5659","Wilcoxon Rank Sum Test","ColaDeBallena",0.977402191293698,0.98840484260282,"ns"
"17","ColaDeBallena - EsteroZacatecas","PWY-6122","Wilcoxon Rank Sum Test","ColaDeBallena",0.755284828242158,0.853456021850153,"ns"
"18","ColaDeBallena - EsteroZacatecas","PWY-6277","Wilcoxon Rank Sum Test","ColaDeBallena",0.755284828242158,0.853456021850153,"ns"
"19","ColaDeBallena - EsteroZacatecas","SALVADEHYPOX-PWY","Wilcoxon Rank Sum Test","ColaDeBallena",0.842835990231333,0.917754744918562,"ns"
"20","ColaDeBallena - EsteroZacatecas","PWY-8178","Wilcoxon Rank Sum Test","EsteroZacatecas",0.0120939768267807,0.0552428263528373,"ns"
"21","ColaDeBallena - EsteroZacatecas","PWY-7111","Wilcoxon Rank Sum Test","EsteroZacatecas",0.755284828242158,0.853456021850153,"ns"
"22","ColaDeBallena - EsteroZacatecas","PWY-6969","Wilcoxon Rank Sum Test","ColaDeBallena",0.00555959049699795,0.0290933910473971,"*"
"23","ColaDeBallena - EsteroZacatecas","PWY-6121","Wilcoxon Rank Sum Test","EsteroZacatecas",0.842835990231333,0.917754744918562,"ns"
"24","ColaDeBallena - EsteroZacatecas","PWY4FS-7","Wilcoxon Rank Sum Test","ColaDeBallena",0.0449019952990878,0.129423398215018,"ns"
"25","ColaDeBallena - EsteroZacatecas","PWY4FS-8","Wilcoxon Rank Sum Test","ColaDeBallena",0.0449019952990878,0.129423398215018,"ns"
"26","ColaDeBallena - EsteroZacatecas","PWY-3001","Wilcoxon Rank Sum Test","EsteroZacatecas",0.26566958415121,0.447487205804695,"ns"
"27","ColaDeBallena - EsteroZacatecas","PWY-5103","Wilcoxon Rank Sum Test","EsteroZacatecas",0.932300503373326,0.968227305044745,"ns"
"28","ColaDeBallena - EsteroZacatecas","PWY-7977","Wilcoxon Rank Sum Test","ColaDeBallena",0.409510398068751,0.568881712781073,"ns"
"29","ColaDeBallena - EsteroZacatecas","THRESYN-PWY","Wilcoxon Rank Sum Test","EsteroZacatecas",0.932300503373326,0.968227305044745,"ns"
"30","ColaDeBallena - EsteroZacatecas","PWY-5686","Wilcoxon Rank Sum Test","EsteroZacatecas",0.127687899662593,0.27311022983388,"ns"
"31","ColaDeBallena - EsteroZacatecas","PWY-7790","Wilcoxon Rank Sum Test","EsteroZacatecas",0.127687899662593,0.27311022983388,"ns"
"32","ColaDeBallena - EsteroZacatecas","PWY-7791","Wilcoxon Rank Sum Test","EsteroZacatecas",0.127687899662593,0.27311022983388,"ns"
"33","ColaDeBallena - EsteroZacatecas","BRANCHED-CHAIN-AA-SYN-PWY","Wilcoxon Rank Sum Test","EsteroZacatecas",0.0332414254207228,0.109921032526194,"ns"
"34","ColaDeBallena - EsteroZacatecas","PWY-6147","Wilcoxon Rank Sum Test","EsteroZacatecas",0.712535075639127,0.825927754342988,"ns"
"35","ColaDeBallena - EsteroZacatecas","DTDPRHAMSYN-PWY","Wilcoxon Rank Sum Test","EsteroZacatecas",8.87522761260815e-06,0.000199322820133158,"***"
"36","ColaDeBallena - EsteroZacatecas","COMPLETE-ARO-PWY","Wilcoxon Rank Sum Test","EsteroZacatecas",0.0387211388692073,0.115307700831507,"ns"
"37","ColaDeBallena - EsteroZacatecas","CALVIN-PWY","Wilcoxon Rank Sum Test","EsteroZacatecas",0.932300503373326,0.968227305044745,"ns"
"38","ColaDeBallena - EsteroZacatecas","PWY-6385","Wilcoxon Rank Sum Test","ColaDeBallena",1,1,"ns"
"39","ColaDeBallena - EsteroZacatecas","SULFATE-CYS-PWY","Wilcoxon Rank Sum Test","EsteroZacatecas",0.000495533541703955,0.004173321546538,"**"
"40","ColaDeBallena - EsteroZacatecas","PWY-2942","Wilcoxon Rank Sum Test","EsteroZacatecas",0.513722581093694,0.672078813615294,"ns"
"41","ColaDeBallena - EsteroZacatecas","P42-PWY","Wilcoxon Rank Sum Test","ColaDeBallena",8.87522761260815e-06,0.000199322820133158,"***"
"42","ColaDeBallena - EsteroZacatecas","PWY-7228","Wilcoxon Rank Sum Test","ColaDeBallena",0.100530442770314,0.235590907187822,"ns"
"43","ColaDeBallena - EsteroZacatecas","PWY-7953","Wilcoxon Rank Sum Test","ColaDeBallena",0.712535075639127,0.825927754342988,"ns"
"44","ColaDeBallena - EsteroZacatecas","GLYCOLYSIS","Wilcoxon Rank Sum Test","ColaDeBallena",0.798745338656498,0.88403231526869,"ns"
"45","ColaDeBallena - EsteroZacatecas","POLYISOPRENSYN-PWY","Wilcoxon Rank Sum Test","ColaDeBallena",0.113502327528441,0.251760306740041,"ns"
"46","ColaDeBallena - EsteroZacatecas","PWY-7220","Wilcoxon Rank Sum Test","EsteroZacatecas",0.88738593483512,0.936009821675401,"ns"
"47","ColaDeBallena - EsteroZacatecas","PWY-7222","Wilcoxon Rank Sum Test","EsteroZacatecas",0.88738593483512,0.936009821675401,"ns"
"48","ColaDeBallena - EsteroZacatecas","PWY-5097","Wilcoxon Rank Sum Test","EsteroZacatecas",0.127687899662593,0.27311022983388,"ns"
"49","ColaDeBallena - EsteroZacatecas","PWY-6125","Wilcoxon Rank Sum Test","ColaDeBallena",0.159973019308058,0.319353545952011,"ns"
"50","ColaDeBallena - EsteroZacatecas","PWY-6387","Wilcoxon Rank Sum Test","ColaDeBallena",0.755284828242158,0.853456021850153,"ns"
"51","ColaDeBallena - EsteroZacatecas","PWY-5130","Wilcoxon Rank Sum Test","ColaDeBallena",0.143167775823584,0.296797812188123,"ns"
"52","ColaDeBallena - EsteroZacatecas","PWY-841","Wilcoxon Rank Sum Test","ColaDeBallena",0.347357918699957,0.515773879281754,"ns"
"53","ColaDeBallena - EsteroZacatecas","PWY-7221","Wilcoxon Rank Sum Test","ColaDeBallena",0.0100445388505693,0.0487748327969085,"*"
"54","ColaDeBallena - EsteroZacatecas","ARO-PWY","Wilcoxon Rank Sum Test","EsteroZacatecas",0.0332414254207228,0.109921032526194,"ns"
"55","ColaDeBallena - EsteroZacatecas","PWY-5484","Wilcoxon Rank Sum Test","ColaDeBallena",0.88738593483512,0.936009821675401,"ns"
"56","ColaDeBallena - EsteroZacatecas","PEPTIDOGLYCANSYN-PWY","Wilcoxon Rank Sum Test","ColaDeBallena",0.977402191293698,0.98840484260282,"ns"
"57","ColaDeBallena - EsteroZacatecas","DAPLYSINESYN-PWY","Wilcoxon Rank Sum Test","ColaDeBallena",0.589875732021377,0.739402371068657,"ns"
"58","ColaDeBallena - EsteroZacatecas","FAO-PWY","Wilcoxon Rank Sum Test","ColaDeBallena",0.00231643440689073,0.0145181179687686,"*"
"59","ColaDeBallena - EsteroZacatecas","PWY-6386","Wilcoxon Rank Sum Test","EsteroZacatecas",0.0887337860685552,0.213515672727461,"ns"
"60","ColaDeBallena - EsteroZacatecas","COLANSYN-PWY","Wilcoxon Rank Sum Test","EsteroZacatecas",0.0387211388692073,0.115307700831507,"ns"
"61","ColaDeBallena - EsteroZacatecas","GLUCOSE1PMETAB-PWY","Wilcoxon Rank Sum Test","ColaDeBallena",2.95840920420272e-06,0.000132881880088772,"***"
"62","ColaDeBallena - EsteroZacatecas","PWY0-162","Wilcoxon Rank Sum Test","EsteroZacatecas",0.0387211388692073,0.115307700831507,"ns"
"63","ColaDeBallena - EsteroZacatecas","PWY-6163","Wilcoxon Rank Sum Test","ColaDeBallena",0.0284206976224744,0.0988306839904111,"ns"
"64","ColaDeBallena - EsteroZacatecas","PWY-724","Wilcoxon Rank Sum Test","EsteroZacatecas",0.00681173719267675,0.034637041008045,"*"
"65","ColaDeBallena - EsteroZacatecas","PWY-6628","Wilcoxon Rank Sum Test","EsteroZacatecas",0.197808114620606,0.375417513311644,"ns"
"66","ColaDeBallena - EsteroZacatecas","PWY-5189","Wilcoxon Rank Sum Test","EsteroZacatecas",0.000495533541703955,0.004173321546538,"**"
"67","ColaDeBallena - EsteroZacatecas","PWY-6630","Wilcoxon Rank Sum Test","EsteroZacatecas",0.629725504001988,0.769664504891319,"ns"
"68","ColaDeBallena - EsteroZacatecas","PWY-7208","Wilcoxon Rank Sum Test","EsteroZacatecas",0.00451305324101124,0.0250776875969594,"*"
"69","ColaDeBallena - EsteroZacatecas","GLUCONEO-PWY","Wilcoxon Rank Sum Test","ColaDeBallena",0.318585170382182,0.499178508244175,"ns"
"70","ColaDeBallena - EsteroZacatecas","HISTSYN-PWY","Wilcoxon Rank Sum Test","ColaDeBallena",0.629725504001988,0.769664504891319,"ns"
"71","ColaDeBallena - EsteroZacatecas","PWY-5384","Wilcoxon Rank Sum Test","ColaDeBallena",0.0284206976224744,0.0988306839904111,"ns"
"72","ColaDeBallena - EsteroZacatecas","PWY-5188","Wilcoxon Rank Sum Test","EsteroZacatecas",0.00363662451426619,0.0210767807869836,"*"
"73","ColaDeBallena - EsteroZacatecas","PENTOSE-P-PWY","Wilcoxon Rank Sum Test","EsteroZacatecas",0.629725504001988,0.769664504891319,"ns"
"74","ColaDeBallena - EsteroZacatecas","SO4ASSIM-PWY","Wilcoxon Rank Sum Test","EsteroZacatecas",0.000371280355127441,0.00345034674851191,"**"
"75","ColaDeBallena - EsteroZacatecas","PWY-5345","Wilcoxon Rank Sum Test","EsteroZacatecas",0.218920801906399,0.401354803495065,"ns"
"76","ColaDeBallena - EsteroZacatecas","PWY1ZNC-1","Wilcoxon Rank Sum Test","EsteroZacatecas",0.000274392453689802,0.00273884319516302,"**"
"77","ColaDeBallena - EsteroZacatecas","GLUTORN-PWY","Wilcoxon Rank Sum Test","EsteroZacatecas",0.0683614406861143,0.176300557558926,"ns"
"78","ColaDeBallena - EsteroZacatecas","PWY-7345","Wilcoxon Rank Sum Test","ColaDeBallena",0.318585170382182,0.499178508244175,"ns"
"79","ColaDeBallena - EsteroZacatecas","COA-PWY","Wilcoxon Rank Sum Test","ColaDeBallena",0.88738593483512,0.936009821675401,"ns"
"80","ColaDeBallena - EsteroZacatecas","PWY-6353","Wilcoxon Rank Sum Test","EsteroZacatecas",0.670659532955939,0.789269625028932,"ns"
"81","ColaDeBallena - EsteroZacatecas","COA-PWY-1","Wilcoxon Rank Sum Test","ColaDeBallena",0.318585170382182,0.499178508244175,"ns"
"82","ColaDeBallena - EsteroZacatecas","PWY-6823","Wilcoxon Rank Sum Test","EsteroZacatecas",0.218920801906399,0.401354803495065,"ns"
"83","ColaDeBallena - EsteroZacatecas","PWY-7851","Wilcoxon Rank Sum Test","ColaDeBallena",0.409510398068751,0.568881712781073,"ns"
"84","ColaDeBallena - EsteroZacatecas","ANAGLYCOLYSIS-PWY","Wilcoxon Rank Sum Test","ColaDeBallena",0.100530442770314,0.235590907187822,"ns"
"85","ColaDeBallena - EsteroZacatecas","PWY-6124","Wilcoxon Rank Sum Test","ColaDeBallena",0.26566958415121,0.447487205804695,"ns"
"86","ColaDeBallena - EsteroZacatecas","RIBOSYN2-PWY","Wilcoxon Rank Sum Test","ColaDeBallena",0.88738593483512,0.936009821675401,"ns"
"87","ColaDeBallena - EsteroZacatecas","PWY-6123","Wilcoxon Rank Sum Test","ColaDeBallena",0.143167775823584,0.296797812188123,"ns"
"88","ColaDeBallena - EsteroZacatecas","PWY-5154","Wilcoxon Rank Sum Test","EsteroZacatecas",0.589875732021377,0.739402371068657,"ns"
"89","ColaDeBallena - EsteroZacatecas","PWY-7323","Wilcoxon Rank Sum Test","EsteroZacatecas",0.000857938669218788,0.00680042562807245,"**"
"90","ColaDeBallena - EsteroZacatecas","FOLSYN-PWY","Wilcoxon Rank Sum Test","EsteroZacatecas",0.291342659225281,0.480225361842283,"ns"
"91","ColaDeBallena - EsteroZacatecas","PPGPPMET-PWY","Wilcoxon Rank Sum Test","EsteroZacatecas",0.712535075639127,0.825927754342988,"ns"
"92","ColaDeBallena - EsteroZacatecas","ARGSYNBSUB-PWY","Wilcoxon Rank Sum Test","ColaDeBallena",3.32821035472805e-05,0.000597968460399474,"***"
"93","ColaDeBallena - EsteroZacatecas","ARGSYN-PWY","Wilcoxon Rank Sum Test","ColaDeBallena",0.798745338656498,0.88403231526869,"ns"
"94","ColaDeBallena - EsteroZacatecas","TRNA-CHARGING-PWY","Wilcoxon Rank Sum Test","EsteroZacatecas",0.477575258232143,0.634022325584052,"ns"
"95","ColaDeBallena - EsteroZacatecas","PANTO-PWY","Wilcoxon Rank Sum Test","ColaDeBallena",0.712535075639127,0.825927754342988,"ns"
"96","ColaDeBallena - EsteroZacatecas","P23-PWY","Wilcoxon Rank Sum Test","ColaDeBallena",0.241523787828809,0.431063978939496,"ns"
"97","ColaDeBallena - EsteroZacatecas","GLYCOGENSYNTH-PWY","Wilcoxon Rank Sum Test","EsteroZacatecas",0.000371280355127441,0.00345034674851191,"**"
"98","ColaDeBallena - EsteroZacatecas","PWY-6612","Wilcoxon Rank Sum Test","EsteroZacatecas",0.127687899662593,0.27311022983388,"ns"
"99","ColaDeBallena - EsteroZacatecas","PWY-7234","Wilcoxon Rank Sum Test","EsteroZacatecas",0.218920801906399,0.401354803495065,"ns"
"100","ColaDeBallena - EsteroZacatecas","PWY-5989","Wilcoxon Rank Sum Test","ColaDeBallena",0.127687899662593,0.27311022983388,"ns"
"101","ColaDeBallena - EsteroZacatecas","PWY-3841","Wilcoxon Rank Sum Test","ColaDeBallena",0.477575258232143,0.634022325584052,"ns"
"102","ColaDeBallena - EsteroZacatecas","OANTIGEN-PWY","Wilcoxon Rank Sum Test","ColaDeBallena",0.0449019952990878,0.129423398215018,"ns"
"103","ColaDeBallena - EsteroZacatecas","PWY-7400","Wilcoxon Rank Sum Test","ColaDeBallena",8.87522761260815e-06,0.000199322820133158,"***"
"104","ColaDeBallena - EsteroZacatecas","PWY-6700","Wilcoxon Rank Sum Test","EsteroZacatecas",0.113502327528441,0.251760306740041,"ns"
"105","ColaDeBallena - EsteroZacatecas","PWY-821","Wilcoxon Rank Sum Test","EsteroZacatecas",0.0596570612050488,0.158399783199612,"ns"
"106","ColaDeBallena - EsteroZacatecas","PWY-6609","Wilcoxon Rank Sum Test","ColaDeBallena",0.000274392453689802,0.00273884319516302,"**"
"107","ColaDeBallena - EsteroZacatecas","PWY-7117","Wilcoxon Rank Sum Test","EsteroZacatecas",0.00555959049699795,0.0290933910473971,"*"
"108","ColaDeBallena - EsteroZacatecas","PWY-5121","Wilcoxon Rank Sum Test","ColaDeBallena",0.0887337860685552,0.213515672727461,"ns"
"109","ColaDeBallena - EsteroZacatecas","PWY-6606","Wilcoxon Rank Sum Test","EsteroZacatecas",0.0332414254207228,0.109921032526194,"ns"
"110","ColaDeBallena - EsteroZacatecas","PWY-6608","Wilcoxon Rank Sum Test","EsteroZacatecas",0.0332414254207228,0.109921032526194,"ns"
"111","ColaDeBallena - EsteroZacatecas","HSERMETANA-PWY","Wilcoxon Rank Sum Test","EsteroZacatecas",0.100530442770314,0.235590907187822,"ns"
"112","ColaDeBallena - EsteroZacatecas","1CMET2-PWY","Wilcoxon Rank Sum Test","ColaDeBallena",0.88738593483512,0.936009821675401,"ns"
"113","ColaDeBallena - EsteroZacatecas","NONMEVIPP-PWY","Wilcoxon Rank Sum Test","ColaDeBallena",0.347357918699957,0.515773879281754,"ns"
"114","ColaDeBallena - EsteroZacatecas","PWY-7560","Wilcoxon Rank Sum Test","ColaDeBallena",0.347357918699957,0.515773879281754,"ns"
"115","ColaDeBallena - EsteroZacatecas","ARGININE-SYN4-PWY","Wilcoxon Rank Sum Test","EsteroZacatecas",0.0241842556420562,0.0892829711717005,"ns"
"116","ColaDeBallena - EsteroZacatecas","PWY-622","Wilcoxon Rank Sum Test","EsteroZacatecas",0.37768531105454,0.541415911325524,"ns"
"117","ColaDeBallena - EsteroZacatecas","UDPNAGSYN-PWY","Wilcoxon Rank Sum Test","ColaDeBallena",4.95533541703955e-05,0.000785566408760093,"***"
"118","ColaDeBallena - EsteroZacatecas","PWY-5918","Wilcoxon Rank Sum Test","EsteroZacatecas",0.000371280355127441,0.00345034674851191,"**"
"119","ColaDeBallena - EsteroZacatecas","PWY0-1296","Wilcoxon Rank Sum Test","ColaDeBallena",0.26566958415121,0.447487205804695,"ns"
"120","ColaDeBallena - EsteroZacatecas","PANTOSYN-PWY","Wilcoxon Rank Sum Test","ColaDeBallena",0.842835990231333,0.917754744918562,"ns"
"121","ColaDeBallena - EsteroZacatecas","FERMENTATION-PWY","Wilcoxon Rank Sum Test","EsteroZacatecas",0.0449019952990878,0.129423398215018,"ns"
"122","ColaDeBallena - EsteroZacatecas","PWY-7392","Wilcoxon Rank Sum Test","ColaDeBallena",0.977402191293698,0.98840484260282,"ns"
"123","ColaDeBallena - EsteroZacatecas","PWY-7357","Wilcoxon Rank Sum Test","EsteroZacatecas",0.477575258232143,0.634022325584052,"ns"
"124","ColaDeBallena - EsteroZacatecas","PWY-5855","Wilcoxon Rank Sum Test","ColaDeBallena",0.0120939768267807,0.0552428263528373,"ns"
"125","ColaDeBallena - EsteroZacatecas","PWY-6270","Wilcoxon Rank Sum Test","ColaDeBallena",0.629725504001988,0.769664504891319,"ns"
"126","ColaDeBallena - EsteroZacatecas","PYRIDNUCSYN-PWY","Wilcoxon Rank Sum Test","ColaDeBallena",0.197808114620606,0.375417513311644,"ns"
"127","ColaDeBallena - EsteroZacatecas","PWY-702","Wilcoxon Rank Sum Test","EsteroZacatecas",0.00143260965713517,0.00989970006661351,"**"
"128","ColaDeBallena - EsteroZacatecas","P4-PWY","Wilcoxon Rank Sum Test","ColaDeBallena",0.113502327528441,0.251760306740041,"ns"
"129","ColaDeBallena - EsteroZacatecas","PWY-6897","Wilcoxon Rank Sum Test","ColaDeBallena",0.88738593483512,0.936009821675401,"ns"
"130","ColaDeBallena - EsteroZacatecas","PWY-6901","Wilcoxon Rank Sum Test","EsteroZacatecas",0.113502327528441,0.251760306740041,"ns"
"131","ColaDeBallena - EsteroZacatecas","PWY0-781","Wilcoxon Rank Sum Test","ColaDeBallena",0.113502327528441,0.251760306740041,"ns"
"132","ColaDeBallena - EsteroZacatecas","GLYCOLYSIS-E-D","Wilcoxon Rank Sum Test","ColaDeBallena",0.842835990231333,0.917754744918562,"ns"
"133","ColaDeBallena - EsteroZacatecas","PWY-5505","Wilcoxon Rank Sum Test","EsteroZacatecas",0.00555959049699795,0.0290933910473971,"*"
"134","ColaDeBallena - EsteroZacatecas","PWY-6859","Wilcoxon Rank Sum Test","EsteroZacatecas",0.629725504001988,0.769664504891319,"ns"
"135","ColaDeBallena - EsteroZacatecas","PWY66-409","Wilcoxon Rank Sum Test","ColaDeBallena",0.020489202546007,0.0806108041773559,"ns"
"136","ColaDeBallena - EsteroZacatecas","PWY-6703","Wilcoxon Rank Sum Test","EsteroZacatecas",0.0518646113611789,0.143359105249618,"ns"
"137","ColaDeBallena - EsteroZacatecas","PWY-6292","Wilcoxon Rank Sum Test","EsteroZacatecas",0.0284206976224744,0.0988306839904111,"ns"
"138","ColaDeBallena - EsteroZacatecas","PWY-241","Wilcoxon Rank Sum Test","EsteroZacatecas",0.477575258232143,0.634022325584052,"ns"
"139","ColaDeBallena - EsteroZacatecas","PWY0-1479","Wilcoxon Rank Sum Test","EsteroZacatecas",0.798745338656498,0.88403231526869,"ns"
"140","ColaDeBallena - EsteroZacatecas","PWY-7238","Wilcoxon Rank Sum Test","EsteroZacatecas",0.318585170382182,0.499178508244175,"ns"
"141","ColaDeBallena - EsteroZacatecas","HEME-BIOSYNTHESIS-II","Wilcoxon Rank Sum Test","EsteroZacatecas",0.00143260965713517,0.00989970006661351,"**"
"142","ColaDeBallena - EsteroZacatecas","HEME-BIOSYNTHESIS-II-1","Wilcoxon Rank Sum Test","EsteroZacatecas",0.00143260965713517,0.00989970006661351,"**"
"143","ColaDeBallena - EsteroZacatecas","PWY-6317","Wilcoxon Rank Sum Test","EsteroZacatecas",0.0596570612050488,0.158399783199612,"ns"
"144","ColaDeBallena - EsteroZacatecas","PWY0-1261","Wilcoxon Rank Sum Test","EsteroZacatecas",0.00231643440689073,0.0145181179687686,"*"
"145","ColaDeBallena - EsteroZacatecas","PWY-7761","Wilcoxon Rank Sum Test","EsteroZacatecas",0.347357918699957,0.515773879281754,"ns"
"146","ColaDeBallena - EsteroZacatecas","PWY-7237","Wilcoxon Rank Sum Test","ColaDeBallena",0.477575258232143,0.634022325584052,"ns"
"147","ColaDeBallena - EsteroZacatecas","PWY-5920","Wilcoxon Rank Sum Test","ColaDeBallena",0.755284828242158,0.853456021850153,"ns"
"148","ColaDeBallena - EsteroZacatecas","PWY-6467","Wilcoxon Rank Sum Test","ColaDeBallena",0.477575258232143,0.634022325584052,"ns"
"149","ColaDeBallena - EsteroZacatecas","PWY-6293","Wilcoxon Rank Sum Test","EsteroZacatecas",0.000144222448704882,0.00189599755736419,"**"
"150","ColaDeBallena - EsteroZacatecas","THISYNARA-PWY","Wilcoxon Rank Sum Test","ColaDeBallena",0.0120939768267807,0.0552428263528373,"ns"
"151","ColaDeBallena - EsteroZacatecas","PWY-5347","Wilcoxon Rank Sum Test","ColaDeBallena",0.113502327528441,0.251760306740041,"ns"
"152","ColaDeBallena - EsteroZacatecas","PWY-7118","Wilcoxon Rank Sum Test","EsteroZacatecas",0.842835990231333,0.917754744918562,"ns"
"153","ColaDeBallena - EsteroZacatecas","PWY-6168","Wilcoxon Rank Sum Test","ColaDeBallena",0.409510398068751,0.568881712781073,"ns"
"154","ColaDeBallena - EsteroZacatecas","PWY-7883","Wilcoxon Rank Sum Test","EsteroZacatecas",0.178182027959925,0.346715209640432,"ns"
"155","ColaDeBallena - EsteroZacatecas","NAGLIPASYN-PWY","Wilcoxon Rank Sum Test","EsteroZacatecas",0.318585170382182,0.499178508244175,"ns"
"156","ColaDeBallena - EsteroZacatecas","PWY-8073","Wilcoxon Rank Sum Test","EsteroZacatecas",0.318585170382182,0.499178508244175,"ns"
"157","ColaDeBallena - EsteroZacatecas","PWY-6607","Wilcoxon Rank Sum Test","EsteroZacatecas",0.020489202546007,0.0806108041773559,"ns"
"158","ColaDeBallena - EsteroZacatecas","PWY-5838","Wilcoxon Rank Sum Test","EsteroZacatecas",2.95840920420272e-06,0.000132881880088772,"***"
"159","ColaDeBallena - EsteroZacatecas","PWY-801","Wilcoxon Rank Sum Test","EsteroZacatecas",0.000102804719846044,0.00142081394864149,"**"
"160","ColaDeBallena - EsteroZacatecas","PWY-8004","Wilcoxon Rank Sum Test","ColaDeBallena",0.551167166391288,0.71071555666245,"ns"
"161","ColaDeBallena - EsteroZacatecas","PWY0-862","Wilcoxon Rank Sum Test","ColaDeBallena",0.159973019308058,0.319353545952011,"ns"
"162","ColaDeBallena - EsteroZacatecas","PWY0-1061","Wilcoxon Rank Sum Test","EsteroZacatecas",0.318585170382182,0.499178508244175,"ns"
"163","ColaDeBallena - EsteroZacatecas","PWY-5897","Wilcoxon Rank Sum Test","EsteroZacatecas",2.95840920420272e-06,0.000132881880088772,"***"
"164","ColaDeBallena - EsteroZacatecas","PWY-5898","Wilcoxon Rank Sum Test","EsteroZacatecas",2.95840920420272e-06,0.000132881880088772,"***"
"165","ColaDeBallena - EsteroZacatecas","PWY-5899","Wilcoxon Rank Sum Test","EsteroZacatecas",2.95840920420272e-06,0.000132881880088772,"***"
"166","ColaDeBallena - EsteroZacatecas","METSYN-PWY","Wilcoxon Rank Sum Test","ColaDeBallena",0.113502327528441,0.251760306740041,"ns"
"167","ColaDeBallena - EsteroZacatecas","PYRIDOXSYN-PWY","Wilcoxon Rank Sum Test","ColaDeBallena",0.977402191293698,0.98840484260282,"ns"
"168","ColaDeBallena - EsteroZacatecas","PWY3O-4107","Wilcoxon Rank Sum Test","ColaDeBallena",0.442833179742589,0.605804781424506,"ns"
"169","ColaDeBallena - EsteroZacatecas","PWY-5840","Wilcoxon Rank Sum Test","EsteroZacatecas",0.000201171825885785,0.00235720900331387,"**"
"170","ColaDeBallena - EsteroZacatecas","MET-SAM-PWY","Wilcoxon Rank Sum Test","ColaDeBallena",0.143167775823584,0.296797812188123,"ns"
"171","ColaDeBallena - EsteroZacatecas","PWY-1269","Wilcoxon Rank Sum Test","ColaDeBallena",0.977402191293698,0.98840484260282,"ns"
"172","ColaDeBallena - EsteroZacatecas","CITRULBIO-PWY","Wilcoxon Rank Sum Test","EsteroZacatecas",0.977402191293698,0.98840484260282,"ns"
"173","ColaDeBallena - EsteroZacatecas","PWY-5723","Wilcoxon Rank Sum Test","EsteroZacatecas",0.00182977609279938,0.0120274306587667,"*"
"174","ColaDeBallena - EsteroZacatecas","PWY-6595","Wilcoxon Rank Sum Test","EsteroZacatecas",0.0144925070890881,0.0635078156180363,"ns"
"175","ColaDeBallena - EsteroZacatecas","HISDEG-PWY","Wilcoxon Rank Sum Test","ColaDeBallena",0.513722581093694,0.672078813615294,"ns"
"176","ColaDeBallena - EsteroZacatecas","PWY-6936","Wilcoxon Rank Sum Test","EsteroZacatecas",0.113502327528441,0.251760306740041,"ns"
"177","ColaDeBallena - EsteroZacatecas","PWY-181","Wilcoxon Rank Sum Test","EsteroZacatecas",0.143167775823584,0.296797812188123,"ns"
"178","ColaDeBallena - EsteroZacatecas","PWY-5845","Wilcoxon Rank Sum Test","EsteroZacatecas",8.87522761260815e-06,0.000199322820133158,"***"
"179","ColaDeBallena - EsteroZacatecas","PWY-5850","Wilcoxon Rank Sum Test","EsteroZacatecas",8.87522761260815e-06,0.000199322820133158,"***"
"180","ColaDeBallena - EsteroZacatecas","PWY-5896","Wilcoxon Rank Sum Test","EsteroZacatecas",8.87522761260815e-06,0.000199322820133158,"***"
"181","ColaDeBallena - EsteroZacatecas","PWY-8187","Wilcoxon Rank Sum Test","ColaDeBallena",0.347357918699957,0.515773879281754,"ns"
"182","ColaDeBallena - EsteroZacatecas","PWY-1622","Wilcoxon Rank Sum Test","ColaDeBallena",0.551167166391288,0.71071555666245,"ns"
"183","ColaDeBallena - EsteroZacatecas","PWY-7115","Wilcoxon Rank Sum Test","ColaDeBallena",0.513722581093694,0.672078813615294,"ns"
"184","ColaDeBallena - EsteroZacatecas","PWY66-399","Wilcoxon Rank Sum Test","ColaDeBallena",0.00231643440689073,0.0145181179687686,"*"
"185","ColaDeBallena - EsteroZacatecas","PYRIDNUCSAL-PWY","Wilcoxon Rank Sum Test","ColaDeBallena",0.318585170382182,0.499178508244175,"ns"
"186","ColaDeBallena - EsteroZacatecas","PWY-6313","Wilcoxon Rank Sum Test","EsteroZacatecas",0.000274392453689802,0.00273884319516302,"**"
"187","ColaDeBallena - EsteroZacatecas","ANAEROFRUCAT-PWY","Wilcoxon Rank Sum Test","ColaDeBallena",0.409510398068751,0.568881712781073,"ns"
"188","ColaDeBallena - EsteroZacatecas","PWY-5861","Wilcoxon Rank Sum Test","EsteroZacatecas",2.95840920420272e-06,0.000132881880088772,"***"
"189","ColaDeBallena - EsteroZacatecas","P221-PWY","Wilcoxon Rank Sum Test","EsteroZacatecas",0.88738593483512,0.936009821675401,"ns"
"190","ColaDeBallena - EsteroZacatecas","PWY-8011","Wilcoxon Rank Sum Test","EsteroZacatecas",0.88738593483512,0.936009821675401,"ns"
"191","ColaDeBallena - EsteroZacatecas","ARG+POLYAMINE-SYN","Wilcoxon Rank Sum Test","EsteroZacatecas",0.291342659225281,0.480225361842283,"ns"
"192","ColaDeBallena - EsteroZacatecas","PWY-6902","Wilcoxon Rank Sum Test","EsteroZacatecas",0.0387211388692073,0.115307700831507,"ns"
"193","ColaDeBallena - EsteroZacatecas","PWY-561","Wilcoxon Rank Sum Test","EsteroZacatecas",0.88738593483512,0.936009821675401,"ns"
"194","ColaDeBallena - EsteroZacatecas","GLYOXYLATE-BYPASS","Wilcoxon Rank Sum Test","EsteroZacatecas",0.477575258232143,0.634022325584052,"ns"
"195","ColaDeBallena - EsteroZacatecas","PWY-5022","Wilcoxon Rank Sum Test","ColaDeBallena",0.0683614406861143,0.176300557558926,"ns"
"196","ColaDeBallena - EsteroZacatecas","PWY-3661","Wilcoxon Rank Sum Test","EsteroZacatecas",0.143167775823584,0.296797812188123,"ns"
"197","ColaDeBallena - EsteroZacatecas","PWY0-1297","Wilcoxon Rank Sum Test","EsteroZacatecas",0.755284828242158,0.853456021850153,"ns"
"198","ColaDeBallena - EsteroZacatecas","PROTOCATECHUATE-ORTHO-CLEAVAGE-PWY","Wilcoxon Rank Sum Test","ColaDeBallena",0.318585170382182,0.499178508244175,"ns"
"199","ColaDeBallena - EsteroZacatecas","PWY-4984","Wilcoxon Rank Sum Test","EsteroZacatecas",0.0284206976224744,0.0988306839904111,"ns"
"200","ColaDeBallena - EsteroZacatecas","PWY-5860","Wilcoxon Rank Sum Test","EsteroZacatecas",8.87522761260815e-06,0.000199322820133158,"***"
"201","ColaDeBallena - EsteroZacatecas","PWY-5862","Wilcoxon Rank Sum Test","EsteroZacatecas",8.87522761260815e-06,0.000199322820133158,"***"
"202","ColaDeBallena - EsteroZacatecas","HOMOSER-METSYN-PWY","Wilcoxon Rank Sum Test","ColaDeBallena",0.100530442770314,0.235590907187822,"ns"
"203","ColaDeBallena - EsteroZacatecas","P164-PWY","Wilcoxon Rank Sum Test","ColaDeBallena",0.291342659225281,0.480225361842283,"ns"
"204","ColaDeBallena - EsteroZacatecas","PWY-7159","Wilcoxon Rank Sum Test","EsteroZacatecas",0.551167166391288,0.71071555666245,"ns"
"205","ColaDeBallena - EsteroZacatecas","PWY-6731","Wilcoxon Rank Sum Test","EsteroZacatecas",7.39602301050679e-07,9.9661410066579e-05,"***"
"206","ColaDeBallena - EsteroZacatecas","GLYCOCAT-PWY","Wilcoxon Rank Sum Test","ColaDeBallena",0.218920801906399,0.401354803495065,"ns"
"207","ColaDeBallena - EsteroZacatecas","PWY-6305","Wilcoxon Rank Sum Test","EsteroZacatecas",0.00555959049699795,0.0290933910473971,"*"
"208","ColaDeBallena - EsteroZacatecas","COBALSYN-PWY","Wilcoxon Rank Sum Test","ColaDeBallena",0.842835990231333,0.917754744918562,"ns"
"209","ColaDeBallena - EsteroZacatecas","PWY-5837","Wilcoxon Rank Sum Test","EsteroZacatecas",5.17721610735475e-06,0.000186034632124281,"***"
"210","ColaDeBallena - EsteroZacatecas","PWY-6307","Wilcoxon Rank Sum Test","EsteroZacatecas",0.00182977609279938,0.0120274306587667,"*"
"211","ColaDeBallena - EsteroZacatecas","PWY-5028","Wilcoxon Rank Sum Test","EsteroZacatecas",0.513722581093694,0.672078813615294,"ns"
"212","ColaDeBallena - EsteroZacatecas","PWY66-391","Wilcoxon Rank Sum Test","EsteroZacatecas",0.932300503373326,0.968227305044745,"ns"
"213","ColaDeBallena - EsteroZacatecas","PWY-6922","Wilcoxon Rank Sum Test","EsteroZacatecas",0.020489202546007,0.0806108041773559,"ns"
"214","ColaDeBallena - EsteroZacatecas","PWY-6527","Wilcoxon Rank Sum Test","EsteroZacatecas",0.0387211388692073,0.115307700831507,"ns"
"215","ColaDeBallena - EsteroZacatecas","PWY-5138","Wilcoxon Rank Sum Test","ColaDeBallena",0.000495533541703955,0.004173321546538,"**"
"216","ColaDeBallena - EsteroZacatecas","PWY-6269","Wilcoxon Rank Sum Test","ColaDeBallena",0.442833179742589,0.605804781424506,"ns"
"217","ColaDeBallena - EsteroZacatecas","PWY-7431","Wilcoxon Rank Sum Test","EsteroZacatecas",0.000274392453689802,0.00273884319516302,"**"
"218","ColaDeBallena - EsteroZacatecas","PWY490-3","Wilcoxon Rank Sum Test","EsteroZacatecas",0.670659532955939,0.789269625028932,"ns"
"219","ColaDeBallena - EsteroZacatecas","PWY-7383","Wilcoxon Rank Sum Test","ColaDeBallena",0.0683614406861143,0.176300557558926,"ns"
"220","ColaDeBallena - EsteroZacatecas","PWY-7328","Wilcoxon Rank Sum Test","ColaDeBallena",0.020489202546007,0.0806108041773559,"ns"
"221","ColaDeBallena - EsteroZacatecas","PWY0-1241","Wilcoxon Rank Sum Test","EsteroZacatecas",0.977402191293698,0.98840484260282,"ns"
"222","ColaDeBallena - EsteroZacatecas","PWY-5367","Wilcoxon Rank Sum Test","EsteroZacatecas",0.798745338656498,0.88403231526869,"ns"
"223","ColaDeBallena - EsteroZacatecas","PWY-7858","Wilcoxon Rank Sum Test","EsteroZacatecas",0.932300503373326,0.968227305044745,"ns"
"224","ColaDeBallena - EsteroZacatecas","PWY-6895","Wilcoxon Rank Sum Test","ColaDeBallena",0.178182027959925,0.346715209640432,"ns"
"225","ColaDeBallena - EsteroZacatecas","POLYAMSYN-PWY","Wilcoxon Rank Sum Test","EsteroZacatecas",0.218920801906399,0.401354803495065,"ns"
"226","ColaDeBallena - EsteroZacatecas","POLYAMINSYN3-PWY","Wilcoxon Rank Sum Test","EsteroZacatecas",0.218920801906399,0.401354803495065,"ns"
"227","ColaDeBallena - EsteroZacatecas","PWY-7854","Wilcoxon Rank Sum Test","ColaDeBallena",0.113502327528441,0.251760306740041,"ns"
"228","ColaDeBallena - EsteroZacatecas","PWY-I9","Wilcoxon Rank Sum Test","ColaDeBallena",0.0683614406861143,0.176300557558926,"ns"
"229","ColaDeBallena - EsteroZacatecas","PWY-7900","Wilcoxon Rank Sum Test","ColaDeBallena",0.0683614406861143,0.176300557558926,"ns"
"230","ColaDeBallena - EsteroZacatecas","PWY-5030","Wilcoxon Rank Sum Test","ColaDeBallena",0.442833179742589,0.605804781424506,"ns"
"231","ColaDeBallena - EsteroZacatecas","DENOVOPURINE2-PWY","Wilcoxon Rank Sum Test","ColaDeBallena",0.589875732021377,0.739402371068657,"ns"
"232","ColaDeBallena - EsteroZacatecas","TYRFUMCAT-PWY","Wilcoxon Rank Sum Test","ColaDeBallena",0.977402191293698,0.98840484260282,"ns"
"233","ColaDeBallena - EsteroZacatecas","PWY-7992","Wilcoxon Rank Sum Test","ColaDeBallena",0.347357918699957,0.515773879281754,"ns"
"234","ColaDeBallena - EsteroZacatecas","PWY-5497","Wilcoxon Rank Sum Test","ColaDeBallena",0.477575258232143,0.634022325584052,"ns"
"235","ColaDeBallena - EsteroZacatecas","PWY-5873","Wilcoxon Rank Sum Test","EsteroZacatecas",0.00108433256167357,0.00834387472057414,"**"
"236","ColaDeBallena - EsteroZacatecas","PWY-7294","Wilcoxon Rank Sum Test","ColaDeBallena",0.72897788501216,0.843173991462563,"ns"
"237","ColaDeBallena - EsteroZacatecas","PWY-7356","Wilcoxon Rank Sum Test","EsteroZacatecas",0.0518646113611789,0.143359105249618,"ns"
"238","ColaDeBallena - EsteroZacatecas","NADSYN-PWY","Wilcoxon Rank Sum Test","EsteroZacatecas",1.40524437199629e-05,0.000291317967886923,"***"
"239","ColaDeBallena - EsteroZacatecas","PWY-7282","Wilcoxon Rank Sum Test","ColaDeBallena",0.178182027959925,0.346715209640432,"ns"
"240","ColaDeBallena - EsteroZacatecas","CHLOROPHYLL-SYN","Wilcoxon Rank Sum Test","EsteroZacatecas",0.0780243447493414,0.194845044582158,"ns"
"241","ColaDeBallena - EsteroZacatecas","P101-PWY","Wilcoxon Rank Sum Test","ColaDeBallena",0.0387211388692073,0.115307700831507,"ns"
"242","ColaDeBallena - EsteroZacatecas","URSIN-PWY","Wilcoxon Rank Sum Test","ColaDeBallena",0.755284828242158,0.853456021850153,"ns"
"243","ColaDeBallena - EsteroZacatecas","PWY-6151","Wilcoxon Rank Sum Test","ColaDeBallena",0.0887337860685552,0.213515672727461,"ns"
"244","ColaDeBallena - EsteroZacatecas","PWY0-1533","Wilcoxon Rank Sum Test","EsteroZacatecas",0.000201171825885785,0.00235720900331387,"**"
"245","ColaDeBallena - EsteroZacatecas","P125-PWY","Wilcoxon Rank Sum Test","EsteroZacatecas",0.347357918699957,0.515773879281754,"ns"
"246","ColaDeBallena - EsteroZacatecas","PWY-7052","Wilcoxon Rank Sum Test","EsteroZacatecas",0.00143260965713517,0.00989970006661351,"**"
"247","ColaDeBallena - EsteroZacatecas","GALACTARDEG-PWY","Wilcoxon Rank Sum Test","ColaDeBallena",0.347357918699957,0.515773879281754,"ns"
"248","ColaDeBallena - EsteroZacatecas","GLUCARGALACTSUPER-PWY","Wilcoxon Rank Sum Test","ColaDeBallena",0.347357918699957,0.515773879281754,"ns"
"249","ColaDeBallena - EsteroZacatecas","GLUCARDEG-PWY","Wilcoxon Rank Sum Test","ColaDeBallena",0.241523787828809,0.431063978939496,"ns"
"250","ColaDeBallena - EsteroZacatecas","PWY-5913","Wilcoxon Rank Sum Test","EsteroZacatecas",0.442833179742589,0.605804781424506,"ns"
"251","ColaDeBallena - EsteroZacatecas","PWY-6263","Wilcoxon Rank Sum Test","ColaDeBallena",0.26566958415121,0.447487205804695,"ns"
"252","ColaDeBallena - EsteroZacatecas","PWY-5100","Wilcoxon Rank Sum Test","ColaDeBallena",0.318585170382182,0.499178508244175,"ns"
"253","ColaDeBallena - EsteroZacatecas","PWY0-845","Wilcoxon Rank Sum Test","ColaDeBallena",0.178182027959925,0.346715209640432,"ns"
"254","ColaDeBallena - EsteroZacatecas","PWY0-321","Wilcoxon Rank Sum Test","EsteroZacatecas",0.318585170382182,0.499178508244175,"ns"
"255","ColaDeBallena - EsteroZacatecas","PWY-6562","Wilcoxon Rank Sum Test","EsteroZacatecas",0.000102804719846044,0.00142081394864149,"**"
"256","ColaDeBallena - EsteroZacatecas","PWY-7268","Wilcoxon Rank Sum Test","ColaDeBallena",0.0596570612050488,0.158399783199612,"ns"
"257","ColaDeBallena - EsteroZacatecas","PWY-6383","Wilcoxon Rank Sum Test","ColaDeBallena",0.0596570612050488,0.158399783199612,"ns"
"258","ColaDeBallena - EsteroZacatecas","PWY-6435","Wilcoxon Rank Sum Test","ColaDeBallena",7.17414232019159e-05,0.00107412853071757,"**"
"259","ColaDeBallena - EsteroZacatecas","GLUDEG-I-PWY","Wilcoxon Rank Sum Test","EsteroZacatecas",0.0120939768267807,0.0552428263528373,"ns"
"260","ColaDeBallena - EsteroZacatecas","PWY0-1477","Wilcoxon Rank Sum Test","ColaDeBallena",0.0144925070890881,0.0635078156180363,"ns"
"261","ColaDeBallena - EsteroZacatecas","PWY-6396","Wilcoxon Rank Sum Test","ColaDeBallena",0.755284828242158,0.853456021850153,"ns"
"262","ColaDeBallena - EsteroZacatecas","PWY-5651","Wilcoxon Rank Sum Test","EsteroZacatecas",1.40524437199629e-05,0.000291317967886923,"***"
"263","ColaDeBallena - EsteroZacatecas","P562-PWY","Wilcoxon Rank Sum Test","EsteroZacatecas",0.670659532955939,0.789269625028932,"ns"
"264","ColaDeBallena - EsteroZacatecas","CRNFORCAT-PWY","Wilcoxon Rank Sum Test","ColaDeBallena",0.629725504001988,0.769664504891319,"ns"
"265","ColaDeBallena - EsteroZacatecas","PWY-5705","Wilcoxon Rank Sum Test","ColaDeBallena",0.442833179742589,0.605804781424506,"ns"
"266","ColaDeBallena - EsteroZacatecas","PWY-6906","Wilcoxon Rank Sum Test","EsteroZacatecas",0.00111458066768337,0.00834387472057414,"**"
"267","ColaDeBallena - EsteroZacatecas","PWY-7376","Wilcoxon Rank Sum Test","ColaDeBallena",0.37768531105454,0.541415911325524,"ns"
"268","ColaDeBallena - EsteroZacatecas","PWY-7807","Wilcoxon Rank Sum Test","EsteroZacatecas",0.00555959049699795,0.0290933910473971,"*"
"269","ColaDeBallena - EsteroZacatecas","PWY-5741","Wilcoxon Rank Sum Test","ColaDeBallena",0.113502327528441,0.251760306740041,"ns"
"270","ColaDeBallena - EsteroZacatecas","PWY0-1337","Wilcoxon Rank Sum Test","ColaDeBallena",0.409510398068751,0.568881712781073,"ns"
"271","ColaDeBallena - EsteroZacatecas","PWY-6126","Wilcoxon Rank Sum Test","ColaDeBallena",0.589875732021377,0.739402371068657,"ns"
"272","ColaDeBallena - EsteroZacatecas","PWY-6531","Wilcoxon Rank Sum Test","EsteroZacatecas",0.00829316060168126,0.0410092987551028,"*"
"273","ColaDeBallena - EsteroZacatecas","PWY-8020","Wilcoxon Rank Sum Test","EsteroZacatecas",0.127687899662593,0.27311022983388,"ns"
"274","ColaDeBallena - EsteroZacatecas","PWY-7456","Wilcoxon Rank Sum Test","ColaDeBallena",0.020489202546007,0.0806108041773559,"ns"
"275","ColaDeBallena - EsteroZacatecas","PWY1G-0","Wilcoxon Rank Sum Test","ColaDeBallena",0.0780243447493414,0.194845044582158,"ns"
"276","ColaDeBallena - EsteroZacatecas","REDCITCYC","Wilcoxon Rank Sum Test","EsteroZacatecas",0.589875732021377,0.739402371068657,"ns"
"277","ColaDeBallena - EsteroZacatecas","PWY-5180","Wilcoxon Rank Sum Test","ColaDeBallena",0.37768531105454,0.541415911325524,"ns"
"278","ColaDeBallena - EsteroZacatecas","PWY-7229","Wilcoxon Rank Sum Test","ColaDeBallena",0.589875732021377,0.739402371068657,"ns"
"279","ColaDeBallena - EsteroZacatecas","PWY-6803","Wilcoxon Rank Sum Test","EsteroZacatecas",0.932300503373326,0.968227305044745,"ns"
"280","ColaDeBallena - EsteroZacatecas","PWY-7269","Wilcoxon Rank Sum Test","ColaDeBallena",0.0596570612050488,0.158399783199612,"ns"
"281","ColaDeBallena - EsteroZacatecas","HEMESYN2-PWY","Wilcoxon Rank Sum Test","EsteroZacatecas",0.241523787828809,0.431063978939496,"ns"
"282","ColaDeBallena - EsteroZacatecas","PWY0-1415","Wilcoxon Rank Sum Test","EsteroZacatecas",0.26566958415121,0.447487205804695,"ns"
"283","ColaDeBallena - EsteroZacatecas","PWY-5531","Wilcoxon Rank Sum Test","EsteroZacatecas",0.000201171825885785,0.00235720900331387,"**"
"284","ColaDeBallena - EsteroZacatecas","PWY-7374","Wilcoxon Rank Sum Test","ColaDeBallena",0.26566958415121,0.447487205804695,"ns"
"285","ColaDeBallena - EsteroZacatecas","PWY-7805","Wilcoxon Rank Sum Test","EsteroZacatecas",0.0241842556420562,0.0892829711717005,"ns"
"286","ColaDeBallena - EsteroZacatecas","PWY-7371","Wilcoxon Rank Sum Test","ColaDeBallena",0.347357918699957,0.515773879281754,"ns"
"287","ColaDeBallena - EsteroZacatecas","AST-PWY","Wilcoxon Rank Sum Test","EsteroZacatecas",0.755284828242158,0.853456021850153,"ns"
"288","ColaDeBallena - EsteroZacatecas","PWY0-42","Wilcoxon Rank Sum Test","EsteroZacatecas",0.218920801906399,0.401354803495065,"ns"
"289","ColaDeBallena - EsteroZacatecas","PWY-5747","Wilcoxon Rank Sum Test","EsteroZacatecas",0.197808114620606,0.375417513311644,"ns"
"290","ColaDeBallena - EsteroZacatecas","PWY-6071","Wilcoxon Rank Sum Test","EsteroZacatecas",0.0172711929341355,0.0716090230115309,"ns"
"291","ColaDeBallena - EsteroZacatecas","DENITRIFICATION-PWY","Wilcoxon Rank Sum Test","ColaDeBallena",0.113502327528441,0.251760306740041,"ns"
"292","ColaDeBallena - EsteroZacatecas","PWY-5692","Wilcoxon Rank Sum Test","ColaDeBallena",0.241523787828809,0.431063978939496,"ns"
"293","ColaDeBallena - EsteroZacatecas","URDEGR-PWY","Wilcoxon Rank Sum Test","ColaDeBallena",0.241523787828809,0.431063978939496,"ns"
"294","ColaDeBallena - EsteroZacatecas","P108-PWY","Wilcoxon Rank Sum Test","ColaDeBallena",0.0683614406861143,0.176300557558926,"ns"
"295","ColaDeBallena - EsteroZacatecas","SUCSYN-PWY","Wilcoxon Rank Sum Test","EsteroZacatecas",5.17721610735475e-06,0.000186034632124281,"***"
"296","ColaDeBallena - EsteroZacatecas","LIPASYN-PWY","Wilcoxon Rank Sum Test","ColaDeBallena",0.143167775823584,0.296797812188123,"ns"
"297","ColaDeBallena - EsteroZacatecas","PWY-7947","Wilcoxon Rank Sum Test","ColaDeBallena",0.977402191293698,0.98840484260282,"ns"
"298","ColaDeBallena - EsteroZacatecas","RHAMCAT-PWY","Wilcoxon Rank Sum Test","EsteroZacatecas",1,1,"ns"
"299","ColaDeBallena - EsteroZacatecas","PWY-7315","Wilcoxon Rank Sum Test","EsteroZacatecas",8.87522761260815e-06,0.000199322820133158,"***"
"300","ColaDeBallena - EsteroZacatecas","PWY-7377","Wilcoxon Rank Sum Test","EsteroZacatecas",7.39602301050679e-07,9.9661410066579e-05,"***"
"301","ColaDeBallena - EsteroZacatecas","PWY-7942","Wilcoxon Rank Sum Test","EsteroZacatecas",0.0332414254207228,0.109921032526194,"ns"
"302","ColaDeBallena - EsteroZacatecas","PWY-6748","Wilcoxon Rank Sum Test","ColaDeBallena",0.26566958415121,0.447487205804695,"ns"
"303","ColaDeBallena - EsteroZacatecas","PWY-6837","Wilcoxon Rank Sum Test","ColaDeBallena",0.0596570612050488,0.158399783199612,"ns"
"304","ColaDeBallena - EsteroZacatecas","PWY-8131","Wilcoxon Rank Sum Test","EsteroZacatecas",0.551167166391288,0.71071555666245,"ns"
"305","ColaDeBallena - EsteroZacatecas","ALLANTOINDEG-PWY","Wilcoxon Rank Sum Test","ColaDeBallena",0.00681173719267675,0.034637041008045,"*"
"306","ColaDeBallena - EsteroZacatecas","PWY-7674","Wilcoxon Rank Sum Test","EsteroZacatecas",0.670659532955939,0.789269625028932,"ns"
"307","ColaDeBallena - EsteroZacatecas","PWY-5415","Wilcoxon Rank Sum Test","ColaDeBallena",0.0332414254207228,0.109921032526194,"ns"
"308","ColaDeBallena - EsteroZacatecas","PWY-5910","Wilcoxon Rank Sum Test","ColaDeBallena",0.629725504001988,0.769664504891319,"ns"
"309","ColaDeBallena - EsteroZacatecas","PWY-6478","Wilcoxon Rank Sum Test","ColaDeBallena",0.00143260965713517,0.00989970006661351,"**"
"310","ColaDeBallena - EsteroZacatecas","PWY-5419","Wilcoxon Rank Sum Test","EsteroZacatecas",0.178182027959925,0.346715209640432,"ns"
"311","ColaDeBallena - EsteroZacatecas","PWY-7399","Wilcoxon Rank Sum Test","ColaDeBallena",0.670659532955939,0.789269625028932,"ns"
"312","ColaDeBallena - EsteroZacatecas","12DICHLORETHDEG-PWY","Wilcoxon Rank Sum Test","ColaDeBallena",0.670659532955939,0.789269625028932,"ns"
"313","ColaDeBallena - EsteroZacatecas","PWY-5420","Wilcoxon Rank Sum Test","ColaDeBallena",0.37768531105454,0.541415911325524,"ns"
"314","ColaDeBallena - EsteroZacatecas","PWY-6641","Wilcoxon Rank Sum Test","ColaDeBallena",0.00555959049699795,0.0290933910473971,"*"
"315","ColaDeBallena - EsteroZacatecas","PWY-7295","Wilcoxon Rank Sum Test","ColaDeBallena",0.347357918699957,0.515773879281754,"ns"
"316","ColaDeBallena - EsteroZacatecas","PWY-5101","Wilcoxon Rank Sum Test","ColaDeBallena",0.291342659225281,0.480225361842283,"ns"
"317","ColaDeBallena - EsteroZacatecas","PWY-1541","Wilcoxon Rank Sum Test","ColaDeBallena",0.000857938669218788,0.00680042562807245,"**"
"318","ColaDeBallena - EsteroZacatecas","PWY-7873","Wilcoxon Rank Sum Test","EsteroZacatecas",0.712535075639127,0.825927754342988,"ns"
"319","ColaDeBallena - EsteroZacatecas","KDO-NAGLIPASYN-PWY","Wilcoxon Rank Sum Test","ColaDeBallena",0.26566958415121,0.447487205804695,"ns"
"320","ColaDeBallena - EsteroZacatecas","KETOGLUCONMET-PWY","Wilcoxon Rank Sum Test","ColaDeBallena",0.26566958415121,0.447487205804695,"ns"
"321","ColaDeBallena - EsteroZacatecas","PWY-7902","Wilcoxon Rank Sum Test","EsteroZacatecas",0.409510398068751,0.568881712781073,"ns"
"322","ColaDeBallena - EsteroZacatecas","P105-PWY","Wilcoxon Rank Sum Test","ColaDeBallena",0.0100445388505693,0.0487748327969085,"*"
"323","ColaDeBallena - EsteroZacatecas","PWY-7255","Wilcoxon Rank Sum Test","ColaDeBallena",0.798745338656498,0.88403231526869,"ns"
"324","ColaDeBallena - EsteroZacatecas","PWY-5104","Wilcoxon Rank Sum Test","ColaDeBallena",0.0284206976224744,0.0988306839904111,"ns"
"325","ColaDeBallena - EsteroZacatecas","PWY-7855","Wilcoxon Rank Sum Test","ColaDeBallena",0.00111458066768337,0.00834387472057414,"**"
"326","ColaDeBallena - EsteroZacatecas","PWY-7090","Wilcoxon Rank Sum Test","EsteroZacatecas",0.159973019308058,0.319353545952011,"ns"
"327","ColaDeBallena - EsteroZacatecas","PWY-1861","Wilcoxon Rank Sum Test","EsteroZacatecas",0.127687899662593,0.27311022983388,"ns"
"328","ColaDeBallena - EsteroZacatecas","PWY-7874","Wilcoxon Rank Sum Test","EsteroZacatecas",0.932300503373326,0.968227305044745,"ns"
"329","ColaDeBallena - EsteroZacatecas","P461-PWY","Wilcoxon Rank Sum Test","ColaDeBallena",0.000144222448704882,0.00189599755736419,"**"
"330","ColaDeBallena - EsteroZacatecas","PWY-922","Wilcoxon Rank Sum Test","ColaDeBallena",0.629725504001988,0.769664504891319,"ns"
"331","ColaDeBallena - EsteroZacatecas","P185-PWY","Wilcoxon Rank Sum Test","EsteroZacatecas",0.670659532955939,0.789269625028932,"ns"
"332","ColaDeBallena - EsteroZacatecas","PWY-6946","Wilcoxon Rank Sum Test","ColaDeBallena",0.347357918699957,0.515773879281754,"ns"
"333","ColaDeBallena - EsteroZacatecas","PWY-5647","Wilcoxon Rank Sum Test","EsteroZacatecas",0.0332414254207228,0.109921032526194,"ns"
"334","ColaDeBallena - EsteroZacatecas","PWY-6501","Wilcoxon Rank Sum Test","ColaDeBallena",0.00451305324101124,0.0250776875969594,"*"
"335","ColaDeBallena - EsteroZacatecas","PWY-6891","Wilcoxon Rank Sum Test","ColaDeBallena",0.0514693171299166,0.143359105249618,"ns"
"336","ColaDeBallena - EsteroZacatecas","PWY-1422","Wilcoxon Rank Sum Test","EsteroZacatecas",7.39602301050679e-07,9.9661410066579e-05,"***"
"337","ColaDeBallena - EsteroZacatecas","PWY-6185","Wilcoxon Rank Sum Test","ColaDeBallena",0.409510398068751,0.568881712781073,"ns"
"338","ColaDeBallena - EsteroZacatecas","GALLATE-DEGRADATION-I-PWY","Wilcoxon Rank Sum Test","ColaDeBallena",0.318585170382182,0.499178508244175,"ns"
"339","ColaDeBallena - EsteroZacatecas","GALLATE-DEGRADATION-II-PWY","Wilcoxon Rank Sum Test","ColaDeBallena",0.318585170382182,0.499178508244175,"ns"
"340","ColaDeBallena - EsteroZacatecas","PWY-5654","Wilcoxon Rank Sum Test","EsteroZacatecas",0.0518646113611789,0.143359105249618,"ns"
"341","ColaDeBallena - EsteroZacatecas","PWY-6470","Wilcoxon Rank Sum Test","ColaDeBallena",0.670659532955939,0.789269625028932,"ns"
"342","ColaDeBallena - EsteroZacatecas","PWY66-201","Wilcoxon Rank Sum Test","EsteroZacatecas",3.64420272924621e-05,0.000613881916591304,"***"
"343","ColaDeBallena - EsteroZacatecas","PWY66-367","Wilcoxon Rank Sum Test","ColaDeBallena",1.47920460210136e-06,0.000132881880088772,"***"
"344","ColaDeBallena - EsteroZacatecas","PWY-6182","Wilcoxon Rank Sum Test","EsteroZacatecas",0.88738593483512,0.936009821675401,"ns"
"345","ColaDeBallena - EsteroZacatecas","PWY-5652","Wilcoxon Rank Sum Test","EsteroZacatecas",0.0241842556420562,0.0892829711717005,"ns"
"346","ColaDeBallena - EsteroZacatecas","PWY-5655","Wilcoxon Rank Sum Test","EsteroZacatecas",0.712535075639127,0.825927754342988,"ns"
"347","ColaDeBallena - EsteroZacatecas","PWY-7347","Wilcoxon Rank Sum Test","EsteroZacatecas",5.17721610735475e-06,0.000186034632124281,"***"
"348","ColaDeBallena - EsteroZacatecas","PWY-6581","Wilcoxon Rank Sum Test","EsteroZacatecas",0.88738593483512,0.936009821675401,"ns"
"349","ColaDeBallena - EsteroZacatecas","PWY-6672","Wilcoxon Rank Sum Test","ColaDeBallena",0.00231643440689073,0.0145181179687686,"*"
"350","ColaDeBallena - EsteroZacatecas","RUMP-PWY","Wilcoxon Rank Sum Test","EsteroZacatecas",0.127687899662593,0.27311022983388,"ns"
"351","ColaDeBallena - EsteroZacatecas","PWY-6962","Wilcoxon Rank Sum Test","EsteroZacatecas",0.0887337860685552,0.213515672727461,"ns"
"352","ColaDeBallena - EsteroZacatecas","PWY-5417","Wilcoxon Rank Sum Test","EsteroZacatecas",0.977402191293698,0.98840484260282,"ns"
"353","ColaDeBallena - EsteroZacatecas","PWY-5431","Wilcoxon Rank Sum Test","EsteroZacatecas",0.977402191293698,0.98840484260282,"ns"
"354","ColaDeBallena - EsteroZacatecas","PWY-6948","Wilcoxon Rank Sum Test","ColaDeBallena",0.318585170382182,0.499178508244175,"ns"
"355","ColaDeBallena - EsteroZacatecas","GLCMANNANAUT-PWY","Wilcoxon Rank Sum Test","EsteroZacatecas",0.00363662451426619,0.0210767807869836,"*"
"356","ColaDeBallena - EsteroZacatecas","PWY-6486","Wilcoxon Rank Sum Test","ColaDeBallena",0.000201171825885785,0.00235720900331387,"**"
"357","ColaDeBallena - EsteroZacatecas","PWY-6404","Wilcoxon Rank Sum Test","ColaDeBallena",0.159973019308058,0.319353545952011,"ns"
"358","ColaDeBallena - EsteroZacatecas","PWY-5209","Wilcoxon Rank Sum Test","ColaDeBallena",3.32821035472805e-05,0.000597968460399474,"***"
"359","ColaDeBallena - EsteroZacatecas","P381-PWY","Wilcoxon Rank Sum Test","ColaDeBallena",0.0144925070890881,0.0635078156180363,"ns"
"360","ColaDeBallena - EsteroZacatecas","P441-PWY","Wilcoxon Rank Sum Test","ColaDeBallena",0.513722581093694,0.672078813615294,"ns"
"361","ColaDeBallena - EsteroZacatecas","PWY-7436","Wilcoxon Rank Sum Test","EsteroZacatecas",7.39602301050679e-07,9.9661410066579e-05,"***"
"362","ColaDeBallena - EsteroZacatecas","PWY-1361","Wilcoxon Rank Sum Test","ColaDeBallena",0.0144925070890881,0.0635078156180363,"ns"
"363","ColaDeBallena - EsteroZacatecas","PWY0-1277","Wilcoxon Rank Sum Test","ColaDeBallena",0.0241842556420562,0.0892829711717005,"ns"
"364","ColaDeBallena - EsteroZacatecas","PWY-7254","Wilcoxon Rank Sum Test","ColaDeBallena",0.113502327528441,0.251760306740041,"ns"
"365","ColaDeBallena - EsteroZacatecas","PWY-7332","Wilcoxon Rank Sum Test","EsteroZacatecas",0.755284828242158,0.853456021850153,"ns"
"366","ColaDeBallena - EsteroZacatecas","PWY-7316","Wilcoxon Rank Sum Test","EsteroZacatecas",0.977402191293698,0.98840484260282,"ns"
"367","ColaDeBallena - EsteroZacatecas","METH-ACETATE-PWY","Wilcoxon Rank Sum Test","ColaDeBallena",0.159973019308058,0.319353545952011,"ns"
"368","ColaDeBallena - EsteroZacatecas","P261-PWY","Wilcoxon Rank Sum Test","EsteroZacatecas",0.409510398068751,0.568881712781073,"ns"
"369","ColaDeBallena - EsteroZacatecas","CODH-PWY","Wilcoxon Rank Sum Test","ColaDeBallena",0.159973019308058,0.319353545952011,"ns"
"370","ColaDeBallena - EsteroZacatecas","PWY-7072","Wilcoxon Rank Sum Test","ColaDeBallena",2.21880690315204e-05,0.000442939600295907,"***"
"371","ColaDeBallena - EsteroZacatecas","PWY-6565","Wilcoxon Rank Sum Test","ColaDeBallena",0.977402191293698,0.98840484260282,"ns"
"372","ColaDeBallena - EsteroZacatecas","PWY-6588","Wilcoxon Rank Sum Test","ColaDeBallena",3.32821035472805e-05,0.000597968460399474,"***"
"373","ColaDeBallena - EsteroZacatecas","CATECHOL-ORTHO-CLEAVAGE-PWY","Wilcoxon Rank Sum Test","EsteroZacatecas",0.670659532955939,0.789269625028932,"ns"
"374","ColaDeBallena - EsteroZacatecas","PWY-7480","Wilcoxon Rank Sum Test","ColaDeBallena",0.0449019952990878,0.129423398215018,"ns"
"375","ColaDeBallena - EsteroZacatecas","PWY-6920","Wilcoxon Rank Sum Test","EsteroZacatecas",0.477575258232143,0.634022325584052,"ns"
"376","ColaDeBallena - EsteroZacatecas","P184-PWY","Wilcoxon Rank Sum Test","ColaDeBallena",0.020489202546007,0.0806108041773559,"ns"
"377","ColaDeBallena - EsteroZacatecas","PWY-5430","Wilcoxon Rank Sum Test","EsteroZacatecas",0.670659532955939,0.789269625028932,"ns"
"378","ColaDeBallena - EsteroZacatecas","PWY-5517","Wilcoxon Rank Sum Test","ColaDeBallena",0.00291403306613968,0.0176479081196549,"*"
"379","ColaDeBallena - EsteroZacatecas","PWY-7039","Wilcoxon Rank Sum Test","ColaDeBallena",0.0332414254207228,0.109921032526194,"ns"
"380","ColaDeBallena - EsteroZacatecas","METHYLGALLATE-DEGRADATION-PWY","Wilcoxon Rank Sum Test","ColaDeBallena",0.0172711929341355,0.0716090230115309,"ns"
"381","ColaDeBallena - EsteroZacatecas","PWY-7820","Wilcoxon Rank Sum Test","ColaDeBallena",0.00182977609279938,0.0120274306587667,"*"
"382","ColaDeBallena - EsteroZacatecas","PWY0-301","Wilcoxon Rank Sum Test","ColaDeBallena",0.589875732021377,0.739402371068657,"ns"
"383","ColaDeBallena - EsteroZacatecas","PWY-7784","Wilcoxon Rank Sum Test","ColaDeBallena",0.159973019308058,0.319353545952011,"ns"
"384","ColaDeBallena - EsteroZacatecas","FUCCAT-PWY","Wilcoxon Rank Sum Test","EsteroZacatecas",0.551167166391288,0.71071555666245,"ns"
"385","ColaDeBallena - EsteroZacatecas","PWY-6992","Wilcoxon Rank Sum Test","ColaDeBallena",1,1,"ns"
"386","ColaDeBallena - EsteroZacatecas","PWY-7783","Wilcoxon Rank Sum Test","ColaDeBallena",0.37768531105454,0.541415911325524,"ns"
"387","ColaDeBallena - EsteroZacatecas","PWY-5181","Wilcoxon Rank Sum Test","ColaDeBallena",0.0120939768267807,0.0552428263528373,"ns"
"388","ColaDeBallena - EsteroZacatecas","PWY0-41","Wilcoxon Rank Sum Test","ColaDeBallena",0.0596570612050488,0.158399783199612,"ns"
"389","ColaDeBallena - EsteroZacatecas","ORNDEG-PWY","Wilcoxon Rank Sum Test","ColaDeBallena",0.00363662451426619,0.0210767807869836,"*"
"390","ColaDeBallena - EsteroZacatecas","PWY-6338","Wilcoxon Rank Sum Test","ColaDeBallena",0.0241842556420562,0.0892829711717005,"ns"
"391","ColaDeBallena - EsteroZacatecas","PWY-7097","Wilcoxon Rank Sum Test","ColaDeBallena",0.0241842556420562,0.0892829711717005,"ns"
"392","ColaDeBallena - EsteroZacatecas","PWY-6210","Wilcoxon Rank Sum Test","EsteroZacatecas",0.798745338656498,0.88403231526869,"ns"
"393","ColaDeBallena - EsteroZacatecas","FUC-RHAMCAT-PWY","Wilcoxon Rank Sum Test","EsteroZacatecas",0.932300503373326,0.968227305044745,"ns"
"394","ColaDeBallena - EsteroZacatecas","P163-PWY","Wilcoxon Rank Sum Test","ColaDeBallena",0.00291403306613968,0.0176479081196549,"*"
"395","ColaDeBallena - EsteroZacatecas","PWY-6421","Wilcoxon Rank Sum Test","ColaDeBallena",0.629725504001988,0.769664504891319,"ns"
"396","ColaDeBallena - EsteroZacatecas","PWY-5005","Wilcoxon Rank Sum Test","ColaDeBallena",0.0284206976224744,0.0988306839904111,"ns"
"397","ColaDeBallena - EsteroZacatecas","PWY-5742","Wilcoxon Rank Sum Test","ColaDeBallena",0.26566958415121,0.447487205804695,"ns"
"398","ColaDeBallena - EsteroZacatecas","PWY-7098","Wilcoxon Rank Sum Test","EsteroZacatecas",0.88738593483512,0.936009821675401,"ns"
"399","ColaDeBallena - EsteroZacatecas","PWY-5328","Wilcoxon Rank Sum Test","ColaDeBallena",0.409510398068751,0.568881712781073,"ns"
"400","ColaDeBallena - EsteroZacatecas","PWY-7013","Wilcoxon Rank Sum Test","EsteroZacatecas",0.178182027959925,0.346715209640432,"ns"
"401","ColaDeBallena - EsteroZacatecas","PWY66-373","Wilcoxon Rank Sum Test","ColaDeBallena",0.842835990231333,0.917754744918562,"ns"
"402","ColaDeBallena - EsteroZacatecas","ASPASN-PWY","Wilcoxon Rank Sum Test","ColaDeBallena",0.197808114620606,0.375417513311644,"ns"
"403","ColaDeBallena - EsteroZacatecas","PWY-6749","Wilcoxon Rank Sum Test","EsteroZacatecas",0.0780243447493414,0.194845044582158,"ns"
"404","ColaDeBallena - EsteroZacatecas","GOLPDLCAT-PWY","Wilcoxon Rank Sum Test","EsteroZacatecas",0.670659532955939,0.789269625028932,"ns"
"405","ColaDeBallena - EsteroZacatecas","PWY-5182","Wilcoxon Rank Sum Test","ColaDeBallena",0.0144925070890881,0.0635078156180363,"ns"
"406","ColaDeBallena - EsteroZacatecas","HCAMHPDEG-PWY","Wilcoxon Rank Sum Test","ColaDeBallena",0.0284206976224744,0.0988306839904111,"ns"
"407","ColaDeBallena - EsteroZacatecas","PWY-6690","Wilcoxon Rank Sum Test","ColaDeBallena",0.0284206976224744,0.0988306839904111,"ns"
"408","ColaDeBallena - EsteroZacatecas","DARABCATK12-PWY","Wilcoxon Rank Sum Test","EsteroZacatecas",0.977402191293698,0.98840484260282,"ns"
"409","ColaDeBallena - EsteroZacatecas","PWY-6339","Wilcoxon Rank Sum Test","ColaDeBallena",0.0120939768267807,0.0552428263528373,"ns"
"410","ColaDeBallena - EsteroZacatecas","PWY-5519","Wilcoxon Rank Sum Test","EsteroZacatecas",0.0780243447493414,0.194845044582158,"ns"
"411","ColaDeBallena - EsteroZacatecas","PWY66-388","Wilcoxon Rank Sum Test","EsteroZacatecas",0.798745338656498,0.88403231526869,"ns"
"412","ColaDeBallena - EsteroZacatecas","PWY-6957","Wilcoxon Rank Sum Test","ColaDeBallena",0.100530442770314,0.235590907187822,"ns"
"413","ColaDeBallena - EsteroZacatecas","PWY-7373","Wilcoxon Rank Sum Test","ColaDeBallena",0.0518646113611789,0.143359105249618,"ns"
"414","ColaDeBallena - EsteroZacatecas","PWY-7913","Wilcoxon Rank Sum Test","EsteroZacatecas",0.0449019952990878,0.129423398215018,"ns"
"415","ColaDeBallena - EsteroZacatecas","TOLUENE-DEG-3-OH-PWY","Wilcoxon Rank Sum Test","ColaDeBallena",0.0172711929341355,0.0716090230115309,"ns"
"416","ColaDeBallena - EsteroZacatecas","PWY6666-2","Wilcoxon Rank Sum Test","ColaDeBallena",0.88738593483512,0.936009821675401,"ns"
"417","ColaDeBallena - EsteroZacatecas","PWY-6397","Wilcoxon Rank Sum Test","ColaDeBallena",0.159973019308058,0.319353545952011,"ns"
"418","ColaDeBallena - EsteroZacatecas","PWY-3481","Wilcoxon Rank Sum Test","EsteroZacatecas",0.000102804719846044,0.00142081394864149,"**"
"419","ColaDeBallena - EsteroZacatecas","PWY-6857","Wilcoxon Rank Sum Test","ColaDeBallena",0.0241842556420562,0.0892829711717005,"ns"
"420","ColaDeBallena - EsteroZacatecas","PWY-2941","Wilcoxon Rank Sum Test","ColaDeBallena",0.88738593483512,0.936009821675401,"ns"
"421","ColaDeBallena - EsteroZacatecas","CARNMET-PWY","Wilcoxon Rank Sum Test","ColaDeBallena",0.000371280355127441,0.00345034674851191,"**"
"422","ColaDeBallena - EsteroZacatecas","PWY-7579","Wilcoxon Rank Sum Test","EsteroZacatecas",1.47920460210136e-06,0.000132881880088772,"***"
"423","ColaDeBallena - EsteroZacatecas","PWY-8085","Wilcoxon Rank Sum Test","EsteroZacatecas",0.236176196446396,0.431063978939496,"ns"
"424","ColaDeBallena - EsteroZacatecas","3-HYDROXYPHENYLACETATE-DEGRADATION-PWY","Wilcoxon Rank Sum Test","ColaDeBallena",0.020489202546007,0.0806108041773559,"ns"
"425","ColaDeBallena - EsteroZacatecas","HEXITOLDEGSUPER-PWY","Wilcoxon Rank Sum Test","ColaDeBallena",1,1,"ns"
"426","ColaDeBallena - EsteroZacatecas","PWY-6342","Wilcoxon Rank Sum Test","ColaDeBallena",0.143167775823584,0.296797812188123,"ns"
"427","ColaDeBallena - EsteroZacatecas","PWY-1501","Wilcoxon Rank Sum Test","ColaDeBallena",0.0780243447493414,0.194845044582158,"ns"
"428","ColaDeBallena - EsteroZacatecas","PWY-5178","Wilcoxon Rank Sum Test","ColaDeBallena",0.100530442770314,0.235590907187822,"ns"
"429","ColaDeBallena - EsteroZacatecas","P241-PWY","Wilcoxon Rank Sum Test","ColaDeBallena",0.159973019308058,0.319353545952011,"ns"
"430","ColaDeBallena - EsteroZacatecas","PWY-6350","Wilcoxon Rank Sum Test","ColaDeBallena",0.000857938669218788,0.00680042562807245,"**"
"431","ColaDeBallena - EsteroZacatecas","DHGLUCONATE-PYR-CAT-PWY","Wilcoxon Rank Sum Test","ColaDeBallena",0.629725504001988,0.769664504891319,"ns"
"432","ColaDeBallena - EsteroZacatecas","PWY-6349","Wilcoxon Rank Sum Test","ColaDeBallena",7.17414232019159e-05,0.00107412853071757,"**"
"433","ColaDeBallena - EsteroZacatecas","METHGLYUT-PWY","Wilcoxon Rank Sum Test","EsteroZacatecas",0.26566958415121,0.447487205804695,"ns"
"434","ColaDeBallena - EsteroZacatecas","PWY-7084","Wilcoxon Rank Sum Test","EsteroZacatecas",0.37768531105454,0.541415911325524,"ns"
"435","ColaDeBallena - EsteroZacatecas","PWY-4321","Wilcoxon Rank Sum Test","ColaDeBallena",0.670659532955939,0.789269625028932,"ns"
"436","ColaDeBallena - EsteroZacatecas","PWY-6138","Wilcoxon Rank Sum Test","EsteroZacatecas",0.551167166391288,0.71071555666245,"ns"
"437","ColaDeBallena - EsteroZacatecas","GLYCOL-GLYOXDEG-PWY","Wilcoxon Rank Sum Test","EsteroZacatecas",0.241523787828809,0.431063978939496,"ns"
"438","ColaDeBallena - EsteroZacatecas","PWY-8154","Wilcoxon Rank Sum Test","EsteroZacatecas",0.291342659225281,0.480225361842283,"ns"
"439","ColaDeBallena - EsteroZacatecas","PWY-5656","Wilcoxon Rank Sum Test","ColaDeBallena",0.0241842556420562,0.0892829711717005,"ns"
"440","ColaDeBallena - EsteroZacatecas","PWY-5392","Wilcoxon Rank Sum Test","ColaDeBallena",0.218920801906399,0.401354803495065,"ns"
"441","ColaDeBallena - EsteroZacatecas","PWY-5129","Wilcoxon Rank Sum Test","EsteroZacatecas",0.00291403306613968,0.0176479081196549,"*"
"442","ColaDeBallena - EsteroZacatecas","14DICHLORBENZDEG-PWY","Wilcoxon Rank Sum Test","ColaDeBallena",0.197808114620606,0.375417513311644,"ns"
"443","ColaDeBallena - EsteroZacatecas","PWY-6084","Wilcoxon Rank Sum Test","ColaDeBallena",0.197808114620606,0.375417513311644,"ns"
"444","ColaDeBallena - EsteroZacatecas","ARGDEG-IV-PWY","Wilcoxon Rank Sum Test","ColaDeBallena",0.318585170382182,0.499178508244175,"ns"
"445","ColaDeBallena - EsteroZacatecas","PWY3DJ-12","Wilcoxon Rank Sum Test","EsteroZacatecas",0.00829316060168126,0.0410092987551028,"*"
"446","ColaDeBallena - EsteroZacatecas","PWY0-1338","Wilcoxon Rank Sum Test","ColaDeBallena",0.442833179742589,0.605804781424506,"ns"
"447","ColaDeBallena - EsteroZacatecas","PWY-1882","Wilcoxon Rank Sum Test","ColaDeBallena",0.00182977609279938,0.0120274306587667,"*"
"448","ColaDeBallena - EsteroZacatecas","PWY-7340","Wilcoxon Rank Sum Test","EsteroZacatecas",0.000274392453689802,0.00273884319516302,"**"
"449","ColaDeBallena - EsteroZacatecas","PWY-6087","Wilcoxon Rank Sum Test","EsteroZacatecas",0.26566958415121,0.447487205804695,"ns"
"450","ColaDeBallena - EsteroZacatecas","PWY-6089","Wilcoxon Rank Sum Test","EsteroZacatecas",0.26566958415121,0.447487205804695,"ns"
"451","ColaDeBallena - EsteroZacatecas","PWY-6193","Wilcoxon Rank Sum Test","EsteroZacatecas",0.26566958415121,0.447487205804695,"ns"
"452","ColaDeBallena - EsteroZacatecas","PWY-6107","Wilcoxon Rank Sum Test","EsteroZacatecas",0.26566958415121,0.447487205804695,"ns"
"453","ColaDeBallena - EsteroZacatecas","PWY-6676","Wilcoxon Rank Sum Test","ColaDeBallena",1,1,"ns"
"454","ColaDeBallena - EsteroZacatecas","PWY-6944","Wilcoxon Rank Sum Test","EsteroZacatecas",0.00111458066768337,0.00834387472057414,"**"
"455","ColaDeBallena - EsteroZacatecas","PWY-6093","Wilcoxon Rank Sum Test","EsteroZacatecas",0.798745338656498,0.88403231526869,"ns"
"456","ColaDeBallena - EsteroZacatecas","PWY-7337","Wilcoxon Rank Sum Test","EsteroZacatecas",0.000274392453689802,0.00273884319516302,"**"
"457","ColaDeBallena - EsteroZacatecas","PWY-7338","Wilcoxon Rank Sum Test","EsteroZacatecas",0.000274392453689802,0.00273884319516302,"**"
"458","ColaDeBallena - EsteroZacatecas","NAD-BIOSYNTHESIS-II","Wilcoxon Rank Sum Test","ColaDeBallena",0.0172711929341355,0.0716090230115309,"ns"
"459","ColaDeBallena - EsteroZacatecas","PWY-5507","Wilcoxon Rank Sum Test","ColaDeBallena",0.172973641554188,0.344032445747998,"ns"
"460","ColaDeBallena - EsteroZacatecas","PWY-3801","Wilcoxon Rank Sum Test","ColaDeBallena",0.389849520182548,0.557371064664173,"ns"
"461","ColaDeBallena - EsteroZacatecas","PCPDEG-PWY","Wilcoxon Rank Sum Test","ColaDeBallena",0.000495533541703955,0.004173321546538,"**"
"462","ColaDeBallena - EsteroZacatecas","METHANOGENESIS-PWY","Wilcoxon Rank Sum Test","ColaDeBallena",0.0120939768267807,0.0552428263528373,"ns"
"463","ColaDeBallena - EsteroZacatecas","GALACTITOLCAT-PWY","Wilcoxon Rank Sum Test","ColaDeBallena",1,1,"ns"
"464","ColaDeBallena - EsteroZacatecas","PWY-822","Wilcoxon Rank Sum Test","ColaDeBallena",0.088256686339853,0.213515672727461,"ns"
"465","ColaDeBallena - EsteroZacatecas","PWY-722","Wilcoxon Rank Sum Test","ColaDeBallena",0.312216205637349,0.499178508244175,"ns"
"466","ColaDeBallena - EsteroZacatecas","PWY-6505","Wilcoxon Rank Sum Test","ColaDeBallena",0.0387211388692073,0.115307700831507,"ns"
"467","ColaDeBallena - EsteroZacatecas","PWY-6471","Wilcoxon Rank Sum Test","ColaDeBallena",0.654778838699894,0.789269625028932,"ns"
"468","ColaDeBallena - EsteroZacatecas","AEROBACTINSYN-PWY","Wilcoxon Rank Sum Test","EsteroZacatecas",0.88738593483512,0.936009821675401,"ns"
"469","ColaDeBallena - EsteroZacatecas","PWY-5644","Wilcoxon Rank Sum Test","ColaDeBallena",0.218920801906399,0.401354803495065,"ns"
"470","ColaDeBallena - EsteroZacatecas","PWY-6075","Wilcoxon Rank Sum Test","ColaDeBallena",0.670659532955939,0.789269625028932,"ns"
"471","ColaDeBallena - EsteroZacatecas","PWY-6344","Wilcoxon Rank Sum Test","ColaDeBallena",0.0163400908053962,0.0698992773341947,"ns"
"472","ColaDeBallena - EsteroZacatecas","PWY-7948","Wilcoxon Rank Sum Test","ColaDeBallena",0.00451305324101124,0.0250776875969594,"*"
"473","ColaDeBallena - EsteroZacatecas","PWY-8055","Wilcoxon Rank Sum Test","ColaDeBallena",0.000274392453689802,0.00273884319516302,"**"
"474","ColaDeBallena - EsteroZacatecas","LACTOSECAT-PWY","Wilcoxon Rank Sum Test","ColaDeBallena",0.643444944084326,0.784653449912786,"ns"
"475","ColaDeBallena - EsteroZacatecas","PWY-7446","Wilcoxon Rank Sum Test","EsteroZacatecas",0.0518646113611789,0.143359105249618,"ns"
"476","ColaDeBallena - EsteroZacatecas","PWY-7199","Wilcoxon Rank Sum Test","ColaDeBallena",0.203039025220199,0.383993103837498,"ns"
"477","ColaDeBallena - EsteroZacatecas","PWY-6961","Wilcoxon Rank Sum Test","ColaDeBallena",0.140868815028927,0.296797812188123,"ns"
"478","ColaDeBallena - EsteroZacatecas","PWY-5183","Wilcoxon Rank Sum Test","ColaDeBallena",0.0352696696855995,0.113646734188931,"ns"
"479","ColaDeBallena - EsteroZacatecas","PWY-7209","Wilcoxon Rank Sum Test","ColaDeBallena",0.18411389774799,0.356969031964628,"ns"
"480","ColaDeBallena - EsteroZacatecas","PWY-6165","Wilcoxon Rank Sum Test","ColaDeBallena",0.329362372472238,0.507218053607246,"ns"
"481","ColaDeBallena - EsteroZacatecas","PWY-6928","Wilcoxon Rank Sum Test","ColaDeBallena",0.000431785563951713,0.00387887364949955,"**"
"482","ColaDeBallena - EsteroZacatecas","PWY-6947","Wilcoxon Rank Sum Test","ColaDeBallena",0.000431785563951713,0.00387887364949955,"**"
"483","ColaDeBallena - EsteroZacatecas","PWY-4041","Wilcoxon Rank Sum Test","ColaDeBallena",0.000656027241031952,0.00543997973717265,"**"
"484","ColaDeBallena - EsteroZacatecas","ECASYN-PWY","Wilcoxon Rank Sum Test","ColaDeBallena",0.451935404318963,0.616691602349167,"ns"
"485","ColaDeBallena - EsteroZacatecas","PWY-5265","Wilcoxon Rank Sum Test","ColaDeBallena",0.489550368276039,0.648323460689889,"ns"
"486","ColaDeBallena - EsteroZacatecas","PWY-5823","Wilcoxon Rank Sum Test","ColaDeBallena",0.000188640070585497,0.00235720900331387,"**"
"487","ColaDeBallena - EsteroZacatecas","PWY4LZ-257","Wilcoxon Rank Sum Test","ColaDeBallena",0.35799459462697,0.527716744849152,"ns"
"488","ColaDeBallena - EsteroZacatecas","PWY-5677","Wilcoxon Rank Sum Test","ColaDeBallena",0.145811936152047,0.301121201478749,"ns"
"489","ColaDeBallena - EsteroZacatecas","PWY-5179","Wilcoxon Rank Sum Test","ColaDeBallena",0.0352696696855995,0.113646734188931,"ns"
"490","ColaDeBallena - EsteroZacatecas","PWY4FS-5","Wilcoxon Rank Sum Test","ColaDeBallena",0.578700150132264,0.739402371068657,"ns"
"491","ColaDeBallena - EsteroZacatecas","PWY-6662","Wilcoxon Rank Sum Test","EsteroZacatecas",0.241523787828809,0.431063978939496,"ns"
"492","ColaDeBallena - EsteroZacatecas","PWY-7654","Wilcoxon Rank Sum Test","EsteroZacatecas",0.11078790926458,0.251760306740041,"ns"
"493","ColaDeBallena - EsteroZacatecas","PWY-762","Wilcoxon Rank Sum Test","EsteroZacatecas",0.346650704296937,0.515773879281754,"ns"
"494","ColaDeBallena - EsteroZacatecas","PWY-6808","Wilcoxon Rank Sum Test","ColaDeBallena",0.0559248346311325,0.153793295235614,"ns"
"495","ColaDeBallena - EsteroZacatecas","PWY-6160","Wilcoxon Rank Sum Test","ColaDeBallena",0.329362372472238,0.507218053607246,"ns"
"496","ColaDeBallena - EsteroZacatecas","PWY-6629","Wilcoxon Rank Sum Test","ColaDeBallena",3.75846071382431e-05,0.000613881916591304,"***"
"497","ColaDeBallena - EsteroZacatecas","PWY-5645","Wilcoxon Rank Sum Test","ColaDeBallena",0.614209644048657,0.768118325155977,"ns"
"498","ColaDeBallena - EsteroZacatecas","PWY-5488","Wilcoxon Rank Sum Test","EsteroZacatecas",0.283373242686996,0.475819868561653,"ns"
"499","ColaDeBallena - EsteroZacatecas","PWY-6143","Wilcoxon Rank Sum Test","ColaDeBallena",0.0254090783192399,0.0931666205038795,"ns"
"500","ColaDeBallena - EsteroZacatecas","PWY-7644","Wilcoxon Rank Sum Test","EsteroZacatecas",0.764465155548041,0.862022424352289,"ns"
"501","ColaDeBallena - EsteroZacatecas","PWY-6873","Wilcoxon Rank Sum Test","ColaDeBallena",0.327829142871759,0.507218053607246,"ns"
"502","ColaDeBallena - EsteroZacatecas","P341-PWY","Wilcoxon Rank Sum Test","EsteroZacatecas",0.74897844105537,0.853456021850153,"ns"
"503","ColaDeBallena - EsteroZacatecas","PWY-4722","Wilcoxon Rank Sum Test","ColaDeBallena",0.0499248353716414,0.142378234208014,"ns"
"504","ColaDeBallena - EsteroZacatecas","PWY-3941","Wilcoxon Rank Sum Test","ColaDeBallena",0.458502305465244,0.622500611198404,"ns"
"505","ColaDeBallena - EsteroZacatecas","TRPSYN-PWY","Wilcoxon Rank Sum Test","ColaDeBallena",3.75846071382431e-05,0.000613881916591304,"***"
"506","ColaDeBallena - EsteroZacatecas","SPHINGOLIPID-SYN-PWY","Wilcoxon Rank Sum Test","ColaDeBallena",0.377621853717502,0.541415911325524,"ns"
"507","ColaDeBallena - EsteroZacatecas","PWY-7574","Wilcoxon Rank Sum Test","ColaDeBallena",0.458502305465244,0.622500611198404,"ns"
"508","ColaDeBallena - EsteroZacatecas","TRIGLSYN-PWY","Wilcoxon Rank Sum Test","ColaDeBallena",0.0160505745410556,0.0692100774210319,"ns"
"509","ColaDeBallena - EsteroZacatecas","PWY-5499","Wilcoxon Rank Sum Test","ColaDeBallena",0.698924131151563,0.820740973182336,"ns"
"510","ColaDeBallena - EsteroZacatecas","PWY66-374","Wilcoxon Rank Sum Test","ColaDeBallena",0.327829142871759,0.507218053607246,"ns"
"511","ColaDeBallena - EsteroZacatecas","PWY-4702","Wilcoxon Rank Sum Test","EsteroZacatecas",0.00343133529973057,0.0205498858506087,"*"
"512","ColaDeBallena - EsteroZacatecas","PWY-7024","Wilcoxon Rank Sum Test","ColaDeBallena",0.0366874429478183,0.113646734188931,"ns"
"513","ColaDeBallena - EsteroZacatecas","PWY66-301","Wilcoxon Rank Sum Test","ColaDeBallena",0.829031220727544,0.915671778631447,"ns"
"514","ColaDeBallena - EsteroZacatecas","PWY-7290","Wilcoxon Rank Sum Test","ColaDeBallena",0.0366874429478183,0.113646734188931,"ns"
"515","ColaDeBallena - EsteroZacatecas","PWY-5744","Wilcoxon Rank Sum Test","ColaDeBallena",0.0366874429478183,0.113646734188931,"ns"
"516","ColaDeBallena - EsteroZacatecas","PWY-5733","Wilcoxon Rank Sum Test","ColaDeBallena",0.0487879627158855,0.139876127148204,"ns"
"517","ColaDeBallena - EsteroZacatecas","ARGDEG-PWY","Wilcoxon Rank Sum Test","ColaDeBallena",0.328106340687351,0.507218053607246,"ns"
"518","ColaDeBallena - EsteroZacatecas","ORNARGDEG-PWY","Wilcoxon Rank Sum Test","ColaDeBallena",0.328106340687351,0.507218053607246,"ns"
"519","ColaDeBallena - EsteroZacatecas","PWY-5743","Wilcoxon Rank Sum Test","ColaDeBallena",0.0366874429478183,0.113646734188931,"ns"
"520","ColaDeBallena - EsteroZacatecas","PWY-8190","Wilcoxon Rank Sum Test","ColaDeBallena",0.0366874429478183,0.113646734188931,"ns"
"521","ColaDeBallena - EsteroZacatecas","PWY-5067","Wilcoxon Rank Sum Test","ColaDeBallena",0.0235675516960571,0.0892829711717005,"ns"
"522","ColaDeBallena - EsteroZacatecas","PWY-6328","Wilcoxon Rank Sum Test","ColaDeBallena",0.651819911718392,0.789269625028932,"ns"
"523","ColaDeBallena - EsteroZacatecas","PWY-5494","Wilcoxon Rank Sum Test","ColaDeBallena",0.0366874429478183,0.113646734188931,"ns"
"524","ColaDeBallena - EsteroZacatecas","PWY-6148","Wilcoxon Rank Sum Test","ColaDeBallena",0.651819911718392,0.789269625028932,"ns"
"525","ColaDeBallena - EsteroZacatecas","PWY-7409","Wilcoxon Rank Sum Test","ColaDeBallena",0.580669526385976,0.739402371068657,"ns"
"526","ColaDeBallena - EsteroZacatecas","PWY-7420","Wilcoxon Rank Sum Test","ColaDeBallena",0.0160505745410556,0.0692100774210319,"ns"
"527","ColaDeBallena - EsteroZacatecas","PWY-5995","Wilcoxon Rank Sum Test","ColaDeBallena",0.580669526385976,0.739402371068657,"ns"
"528","ColaDeBallena - EsteroZacatecas","PWY-6942","Wilcoxon Rank Sum Test","ColaDeBallena",0.371154895890766,0.541415911325524,"ns"
"529","ColaDeBallena - EsteroZacatecas","PWY-6760","Wilcoxon Rank Sum Test","ColaDeBallena",0.286044781660782,0.478814091040874,"ns"
"530","ColaDeBallena - EsteroZacatecas","PWY-7128","Wilcoxon Rank Sum Test","ColaDeBallena",0.0788056024469581,0.194845044582158,"ns"
"531","ColaDeBallena - EsteroZacatecas","PWY-6030","Wilcoxon Rank Sum Test","ColaDeBallena",0.0366874429478183,0.113646734188931,"ns"
"532","ColaDeBallena - EsteroZacatecas","PWY-6060","Wilcoxon Rank Sum Test","ColaDeBallena",0.0366874429478183,0.113646734188931,"ns"
"533","ColaDeBallena - EsteroZacatecas","PWY-8181","Wilcoxon Rank Sum Test","ColaDeBallena",0.0788056024469581,0.194845044582158,"ns"
"534","ColaDeBallena - EsteroZacatecas","PWY-6993","Wilcoxon Rank Sum Test","ColaDeBallena",0.247786834048584,0.440782519974213,"ns"
"535","ColaDeBallena - EsteroZacatecas","PWY-5466","Wilcoxon Rank Sum Test","ColaDeBallena",0.0366874429478183,0.113646734188931,"ns"
"536","ColaDeBallena - EsteroZacatecas","PWY-5818","Wilcoxon Rank Sum Test","ColaDeBallena",0.359317338329571,0.527716744849152,"ns"
"537","ColaDeBallena - EsteroZacatecas","PWY-5109","Wilcoxon Rank Sum Test","ColaDeBallena",0.0788056024469581,0.194845044582158,"ns"
"538","ColaDeBallena - EsteroZacatecas","PWY-7787","Wilcoxon Rank Sum Test","ColaDeBallena",0.359317338329571,0.527716744849152,"ns"
"539","ColaDeBallena - EsteroZacatecas","PWY-7136","Wilcoxon Rank Sum Test","ColaDeBallena",0.359317338329571,0.527716744849152,"ns"
