"feature","group1","group2","enriched_in","p_values","p_adjust","log2FoldChange","method","description"
"PWY-7674","September","February","February",2.96488812925616e-33,1.59510981353981e-30,-2.13669820180978,"DESeq2","CMP-8-amino-3,8-dideoxy-D-manno-octulosonate biosynthesis"
"PWY-5101","September","February","February",3.45749817428057e-28,9.30067008881473e-26,-2.57729220770701,"DESeq2","L-isoleucine biosynthesis II"
"GLYCOCAT-PWY","September","February","September",3.80871756684317e-23,5.12272512740406e-21,0.913680388768509,"DESeq2","glycogen degradation I"
"PWY-5692","September","February","September",9.63786228946665e-23,8.64194985288843e-21,1.37043182758733,"DESeq2","allantoin degradation to glyoxylate II"
"URDEGR-PWY","September","February","September",9.63786228946665e-23,8.64194985288843e-21,1.37043182758733,"DESeq2","superpathway of allantoin degradation in plants"
"PROTOCATECHUATE-ORTHO-CLEAVAGE-PWY","September","February","September",2.66613738335239e-21,2.04911701749084e-19,0.825076796467035,"DESeq2","protocatechuate degradation II (ortho-cleavage pathway)"
"PWY0-1297","September","February","September",4.80779590274522e-20,2.87399355075214e-18,0.568580779452263,"DESeq2","superpathway of purine deoxyribonucleosides degradation"
"NAGLIPASYN-PWY","September","February","February",4.56976155491628e-19,2.23502883322269e-17,-0.539471169781842,"DESeq2","lipid IVA biosynthesis (E. coli)"
"PWY-8073","September","February","February",4.56976155491628e-19,2.23502883322269e-17,-0.539471169781842,"DESeq2","lipid IVA biosynthesis (P. putida)"
"PWY-6703","September","February","February",1.51755935338545e-18,6.28036101631825e-17,-0.618982427096127,"DESeq2","preQ0 biosynthesis"
"PWY-7237","September","February","September",8.82569480092763e-18,3.39158843064219e-16,0.502997818074799,"DESeq2","myo-, chiro- and scyllo-inositol degradation"
"PWY-7282","September","February","September",2.50487612489682e-17,8.98415570129661e-16,0.888382670846535,"DESeq2","4-amino-2-methyl-5-diphosphomethylpyrimidine biosynthesis II"
"URSIN-PWY","September","February","September",3.27763634250891e-17,1.10210522016862e-15,1.01976850989685,"DESeq2","ureide biosynthesis"
"PWY-1269","September","February","February",5.07992152952342e-17,1.60764575463741e-15,-0.536493938163291,"DESeq2","CMP-3-deoxy-D-manno-octulosonate biosynthesis"
"PWY-5705","September","February","September",1.86734128490374e-16,5.58127561821228e-15,0.88781587006477,"DESeq2","allantoin degradation to glyoxylate III"
"PWY-7295","September","February","September",2.54428586321963e-16,7.20434628637979e-15,1.52718511344842,"DESeq2","L-arabinose degradation IV"
"PWY-6467","September","February","February",3.58265505488995e-16,9.63734209765396e-15,-0.503333097804229,"DESeq2","Kdo transfer to lipid IVA III (Chlamydia)"
"KETOGLUCONMET-PWY","September","February","September",3.87277948785147e-15,9.92169221173377e-14,1.31367819485874,"DESeq2","ketogluconate metabolism"
"MET-SAM-PWY","September","February","September",1.72676524196475e-14,4.0391291312045e-13,0.492107973587706,"DESeq2","superpathway of S-adenosyl-L-methionine biosynthesis"
"PWY-1622","September","February","September",2.37022968017327e-14,5.31326486638842e-13,0.396256635902638,"DESeq2","formaldehyde assimilation I (serine pathway)"
"HOMOSER-METSYN-PWY","September","February","September",4.63329097285835e-14,9.97084217359117e-13,0.676488384299934,"DESeq2","L-methionine biosynthesis I"
"PWY0-781","September","February","September",1.09025573672757e-13,2.25599071676704e-12,0.322637786715992,"DESeq2","aspartate superpathway"
"PYRIDNUCSAL-PWY","September","February","September",1.48931837572087e-13,2.96760476347343e-12,0.265644424638282,"DESeq2","NAD salvage pathway I (PNC VI cycle)"
"METSYN-PWY","September","February","September",2.00455833573308e-13,3.85161565937285e-12,0.534439977498998,"DESeq2","superpathway of L-homoserine and L-methionine biosynthesis"
"PWY-5347","September","February","September",3.22628153753004e-13,5.59915957158439e-12,0.508804511993685,"DESeq2","superpathway of L-methionine biosynthesis (transsulfuration)"
"PWY-7992","September","February","February",3.17570419836541e-13,5.59915957158439e-12,-1.19266089716312,"DESeq2","superpathway of menaquinol-8 biosynthesis III"
"METH-ACETATE-PWY","September","February","February",3.20142617484715e-13,5.59915957158439e-12,-2.3742006304576,"DESeq2","methanogenesis from acetate"
"CODH-PWY","September","February","February",4.38311847868354e-13,7.3691179422867e-12,-2.4222651489829,"DESeq2","reductive acetyl coenzyme A pathway I (homoacetogenic bacteria)"
"PWY3O-4107","September","February","September",4.72317125776102e-13,7.70020041416796e-12,0.376464342942694,"DESeq2","NAD salvage pathway V (PNC V cycle)"
"PWY-7371","September","February","February",5.59901960728088e-13,8.85962514328563e-12,-1.39004386087078,"DESeq2","1,4-dihydroxy-6-naphthoate biosynthesis II"
"PWY-7784","September","February","February",8.06722892121442e-13,1.20560254433704e-11,-2.22595705880199,"DESeq2","reductive acetyl coenzyme A pathway II (autotrophic methanogens)"
"P4-PWY","September","February","September",1.27168267571482e-12,1.84909535009344e-11,0.32992178812233,"DESeq2","superpathway of L-lysine, L-threonine and L-methionine biosynthesis I"
"PWY-7854","September","February","September",1.63768289992207e-12,2.31861421094231e-11,0.551863708322818,"DESeq2","crotonyl-CoA/ethylmalonyl-CoA/hydroxybutyryl-CoA cycle (engineered)"
"PWY-7332","September","February","February",2.0620160945272e-12,2.8445247662965e-11,-2.49917841776331,"DESeq2","superpathway of UDP-N-acetylglucosamine-derived O-antigen building blocks biosynthesis"
"PWY-7873","September","February","September",6.40526753077978e-12,8.01403239897563e-11,0.755736747095407,"DESeq2","D-erythronate degradation II"
"PWY-1861","September","February","February",1.41971019837367e-11,1.73591837892054e-10,-1.75303518601027,"DESeq2","formaldehyde assimilation II (assimilatory RuMP Cycle)"
"PWY0-1241","September","February","February",1.60011826586037e-11,1.90021940230899e-10,-0.767384713663689,"DESeq2","ADP-L-glycero-&beta;-D-manno-heptose biosynthesis"
"DARABCATK12-PWY","September","February","February",1.62472290903743e-11,1.90021940230899e-10,-1.87399758276146,"DESeq2","D-arabinose degradation I"
"RUMP-PWY","September","February","February",2.74571198739949e-11,3.14296393451261e-10,-1.73667376769626,"DESeq2","formaldehyde oxidation I"
"PWY-7900","September","February","September",4.62323885385221e-11,5.18188021535936e-10,1.63273888485117,"DESeq2","glycogen biosynthesis III (from &alpha;-maltose 1-phosphate)"
"PWY-7383","September","February","February",5.54907757639488e-11,6.09266068591927e-10,-0.564267898671997,"DESeq2","anaerobic energy metabolism (invertebrates, cytosol)"
"RHAMCAT-PWY","September","February","February",6.70002537206171e-11,7.2092273003384e-10,-0.857616669257738,"DESeq2","L-rhamnose degradation I"
"PWY0-845","September","February","September",3.04224274458569e-10,3.14755114728288e-09,0.852298430696937,"DESeq2","superpathway of pyridoxal 5'-phosphate biosynthesis and salvage"
"PWY-7374","September","February","February",3.23101859637156e-10,3.27978868839227e-09,-1.17445897342585,"DESeq2","1,4-dihydroxy-6-naphthoate biosynthesis I"
"PWY-5647","September","February","February",3.30595584017204e-10,3.29371155928252e-09,-0.972000529840451,"DESeq2","2-nitrobenzoate degradation I"
"PWY-5654","September","February","February",3.40145091483909e-10,3.32723744033351e-09,-0.96714777500571,"DESeq2","2-amino-3-carboxymuconate semialdehyde degradation to 2-hydroxypentadienoate"
"P101-PWY","September","February","September",4.26891421338967e-10,4.02925587158533e-09,0.787161229915357,"DESeq2","ectoine biosynthesis"
"PWY-6185","September","February","September",4.80407888210447e-10,4.45619730788311e-09,1.38621155973027,"DESeq2","4-methylcatechol degradation (ortho cleavage)"
"PWY-561","September","February","September",5.2980242464611e-10,4.83107973660352e-09,0.578502712097925,"DESeq2","superpathway of glyoxylate cycle and fatty acid degradation"
"PWY-7399","September","February","September",8.94223622098959e-10,8.01820514482067e-09,1.57888029580492,"DESeq2","methylphosphonate degradation II"
"PWY66-391","September","February","September",4.08644358154711e-09,3.51158045979722e-08,0.831422725223321,"DESeq2","fatty acid &beta;-oxidation VI (mammalian peroxisome)"
"PWY-7316","September","February","February",4.13579886501308e-09,3.51158045979722e-08,-1.59473174203176,"DESeq2","dTDP-N-acetylviosamine biosynthesis"
"DHGLUCONATE-PYR-CAT-PWY","September","February","February",4.17734478488889e-09,3.51158045979722e-08,-1.59100879209058,"DESeq2","glucose degradation (oxidative)"
"PWY-6383","September","February","September",4.74565682281813e-09,3.92794364719408e-08,1.69871889176365,"DESeq2","mono-trans, poly-cis decaprenyl phosphate biosynthesis"
"ARGDEG-IV-PWY","September","February","February",4.89342052856872e-09,3.98887915813632e-08,-1.7478236110273,"DESeq2","L-arginine degradation VIII (arginine oxidase pathway)"
"PWY-7376","September","February","September",5.01611937823022e-09,4.02786899326546e-08,0.853582475947118,"DESeq2","cob(II)yrinate a,c-diamide biosynthesis II (late cobalt incorporation)"
"PWY-7874","September","February","September",5.81793480773364e-09,4.53630279211695e-08,0.710130257854822,"DESeq2","L-threonate degradation"
"FUC-RHAMCAT-PWY","September","February","February",8.3157381946223e-09,6.39123878386685e-08,-1.07133710174755,"DESeq2","superpathway of fucose and rhamnose degradation"
"PWY-6803","September","February","February",1.19402926785127e-08,9.0477147338589e-08,-1.07715582633813,"DESeq2","phosphatidylcholine acyl editing"
"PWY-5652","September","February","February",1.23837085768914e-08,9.25338224217719e-08,-1.32775810365105,"DESeq2","2-amino-3-carboxymuconate semialdehyde degradation to glutaryl-CoA"
"P23-PWY","September","February","February",2.02569071368317e-08,1.47273189724533e-07,-0.356047096083086,"DESeq2","reductive TCA cycle I"
"PWY-7644","September","February","February",2.26262170924985e-08,1.62305397276856e-07,-5.29538921524217,"DESeq2","heparin degradation"
"ASPASN-PWY","September","February","February",2.85344790227965e-08,2.01994075187691e-07,-2.0574870877878,"DESeq2","superpathway of L-aspartate and L-asparagine biosynthesis"
"PWY-7328","September","February","September",4.07772445068485e-08,2.83804798857913e-07,0.956115848136637,"DESeq2","superpathway of UDP-glucose-derived O-antigen building blocks biosynthesis"
"P108-PWY","September","February","February",4.11464206522625e-08,2.83804798857913e-07,-1.55918757864855,"DESeq2","pyruvate fermentation to propanoate I"
"DENOVOPURINE2-PWY","September","February","February",4.38685396131705e-08,2.98750307745389e-07,-1.23426631053786,"DESeq2","superpathway of purine nucleotides de novo biosynthesis II"
"PWY-5741","September","February","September",4.61692933637279e-08,3.1048849787107e-07,0.524828690256311,"DESeq2","ethylmalonyl-CoA pathway"
"PWY-6126","September","February","February",5.72130790708014e-08,3.75373616342575e-07,-1.45476979426885,"DESeq2","superpathway of adenosine nucleotides de novo biosynthesis II"
"PWY-5104","September","February","February",5.6797869485823e-08,3.75373616342575e-07,-2.02747709624461,"DESeq2","L-isoleucine biosynthesis IV"
"PWY-7229","September","February","February",5.98522010563416e-08,3.87957640582069e-07,-1.49220682547836,"DESeq2","superpathway of adenosine nucleotides de novo biosynthesis I"
"PWY-6748","September","February","February",7.73676799045807e-08,4.89691903396052e-07,-0.571676773534339,"DESeq2","nitrate reduction VII (denitrification)"
"PWY-6263","September","February","February",8.03913209313088e-08,4.9713253633384e-07,-0.911341491252476,"DESeq2","superpathway of menaquinol-8 biosynthesis II"
"P241-PWY","September","February","February",8.02820343681773e-08,4.9713253633384e-07,-1.78361513219675,"DESeq2","coenzyme B biosynthesis"
"PWY-7858","September","February","September",1.32419180195551e-07,8.09562715286436e-07,0.675071791356129,"DESeq2","(5Z)-dodecenoate biosynthesis II"
"PWY1G-0","September","February","September",1.50778795574481e-07,9.11449348528884e-07,1.35468473833876,"DESeq2","mycothiol biosynthesis"
"PWY-6168","September","February","February",2.22659192721585e-07,1.30207223569796e-06,-0.526495169192009,"DESeq2","flavin biosynthesis III (fungi)"
"P105-PWY","September","February","September",2.91099011879789e-07,1.68399213324007e-06,1.52968700473409,"DESeq2","TCA cycle IV (2-oxoglutarate decarboxylase)"
"PWY-5180","September","February","September",3.56033624214689e-07,1.99527176903649e-06,0.587158697801438,"DESeq2","toluene degradation I (aerobic) (via o-cresol)"
"PWY-8004","September","February","September",4.67622176687731e-07,2.59361578410308e-06,0.274768540895289,"DESeq2","Entner-Doudoroff pathway I"
"GOLPDLCAT-PWY","September","February","September",4.9134219976923e-07,2.69736840281475e-06,1.64457217711056,"DESeq2","superpathway of glycerol degradation to 1,3-propanediol"
"PWY-2941","September","February","February",4.96400468615126e-07,2.69761062742362e-06,-2.51507309821652,"DESeq2","L-lysine biosynthesis II"
"PWY-7913","September","February","February",6.43411297517813e-07,3.42727998083746e-06,-1.4110473670193,"DESeq2","firefly bioluminescence"
"P381-PWY","September","February","February",1.0165854515539e-06,5.20879021843806e-06,-1.60478037761092,"DESeq2","adenosylcobalamin biosynthesis II (aerobic)"
"PWY-6404","September","February","September",1.19603475634039e-06,6.05699878694425e-06,2.53035440456467,"DESeq2","superpathway of mycolyl-arabinogalactan-peptidoglycan complex biosynthesis"
"PWY-6397","September","February","September",1.20464474015434e-06,6.05699878694425e-06,2.68445352200314,"DESeq2","mycolyl-arabinogalactan-peptidoglycan complex biosynthesis"
"P441-PWY","September","February","February",1.33985289794552e-06,6.61321889077695e-06,-1.1231727082227,"DESeq2","superpathway of N-acetylneuraminate degradation"
"PWY-6920","September","February","September",1.88828447406013e-06,9.23542770040319e-06,1.48669432570711,"DESeq2","6-gingerol analog biosynthesis (engineered)"
"PWY-6581","September","February","September",1.92001318846539e-06,9.30600986841783e-06,1.3217436390458,"DESeq2","spirilloxanthin and 2,2'-diketo-spirilloxanthin biosynthesis"
"FUCCAT-PWY","September","February","February",4.21869921760007e-06,1.97361754701638e-05,-1.2837547453733,"DESeq2","fucose degradation"
"DENITRIFICATION-PWY","September","February","February",4.70281504604278e-06,2.16249102117181e-05,-0.602096995326281,"DESeq2","nitrate reduction I (denitrification)"
"P562-PWY","September","February","September",5.45189230670551e-06,2.48569327204031e-05,0.522450929971425,"DESeq2","myo-inositol degradation I"
"PWY-6269","September","February","September",7.27530429799261e-06,3.28917118682355e-05,0.458408672667747,"DESeq2","superpathway of adenosylcobalamin salvage from cobinamide II"
"PWY-6501","September","February","September",7.901198886955e-06,3.54237083431816e-05,0.703808767318068,"DESeq2","D-glucuronate degradation II"
"PWY-7948","September","February","February",1.10840615551939e-05,4.80905251346315e-05,-1.94063329449582,"DESeq2","4-oxopentanoate degradation"
"PWY-6396","September","February","September",1.59137027708494e-05,6.84925767257358e-05,0.417134372689434,"DESeq2","superpathway of 2,3-butanediol biosynthesis"
"PWY-7902","September","February","September",2.27332899748412e-05,9.40808462035734e-05,1.05477605361264,"DESeq2","glucosylglycerol biosynthesis"
"PWY-6895","September","February","February",2.37208757377989e-05,9.74185583735558e-05,-0.884123258857469,"DESeq2","superpathway of thiamine diphosphate biosynthesis II"
"PWY-7090","September","February","February",2.83819536171789e-05,0.000114808203353701,-0.86432466289078,"DESeq2","UDP-2,3-diacetamido-2,3-dideoxy-&alpha;-D-mannuronate biosynthesis"
"PWY-5519","September","February","February",3.07633174684959e-05,0.000122597517022599,-1.31737126134037,"DESeq2","D-arabinose degradation III"
"ANAEROFRUCAT-PWY","September","February","September",3.54556763958731e-05,0.000139234700007151,0.328823932870997,"DESeq2","homolactic fermentation"
"LACTOSECAT-PWY","September","February","February",3.89666866042305e-05,0.000149743409950543,-2.94504347752812,"DESeq2","lactose and galactose degradation I"
"PWY-6421","September","February","September",4.01295869695149e-05,0.000153118565883681,2.00241941445478,"DESeq2","arsenate detoxification IV (mycothiol)"
"PWY66-374","September","February","February",4.63914254581808e-05,0.000175764696454234,-3.42275255976384,"DESeq2","C20 prostanoid biosynthesis"
"PWY-1501","September","February","February",4.96774679107005e-05,0.000185600539833034,-1.07025775567265,"DESeq2","mandelate degradation I"
"GALACTITOLCAT-PWY","September","February","February",5.2917095947434e-05,0.000194995874107668,-2.60722738927617,"DESeq2","galactitol degradation"
"PWY-5517","September","February","September",5.48258991161683e-05,0.000199299552192558,1.07721450995036,"DESeq2","L-arabinose degradation III"
"PWY-7356","September","February","September",6.1912984886146e-05,0.000222061239124977,0.714064539158039,"DESeq2","thiamine diphosphate salvage IV (yeast)"
"HEXITOLDEGSUPER-PWY","September","February","February",6.53682814284452e-05,0.000232242878179469,-2.51889759723538,"DESeq2","superpathway of hexitol degradation (bacteria)"
"PWY-5656","September","February","February",6.56150882588835e-05,0.000232242878179469,-1.69119299352575,"DESeq2","mannosylglycerate biosynthesis I"
"PWY-6160","September","February","February",7.78054462647669e-05,0.000271813831756134,-5.24861193703489,"DESeq2","3-dehydroquinate biosynthesis II (archaea)"
"HCAMHPDEG-PWY","September","February","September",0.000101447268542708,0.000347634589018962,1.58770047587191,"DESeq2","3-phenylpropanoate and 3-(3-hydroxyphenyl)propanoate degradation to 2-hydroxypentadienoate"
"PWY-6690","September","February","September",0.000101447268542708,0.000347634589018962,1.58770047587191,"DESeq2","cinnamate and 3-hydroxycinnamate degradation to 2-hydroxypentadienoate"
"PWY-5022","September","February","September",0.000113185293799775,0.00038297917021559,0.404998413124169,"DESeq2","4-aminobutanoate degradation V"
"PWY4FS-5","September","February","February",0.000129362322317085,0.000429610675349333,-3.37756763827538,"DESeq2","superpathway of phosphatidylcholine biosynthesis"
"PWY490-3","September","February","September",0.000131214911095745,0.000433089706561415,0.533445011632732,"DESeq2","nitrate reduction VI (assimilatory)"
"PWY-6075","September","February","February",0.000142952156920353,0.000463302773633434,-1.43791939978016,"DESeq2","ergosterol biosynthesis I"
"PWY-6165","September","February","February",0.00014264162831663,0.000463302773633434,-5.28448977684124,"DESeq2","chorismate biosynthesis II (archaea)"
"NAD-BIOSYNTHESIS-II","September","February","February",0.00017430162482974,0.000561522599750897,-2.02697206458622,"DESeq2","NAD salvage pathway III (to nicotinamide riboside)"
"COBALSYN-PWY","September","February","September",0.000212011464987853,0.000670999837620582,0.385107089802582,"DESeq2","superpathway of adenosylcobalamin salvage from cobinamide I"
"P185-PWY","September","February","September",0.000234561664559634,0.000721109574474761,0.634331839690809,"DESeq2","formaldehyde assimilation III (dihydroxyacetone cycle)"
"PWY0-301","September","February","February",0.00028175873311585,0.000860730840287854,-1.01430528863632,"DESeq2","L-ascorbate degradation I (bacterial, anaerobic)"
"PWY-6344","September","February","February",0.000287367662447453,0.000868560687622076,-3.00630853147817,"DESeq2","L-arginine degradation XIV (oxidative Stickland reaction)"
"PWY0-1338","September","February","February",0.000383183321333093,0.00113270674108354,-1.43494261385625,"DESeq2","polymyxin resistance"
"GLYCOL-GLYOXDEG-PWY","September","February","February",0.000449489728827893,0.00130716472491571,-1.43622293908236,"DESeq2","superpathway of glycol metabolism and degradation"
"PWY0-1277","September","February","September",0.000539792656707617,0.00151254400681614,1.17482565050283,"DESeq2","3-phenylpropanoate and 3-(3-hydroxyphenyl)propanoate degradation"
"PWY-5430","September","February","September",0.000552906647109721,0.00154126308883435,0.658763261852583,"DESeq2","meta cleavage pathway of aromatic compounds"
"PWY-5367","September","February","September",0.000886210244241396,0.00236030253169243,0.589170349380206,"DESeq2","petroselinate biosynthesis"
"PWY-7855","September","February","September",0.000952102327272787,0.00251093652976843,0.533688910606196,"DESeq2","ectoine degradation"
"METHGLYUT-PWY","September","February","February",0.0010889111362069,0.002835952269358,-1.35463507007665,"DESeq2","superpathway of methylglyoxal degradation"
"PWY66-388","September","February","February",0.00139750204578545,0.00356329905513067,-0.986254012268419,"DESeq2","ceramide degradation by &alpha;-oxidation"
"PWY-5677","September","February","February",0.00148326226871769,0.00372894906808465,-2.99991725332026,"DESeq2","succinate fermentation to butanoate"
"PWY-5328","September","February","February",0.00150563628778095,0.00376759219919139,-1.36526343443362,"DESeq2","superpathway of L-methionine salvage and degradation"
"PWY-7456","September","February","September",0.00187708794875463,0.00465379408493083,0.463219459660013,"DESeq2","&beta;-(1,4)-mannan degradation"
"PWY-6350","September","February","September",0.00198493041714547,0.00487622175536194,1.02459926716873,"DESeq2","archaetidylinositol biosynthesis"
"GALLATE-DEGRADATION-I-PWY","September","February","September",0.00205104603860934,0.00490427897231922,0.503314174247133,"DESeq2","gallate degradation II"
"GALLATE-DEGRADATION-II-PWY","September","February","September",0.00205104603860934,0.00490427897231922,0.503314174247133,"DESeq2","gallate degradation I"
"14DICHLORBENZDEG-PWY","September","February","February",0.00338248701870739,0.00767838825343702,-1.23706133216431,"DESeq2","1,4-dichlorobenzene degradation"
"PWY-6084","September","February","February",0.00338248701870739,0.00767838825343702,-1.23706133216431,"DESeq2","3,5-dichlorocatechol degradation"
"METHANOGENESIS-PWY","September","February","February",0.00412133498836426,0.00905011519893866,-1.63886532560277,"DESeq2","methanogenesis from H2 and CO2"
"PWY-6093","September","February","February",0.00446848171554776,0.00969372243130925,-1.12242632743483,"DESeq2","4,5-dichlorocatechol degradation"
"PWY-6486","September","February","September",0.00459358140752942,0.0098853871890033,0.641070667465903,"DESeq2","D-galacturonate degradation II"
"TOLUENE-DEG-3-OH-PWY","September","February","February",0.00550473281903835,0.0115685400650103,-1.18976852658712,"DESeq2","toluene degradation to 2-hydroxypentadienoate (via 4-methylcatechol)"
"PWY-5182","September","February","February",0.0055621721960372,0.0116437690329495,-1.10701290491492,"DESeq2","toluene degradation II (aerobic) (via 4-methylcatechol)"
"P163-PWY","September","February","September",0.00563863682814569,0.0117569153515893,1.22078316741594,"DESeq2","L-lysine fermentation to acetate and butanoate"
"PWY-4321","September","February","February",0.00594543187917554,0.0123024705807555,-0.994900659039031,"DESeq2","L-glutamate degradation IV"
"PWY-7209","September","February","February",0.00848144974620949,0.0168377120422904,-1.75694764252261,"DESeq2","superpathway of pyrimidine ribonucleosides degradation"
"PWY-5181","September","February","February",0.0120350506959526,0.0228793543265813,-1.0283139867882,"DESeq2","toluene degradation III (aerobic) (via p-cresol)"
"PWY-5488","September","February","February",0.0123184321975136,0.0232537421833766,-1.83741974393904,"DESeq2","4-nitrophenol degradation II"
"P341-PWY","September","February","February",0.0167430277298822,0.0306386017642062,-1.90068575854663,"DESeq2","glycolysis V (Pyrococcus)"
