"","DCA1","DCA2","dist"
"Thiomicrospira",0.794274910917769,0.974411959830241,1.58035130157364
"Georgenia",0.79427491033355,0.974411960026447,1.58035130102795
"Flavisolibacter",0.79427491033355,0.974411960026447,1.58035130102795
"Mycoplasma",0.794274909749331,0.974411960222654,1.58035130048226
"Breznakibacter",0.794274909749331,0.974411960222654,1.58035130048226
"Stenotrophobacter",0.794274909165112,0.974411960418861,1.58035129993657
"Negativibacillus",0.794274909165112,0.974411960418861,1.58035129993657
"Ornatilinea",0.794274909165112,0.974411960418861,1.58035129993657
"SBYC",0.794274909165112,0.974411960418861,1.58035129993657
"Fibrobacter",0.794274908580894,0.974411960615066,1.58035129939088
"Terasakiispira",0.794274907996674,0.974411960811273,1.5803512988452
"Desulfogranum",0.794274907996674,0.974411960811273,1.5803512988452
"Tetragenococcus",0.794274907412456,0.97441196100748,1.58035129829951
"Cellulosilyticum",0.794274907412456,0.97441196100748,1.58035129829951
"Tautonia",0.794274907412456,0.97441196100748,1.58035129829951
"Rhodocista",0.794274907412456,0.97441196100748,1.58035129829951
"Candidatus_Alysiosphaera",0.794274907412456,0.97441196100748,1.58035129829951
"Pelobacter",0.775690912601448,0.949692397242017,1.50361204127176
"Pseudothioclava",1.10848622909338,0.425624913170218,1.40989828680082
"Aureimonas",1.10848622702826,0.425624913487872,1.40989828249291
"Thalassobius",1.10848622427477,0.42562491391141,1.40989827674903
"Gilvimarinus",1.10848622289803,0.42562491412318,1.4098982738771
"Solirubrobacter",1.10848621876779,0.425624914758487,1.40989826526128
"Dichotomicrobium",1.10848621876779,0.425624914758487,1.40989826526128
"Methanothrix",1.10848621739104,0.425624914970256,1.40989826238934
"Kriegella",1.10848621739104,0.425624914970256,1.40989826238934
"Neochlamydia",1.10848621739104,0.425624914970256,1.40989826238934
"Phaselicystis",0.774322935836149,0.897928973109078,1.40585244971064
"Huakuichenia",0.951380567440039,0.700018436735343,1.39515079587192
"Candidatus_Thiosymbion",1.08408159363921,0.468249128606518,1.39449014810809
"endosymbionts",0.862538420199324,0.801848252223963,1.38693314591457
"Prosthecochloris",0.872009915760038,0.788736950150411,1.3825072697164
"Jiulongibacter",1.00374911837626,0.608553929369242,1.37785017759186
"Maritimimonas",1.05379953864224,0.512441461141332,1.37308971873927
"Thiophaeococcus",1.05081823964529,0.480139119586403,1.33475254692843
"Fusicatenibacter",0.729574985908748,0.888351285810246,1.32144766706447
"Acholeplasma",0.827258111837037,0.770980123990689,1.27876633518888
"Desulfatiferula",0.816833594408219,0.7683550132456,1.2575865473335
"Chlorobaculum",0.944061190920919,0.584203737966278,1.2325455396568
"Lutimaribacter",0.920311811598963,0.604984761457938,1.21298039216488
"Defluviimonas",0.946223161244646,0.541741751303591,1.18882239598129
"Ulvibacterium",0.736910777716439,-0.800007675736505,1.18304977555197
"Aquisalinus",0.736910771780088,-0.800007673937777,1.18304976392486
"Thiolinea",0.736910771780088,-0.800007673937777,1.18304976392486
"Moraxella",0.736910771780088,-0.800007673937777,1.18304976392486
"Congregibacter",0.736910771285392,-0.800007673787883,1.18304976295593
"Ornithobacterium",0.736910770790696,-0.800007673637989,1.183049761987
"Aureisphaera",0.736910770296,-0.800007673488095,1.18304976101808
"Lentisphaera",0.736910769801304,-0.800007673338201,1.18304976004915
"Arboricoccus",0.736910769306609,-0.800007673188307,1.18304975908023
"Achromatium",0.736910769306609,-0.800007673188307,1.18304975908023
"Planctobacterium",0.736910769306609,-0.800007673188307,1.18304975908023
"Pseudobowmanella",0.736910769306609,-0.800007673188307,1.18304975908023
"Marinagarivorans",0.736910769306609,-0.800007673188307,1.18304975908023
"Parerythrobacter",0.736910768811913,-0.800007673038413,1.1830497581113
"Thermotomaculum",0.762205274308094,0.750491563405256,1.14419446692554
"Faecalibacterium",0.677815045495553,0.819502746786337,1.13101798789049
"Oceanidesulfovibrio",0.6778150428517,0.819502747395547,1.1310179853049
"Pontibacter",0.949180707441488,0.46812860136417,1.1200884027943
"Macellibacteroides",0.672962552082853,0.813048196029881,1.11392596557331
"Desulfomicrobium",0.662348338919406,0.820327078162565,1.11164183723603
"Desulfobulbus",0.722577788162535,0.755103476675541,1.09229992043335
"Alkalibacter",0.765254715829894,0.706502114620783,1.08476001806353
"Desulfosudis",0.781403101575914,0.676288441378481,1.06795686309459
"Desulfonema",0.646255761931958,0.805641627012567,1.06670494100571
"Salinivibrio",0.697705329740198,-0.756611197082634,1.0592532306987
"Hwangdonia",0.95129315755378,0.387571612878126,1.05517042671759
"Lutimonas",0.906699236399445,0.479462918039613,1.0519881950624
"Hoeflea",0.866587575972277,-0.537994944466122,1.04041258710061
"Ulvibacter",0.866587575672576,-0.537994944751368,1.0404125868881
"Aliidiomarina",0.866587575672576,-0.537994944751368,1.0404125868881
"Ruminiclostridium",0.648700076642201,0.780775444085519,1.03042208352254
"Clostridium",0.785787149505939,0.640876764711064,1.02818447187519
"Izimaplasma",0.669449347270047,0.760249459024303,1.02614166850704
"Tamlana",0.870861112047731,0.509231876852806,1.01771618088004
"Polaribacter",0.639268066033923,-0.774091322311697,1.00788103552902
"Thauera",0.713199873988363,0.705447311124644,1.00630996903001
"Confluentibacter",0.59891132134635,-0.803174498729982,1.00378404624699
"Hyunsoonleella",0.583023235161041,-0.813631249158111,1.00191190234424
"Dokdonia",0.651596377301747,-0.758147109059371,0.999364877887843
"Desulfuromonas",0.60763739109952,0.783256624369353,0.982714138680704
"Kangiella",0.838044304414059,0.528539988983176,0.98167277611518
"Desulfobacter",0.699196913209231,0.701430802355744,0.980881493934741
"Ercella",0.649587073134625,0.744773131569314,0.976650383091172
"Aurantivirga",0.96334703273084,-0.212864278827911,0.973348706672241
"Desulfofustis",0.771305456065058,0.614880744460392,0.972990436463892
"Sulfurovum",0.753725614883601,0.625474891607353,0.959321142562892
"Pontivivens",0.652401137482551,-0.729197851410109,0.957356750689646
"Acidiferrimicrobium",0.75137688818062,0.622570530861524,0.952161293989192
"Sphingobium",0.813868569354549,0.531288352944669,0.94464936215788
"Candidatus_Electrothrix",0.693703274106511,0.679415111027664,0.942829125598826
"Dorea",0.619585111908117,0.742048140558695,0.934521153804811
"Gemmiger",0.619585111908117,0.742048140558695,0.934521153804811
"Anaerofustis",0.619585109402884,0.742048140981992,0.934521151328614
"Roseibacterium",0.588692884445958,-0.754948418779584,0.916506427215095
"Jejudonia",0.65422331586854,-0.697864295241283,0.91502272159864
"Ruminococcus",0.612306373195173,0.732366314300171,0.911279512977043
"Sulfurimonas",0.678544828531918,0.670366458670344,0.909814273237628
"Persicirhabdus",0.681141029314093,-0.666707379980846,0.908451832335986
"Sphingomonas",0.798044711650994,0.508452612002747,0.895399420446534
"Desulfatirhabdium",0.607107270976946,0.725450724631719,0.894857992341761
"Pricia",0.546014393684274,-0.770249606915973,0.891416175064617
"Microvirga",0.80669179277605,0.487508592022486,0.888416275827984
"Chromatocurvus",0.451119595128347,-0.825308604867429,0.884643182376985
"Spongiispira",0.451119595128347,-0.825308604867429,0.884643182376985
"Oceanicola",0.451119595853756,-0.825308604415346,0.884643182285262
"Gangjinia",0.451119600931624,-0.825308601250761,0.884643181643196
"Marinicaulis",0.721402450882585,-0.600039382823652,0.880468757078789
"Bifidobacterium",0.600175136504664,0.716229938121489,0.873195518739903
"Seonamhaeicola",0.836541064189313,0.416062955441857,0.872909334966002
"Thomasclavelia",0.693193827250121,0.625000091344167,0.871142796317887
"Robiginitomaculum",0.624133721783647,-0.69394001344886,0.871095644932911
"Aestuariibacter",0.761379339011916,-0.52862403065714,0.859141863662423
"Desulforhopalus",0.587089374350841,0.715379468389264,0.856441717268569
"Euzebyella",0.676189784258485,0.623882578175476,0.846462095686416
"Lishizhenia",0.78630847937564,-0.439386592930779,0.811341602785349
"Bernardetia",0.516825326861732,-0.736695814393221,0.809829141430227
"Fuerstia",0.84655646581409,0.301560860918377,0.807596802649476
"Aliikangiella",0.779293162373549,0.446947397612119,0.807059809154412
"Ammoniphilus",0.778804164933191,0.444092758589232,0.803754305548678
"Hyphomonas",0.565174733356164,-0.690757926059555,0.796568991638308
"Pelolinea",0.755304907987945,0.471288868654987,0.792598701748776
"Pseudodesulfovibrio",0.571722374872114,0.679058195153887,0.787986506335065
"Maribacter",0.805608565072923,0.365122006449669,0.782319239712686
"Tranquillimonas",0.458014782517512,-0.753924099548397,0.778179088884425
"Glaciecola",0.464859403325373,-0.748674355148982,0.776607554917766
"Sediminispirochaeta",0.615357988246032,0.62903470483101,0.774350113580039
"Neptunicella",0.733620155374211,-0.483287154408264,0.771765005987318
"Paramesonia",-0.857324224327411,0.187522753323415,0.770169608632591
"Thioalkalispira",-0.857324223529927,0.187522753518701,0.770169607338428
"Salinicola",-0.8573242232641,0.187522753583796,0.770169606907041
"Bermanella",0.654269807916538,-0.584701678403844,0.769945034279415
"Levilinea",0.550794873638753,0.679633775223941,0.765277061251876
"Algimonas",0.529866115040867,-0.6955081858491,0.764489736451608
"Marixanthomonas",0.672092738671391,0.559212761559022,0.764427562065279
"Gemmata",0.685999483323657,-0.532511222608359,0.754163493324174
"Aquibacter",0.67380434829516,-0.543115053639676,0.748986261271494
"Sediminimonas",0.607309022854429,-0.6138011008423,0.745576040635621
"Streptococcus",0.560045858583712,0.655845219981823,0.743784316289774
"Altibacter",0.547524917905165,-0.661531586848127,0.737407576124859
"Algibacter",-0.849957917746782,-0.116938091316501,0.736102979141193
"Kiloniella",-0.849957917746782,-0.116938091316501,0.736102979141193
"Natronotalea",-0.849957917746782,-0.116938091316501,0.736102979141193
"Tsuneonella",-0.849957917002406,-0.116938090853816,0.736102977767604
"Luminiphilus",-0.849957917002406,-0.116938090853816,0.736102977767604
"Candidatus_Latescibacter",0.678760053809479,0.51156128182994,0.722410155714938
"Desulfocarbo",0.566423740358404,0.632389985262242,0.720752947101583
"Allohahella",0.67271156857472,-0.512420988935033,0.715116124395417
"Patulibacter",-0.793516883912318,-0.290999100076519,0.714349521299259
"Gandjariella",-0.803312689239799,0.260603553187182,0.713225488627462
"Hugenholtzia",-0.803312688982659,0.260603553248871,0.713225488246488
"Candidatus_Maribeggiatoa",-0.80331268846838,0.260603553372248,0.713225487484538
"Gloeocapsa",0.534899195240421,-0.652299847708497,0.711612240389378
"Yoonia",0.534899191161305,-0.652299847409776,0.711612235635835
"Octadecabacter",0.534899190345482,-0.652299847350031,0.711612234685126
"Psychroflexus",0.534899188305924,-0.652299847200671,0.711612232308355
"Pseudoruegeria",0.534899188305924,-0.652299847200671,0.711612232308355
"Anaerophaga",0.534899187898013,-0.652299847170798,0.711612231833001
"Rubinisphaera",0.576377590952644,-0.614433842235135,0.709740073836205
"Roseimaritima",0.454021374846367,-0.707596255163134,0.706827869138277
"Mesoflavibacter",0.514307613461964,-0.657813594538481,0.697231046424577
"Rubidimonas",0.423917880997375,-0.716735731474633,0.693416478601782
"Algicola",0.568743633828031,-0.607639282658319,0.692694818849431
"Meinhardsimonia",-0.799544598912454,0.22562676053542,0.690179000719785
"UCYN-C",0.548509411167213,-0.623919197559861,0.690137739222743
"Cryomorpha",0.48343027067662,-0.675587395199226,0.690123155158545
"Rhodovulum",0.757625273761946,0.337355452115986,0.687804756515244
"Hanstruepera",0.705984819439231,0.433720650849555,0.686528168252005
"Vannielia",0.648511964318315,0.512830041061853,0.683562418879501
"Leeuwenhoekiella",0.581575731531618,0.586730543325083,0.682483061977083
"Romboutsia",0.593573481782771,0.565088081042832,0.671654017612392
"Alteromonas",0.628635903493599,-0.522604905946646,0.668298986880716
"Limnobacter",0.25212953706671,-0.77315700223592,0.661341053567907
"Aurantiacicella",0.252129537459731,-0.773157001992071,0.661341053389026
"Bacterioplanes",0.252129537459731,-0.773157001992071,0.661341053389026
"Dinoroseobacter",0.252129537852754,-0.773157001748223,0.661341053210145
"Neptuniibacter",0.252129537852754,-0.773157001748223,0.661341053210145
"Candidatus_Chlorothrix",0.252129538638798,-0.773157001260526,0.661341052852382
"Rubribacterium",0.252129538638798,-0.773157001260526,0.661341052852382
"Aestuariicoccus",0.252129539031821,-0.773157001016677,0.661341052673501
"Arenicella",0.585965880234813,-0.557799061346589,0.654495805638495
"Candidatus_Uzinura",-0.787200545755893,0.182355865123602,0.652938360783354
"Halofilum",-0.806414232466392,-0.00307852474554663,0.650313391638969
"Seongchinamella",0.656065337940383,0.467079471869604,0.648584960688818
"Wenzhouxiangella",0.448844755716,-0.664684087164443,0.643266550463385
"Bradymonas",0.674456677110689,-0.406054121809729,0.619771759137862
"Psychromonas",0.67445667656145,-0.406054122551165,0.619771758999113
"Draconibacterium",0.555452292793804,0.55669241770893,0.618433697504507
"Muricauda",0.516487938007204,-0.585728422099673,0.609837574562306
"Tenacibaculum",0.749679107202271,0.214915280270466,0.608207341469326
"Psychrosphaera",0.382465524239515,-0.679144245817274,0.60751678385852
"Desulfosarcina",0.595775593668766,0.502184840270927,0.607138171809307
"Ferruginivarius",-0.774229769309241,0.0849576884726416,0.606649544515255
"Psychroserpens",0.659893715327711,-0.40386445326285,0.598566212138311
"Qinpengyuania",0.503125252308416,0.587138927928402,0.59786714019932
"Acinetobacter",0.503125249189228,0.587138928000465,0.597867137145257
"Jiella",0.503125245624441,0.587138928082822,0.597867133654899
"Pseudorhizobium",0.503125243842048,0.587138928124,0.59786713190972
"Azohydromonas",0.503125242950851,0.58713892814459,0.597867131037131
"Methyloligella",0.503125242505253,0.587138928154884,0.597867130600836
"Trichloromonas",0.503125242505253,0.587138928154884,0.597867130600836
"Dethiosulfatarculus",0.503125242059655,0.587138928165179,0.597867130164541
"Gordonia",0.503125241614057,0.587138928175474,0.597867129728247
"Collinsella",0.503125241614057,0.587138928175474,0.597867129728247
"Lysinibacillus",0.503125241614057,0.587138928175474,0.597867129728247
"Desulfovibrio",0.503125241614057,0.587138928175474,0.597867129728247
"Aliicoccus",0.503125241168458,0.587138928185769,0.597867129291952
"Fretibacter",0.503125241168458,0.587138928185769,0.597867129291952
"Mangroviflexus",0.50312524072286,0.587138928196063,0.597867128855657
"Cetobacterium",0.50312524072286,0.587138928196063,0.597867128855657
"Candidatus_Kuenenia",0.50312524072286,0.587138928196063,0.597867128855657
"Roseibium",0.654201349190804,0.407613942609673,0.59412853149287
"Candidatus_Megaira",0.756032150968112,0.127223876629387,0.587770528082079
"Bacillus",-0.762450114473304,0.0747393202556271,0.586916143052628
"Oceaniglobus",-0.741857339259585,0.189149003230633,0.586129657236452
"Sporichthya",-0.763341991636602,0.00158176805849018,0.582693498185924
"Waddlia",0.570527454107652,-0.506590336590567,0.582135345017502
"Thiohalocapsa",0.315790745975396,-0.693649055441783,0.580872807358975
"Phaeocystidibacter",0.726611968944695,-0.229742867041715,0.580746738370234
"Thiomicrorhabdus",0.569690895854365,0.498341161125387,0.572891629691148
"Mesohalobacter",0.521560013107421,-0.547166775021607,0.571416326960159
"Hypnocyclicus",-0.733841436313431,0.177784036744555,0.570130417371749
"Candidatus_Marithioploca",-0.733841435399019,0.177784035670472,0.570130415647772
"Aliifodinibius",-0.733841434941812,0.177784035133431,0.570130414785783
"Prolixibacter",-0.733841432198574,0.177784031911184,0.570130409613851
"Steroidobacter",-0.733841431741368,0.177784031374143,0.570130408751863
"Aureicoccus",-0.733841430826955,0.17778403030006,0.570130407027886
"Amphiplicatus",-0.733841430826955,0.17778403030006,0.570130407027886
"Salegentibacter",-0.733841425340479,0.177784023855566,0.570130396684022
"Mangrovicella",-0.710269494389155,0.252057625891611,0.568015801429941
"Leptonema",-0.710269494389155,0.252057625891611,0.568015801429941
"Maridesulfovibrio",-0.710269494389155,0.252057625891611,0.568015801429941
"Halogranum",-0.710269494048775,0.252057625836124,0.568015800918446
"Nisaea",-0.710269494048775,0.252057625836124,0.568015800918446
"Emcibacter",-0.710269493708395,0.252057625780637,0.568015800406951
"Thiospirochaeta",-0.710269493708395,0.252057625780637,0.568015800406951
"Croceicoccus",0.490938224941833,0.565287273177065,0.560570041925
"Halomarina",-0.705456054957792,0.245512011934475,0.557944393480726
"Nonlabens",0.488571235939461,-0.561694687796229,0.554202774885916
"Amaricoccus",0.672741001618604,0.316763091566452,0.552919311437539
"Roseivirga",0.525307094445482,-0.52471367020415,0.551271979173864
"Endomicrobium",0.552516936774076,-0.491059947345638,0.546414837309308
"Cnuella",0.474891701711584,0.562759419742032,0.542220292862913
"Algisphaera",0.409150899989935,-0.608635138828451,0.537841191179302
"Salinimicrobium",-0.702011774073516,0.211904844643581,0.537724194121266
"Saccharicrinis",0.461900348866308,0.569426159605927,0.537598083526371
"Luteolibacter",0.508909735025869,-0.526188584294663,0.535863544646121
"Coraliitalea",0.617341356381404,0.38987038112206,0.533109264375092
"Pseudooceanicola",0.710818007403948,0.166707877406857,0.533053756039219
"Altericroceibacterium",0.537125686890104,0.493473455424136,0.532020054725403
"Pseudaestuariivita",-0.639236601402119,-0.35025495335951,0.531301964925004
"Snuella",-0.639236601077187,-0.350254953378664,0.531301964523005
"Cyanothece",-0.639236600752256,-0.350254953397818,0.531301964121007
"Aminobacter",-0.639236595228418,-0.350254953723442,0.531301957287031
"Candidatus_Berkiella",0.563049749603614,-0.462778641347891,0.531189091416492
"Thalassotalea",0.677874980425169,0.267182463912212,0.530900958108624
"Alcanivorax",0.378238006762705,0.619001202059303,0.526226477910687
"Pirellula",0.510394448108824,-0.511469593465434,0.522103637700007
"Gimesia",0.564116171701783,0.447697304760739,0.518659931865506
"Candidatus_Omnitrophus",0.540241900596445,0.472832944977551,0.515432305016204
"Clade_Ia",-0.692278276037849,0.171989828624671,0.508829712624279
"Aquimarina",0.40130005108278,-0.589664617556921,0.508746092197592
"Malonomonas",0.567886375824269,0.425830862766576,0.50382685953135
"Aggregatilinea",0.559894904459685,0.436156498093794,0.503714794869362
"Qipengyuania",0.448996130171316,-0.548453816185709,0.502399113397485
"Rubripirellula",0.502326300817571,-0.498993104773237,0.501325831104299
"Hirschia",0.515708676758592,0.474062878939994,0.490691052472973
"Pseudomonas",0.372597985474432,0.591125330643423,0.488258415307901
"Zeaxanthinibacter",0.531408108772718,-0.451411336093672,0.486166772423271
"Bremerella",0.611219398913853,0.330877587289696,0.483069131379262
"Candidatus_Nitrosopumilus",0.519338221904127,0.46134131379777,0.482547996547192
"Culicoidibacter",0.429500091700421,0.544864194862883,0.481347319614249
"Neobacillus",0.433554824294876,0.533030759868537,0.472091576635391
"Salinirepens",0.493359571239984,0.477704022024237,0.471604799192233
"Nannocystis",0.419083516922893,0.541053010433117,0.468369354255199
"Arhodomonas",-0.628083865901189,0.269013462616532,0.466857585674319
"Pustulibacterium",-0.6224376368405,0.27747592051505,0.46442149822126
"Celerinatantimonas",-0.622437636300874,0.277475920686731,0.464421497644769
"Desulfurivibrio",-0.622437635761249,0.277475920858413,0.464421497068277
"Litchfieldia",-0.622437632793309,0.277475921802661,0.464421493897575
"Chachezhania",-0.62243763090462,0.277475922403546,0.464421491879854
"Rhodopirellula",0.55589661151076,-0.386627375944224,0.458501770518661
"Aquamicrobium",0.412575873950273,0.536493925661597,0.458044584037623
"Halochromatium",0.403901340286298,-0.541325799356654,0.456169913734188
"Halodurantibacterium",0.376072688898187,-0.55417735755753,0.448543210964559
"Algoriphagus",0.667519586013982,-0.00597751413770206,0.445618128387544
"Mariprofundus",0.463639243415466,0.478848994053042,0.444257707140476
"Rubritalea",0.509723973221754,0.426475165906694,0.441699596012114
"Roseibacillus",0.583331046099926,-0.316410630735064,0.440390796586196
"Hyphococcus",0.541887282044581,0.382281704966695,0.439781128393906
"Desulfatiglans",0.459129063558493,0.474782151572552,0.436217588455961
"Ascidiimonas",0.497375362986903,-0.433444844816459,0.435256685204318
"Larsenimonas",-0.643952036272744,0.136034103438927,0.433179502318247
"Porticoccus",0.488062163922569,0.439780156517095,0.431611261918981
"Candidatus_Fritschea",0.517772312324149,0.400854829427852,0.428772761685128
"Demequina",0.305277104609721,0.576716951084698,0.425796552267324
"Aminicenans",0.529508251927742,0.380859521405336,0.425432963904675
"Lentimonas",0.527799248436669,-0.380371297980174,0.423254370977435
"Marinicella",0.562573852278095,0.325637345881968,0.422529020300068
"Limnothrix",0.392898077887824,-0.513365170907819,0.41791269830916
"Ectobacillus",0.396019469685115,0.510380308694425,0.417319479872696
"Geminobacterium",0.457494739771985,-0.454709904665136,0.416062534319613
"Gramella",0.519075715695326,-0.379389029641355,0.413375634436823
"Rubrobacter",-0.62197223917471,-0.16177566794929,0.413020833044441
"Brumimicrobium",0.436433349955074,-0.471566430015639,0.412848966870702
"Flavobacterium",0.395585977448666,0.505300324093917,0.411816683083435
"Salinisphaera",-0.60991475595797,0.192777455619351,0.409159156930341
"Candidatus_Tenderia",0.580035392731236,0.267437614934787,0.407963934702887
"Spirochaeta",0.488092157177226,0.406845112728268,0.403756899648795
"Sungkyunkwania",0.609278099766896,-0.175678797594174,0.402082842779694
"Nocardioides",-0.556560446495262,0.295866130057012,0.397296297517918
"Marinomonas",0.497544036046796,-0.384354169216144,0.395278195199568
"Bythopirellula",0.522943806060991,0.345026019542787,0.392513178459095
"Cohaesibacter",0.300625739469651,-0.549660474049023,0.392502471963471
"Marinirhabdus",0.45757775120924,-0.427812778489543,0.392401171840648
"Roseobacter",0.575904247248517,-0.2382817442805,0.388443891656238
"Luteivirga",0.356652246141576,-0.508917103343274,0.38619744275314
"Mariniblastus",0.514837790133196,-0.346802182744726,0.385329704105739
"Hoppeia",0.528870319662319,0.319983956828356,0.382093547647254
"Ignavibacterium",0.441916444384976,0.430621758795248,0.380725242965772
"Bryobacter",0.27893365341145,0.550355367394001,0.380695013424844
"Palleronia-Pseudomaribius",-0.612026000949253,0.0657830183152318,0.378903231336597
"Thermomarinilinea",0.348625767843203,0.505492174391492,0.377062264375301
"Prevotella",0.414023779073945,0.453074683323138,0.376692358307033
"Aestuariivita",0.414023777951733,0.453074683557446,0.376692357590106
"Desulfomonile",0.414023777390628,0.453074683674599,0.376692357231642
"Methanococcoides",0.414023776829522,0.453074683791753,0.376692356873179
"Litoribrevibacter",0.414023776268416,0.453074683908906,0.376692356514715
"Aquicella",0.435549429961621,0.428470386985401,0.373290178463312
"Planctomicrobium",0.472585147817097,0.38690566634694,0.373032716588677
"Aestuariicella",0.369865027604197,0.484972105447749,0.371998081707076
"Thermoflexus",0.485642263243298,-0.36885926989271,0.371905568833856
"Filomicrobium",0.539395653676,0.282245785210902,0.370610354473878
"Phycisphaera",0.40883437630592,-0.450152651468898,0.36978295687393
"Marivita",0.56766857525169,-0.214187333225562,0.368123825042561
"Propionigenium",0.392160555318556,0.457702164705111,0.363281172723503
"Maritimibacter",0.384470544534956,0.459335631118154,0.358806821629719
"Shewanella",0.382668903989516,0.459714196864216,0.357772632879048
"Phaeodactylibacter",0.413775859293762,-0.430800050347444,0.356799145113652
"Acidimangrovimonas",-0.542591210225656,-0.247755202162128,0.355787861612539
"Hasllibacter",-0.551682130787825,-0.226129984547893,0.355487943342225
"Lutibacter",0.376007882383364,0.461088696392708,0.353984713555549
"Carboxylicivirga",0.360045511394819,0.464344390297758,0.345248483076553
"Fodinicurvata",0.249044961230129,-0.530916868854117,0.343896114347976
"Kordia",0.462918262593615,-0.359935916711707,0.343847181981788
"Pseudozobellia",0.479300317588602,0.337515704422687,0.343645645172477
"Mangrovimonas",0.404404896500788,0.42373510873195,0.34309476268589
"Sedimenticola",0.339810465656482,0.476591487435281,0.342610598465449
"Paraurantiacibacter",-0.575422684728129,-0.102445590973682,0.341606365209675
"Sneathiella",0.360188046763205,0.45840453660466,0.339870148210825
"Nitrosomonas",0.387675540423619,0.435116964955577,0.339619097834898
"Alteraurantiacibacter",0.341276443884893,0.4681009591033,0.335588119064148
"Tumebacillus",0.341276440303687,0.468100959631501,0.335588117114288
"Sinirhodobacter",0.341276439109952,0.468100959807568,0.335588116464335
"Bacteroides",0.341276438513084,0.468100959895601,0.335588116139358
"Litorivicinus",0.341276438513084,0.468100959895601,0.335588116139358
"Parvularcula",-0.545928613474528,-0.191834596017789,0.334838563239529
"Oceanospirillum",0.414202124955475,0.394424629389058,0.327134188586327
"Cerasicoccus",0.418850388442223,-0.385114890185658,0.323749126540912
"Enhygromyxa",0.346099149441049,0.451563725845773,0.323694419743534
"Motiliproteus",0.314020841502951,0.473317834754116,0.322638861594546
"Desulfospira",0.266551884112585,0.500593395824706,0.32164365486728
"Flavilitoribacter",0.543814907087016,0.150598838759835,0.318414663405871
"Pseudobacteriovorax",0.512439341401326,0.231795764844705,0.316323355215766
"Desulfobacca",0.450233791443021,0.336968153549876,0.316258003463971
"Tagaea",0.378895141832049,0.41275799887603,0.313930694140073
"Haloferula",0.465164521873198,-0.312213330330155,0.313855196045367
"Neptunomonas",0.292925265039484,0.477408089515513,0.313723694833304
"Mesonia",0.29292526332922,0.477408089738507,0.313723694044263
"Oxalophagus",0.292925261618956,0.477408089961501,0.313723693255223
"Formosa",0.292925261618956,0.477408089961501,0.313723693255223
"Azospirillum",0.292925261618956,0.477408089961501,0.313723693255223
"Methylomarinum",0.292925261618956,0.477408089961501,0.313723693255223
"Pelagibaca",0.29292526047878,0.477408090110164,0.313723692729196
"Sunxiuqinia",0.292925258768516,0.477408090333159,0.313723691940155
"Paraphaeobacter",0.292925258768516,0.477408090333159,0.313723691940155
"Jannaschia",0.188696044811235,-0.526410644357751,0.312714363820546
"Parahaliea",0.349483468579919,0.436192550734014,0.312402636126497
"Fulvimarina",-0.482568630950192,0.281097501888357,0.311888289145018
"Thiohalophilus",0.375568279607738,0.41186604887551,0.310685174863841
"Iamia",-0.550918503284113,0.0764839924936931,0.309360998368583
"Haliea",0.450153759454017,-0.323279992052973,0.307148360412356
"Anderseniella",0.54490006811139,-0.0780951738497273,0.303014940406416
"Desulfopila",0.307664374003961,0.456028781399546,0.302619616496004
"Thalassospira",0.374247633232842,0.402561606379834,0.302117137911496
"Caldithrix",0.287066325451257,0.467881284256345,0.301319971365454
"Kandeliimicrobium",-0.499558997539073,-0.222581695915557,0.299101803378889
"Thiohalobacter",0.439008740612153,-0.32319076897847,0.297180947486764
"Crocinitomix",0.487221599652252,-0.228230070734205,0.289473852355039
"Robiginitalea",0.428164264650413,-0.325287832780447,0.289136811678629
"Maribellus",0.506876866043654,-0.178644788586617,0.288838117819393
"Candidatus_Thiobios",0.527245556057693,0.0901900457926214,0.286122120742661
"Halomonas",-0.422172913017132,0.327968666593032,0.285793414752182
"Wenyingzhuangia",0.291173474605589,0.448087818656638,0.285564685542356
"Methylophaga",0.313428632611438,0.432377158320271,0.285187514777789
"Winogradskyella",0.50870815315091,-0.161945363027292,0.285010285688251
"Haliangium",0.27404219451291,-0.457926846643048,0.284796121249897
"Actibacter",0.532486475167186,-0.0134840786609905,0.28372366661331
"Oleibacter",-0.510415409404326,-0.149428517092387,0.282852771877816
"Calorithrix",0.304392058826038,0.430946812646978,0.278369680806944
"Lachnoclostridium",0.525350313476586,-0.0338476597467292,0.277138615940278
"Muriiphilus",0.427890971225728,0.306398399669556,0.276970662576562
"Niallia",0.176822532926318,0.495628500585915,0.276913818743521
"Magnetospira",-0.331247310155565,0.4087745798983,0.276821437656328
"Legionella",-0.50613866789962,0.14130808117345,0.276144324948124
"Oceanispirochaeta",-0.399137017178664,0.339830234213923,0.274794946568171
"Fluviicola",0.359901623000102,-0.374621014808264,0.269870082974081
"Geodermatophilus",-0.443848860883585,0.268701961389245,0.269202555362083
"Halioxenophilus",0.238949079601667,0.457722232709566,0.266606304959114
"Mycobacterium",-0.493960688083415,0.142463520053372,0.264293015917838
"Wenxinia",-0.377804856709784,0.343066385501119,0.260431054614303
"Thiothrix",0.410167897060765,0.302187089061395,0.25955474057465
"Lutibaculum",-0.370340170324728,0.34980590931886,0.259516015950543
"Deferrisoma",0.183846635982753,0.473020597795799,0.25754807150127
"Maribius",-0.502637909962487,-0.0637426064016412,0.256707988402332
"Oleiagrimonas",-0.389578968996903,0.32131727474479,0.255016564134109
"Salinovum",0.371981370949789,0.340860998063831,0.254556360334756
"Defluviicoccus",0.376462981873998,-0.335831181510648,0.254506959196301
"Roseovarius",0.481386927156145,-0.147205042765641,0.25340269825247
"Aurantimonas",-0.4458405833366,0.22764477241241,0.250595968156617
"Pseudohaliea",0.332904376239944,-0.371612787774696,0.248921387757387
"Altererythrobacter",-0.491973417850338,0.0739201306159034,0.247502029581615
"Arcobacter",0.181371853953011,0.461200536992207,0.245601684728253
"Pseudoalteromonas",0.341139204109398,-0.356949429948738,0.243788852121123
"Salinispira",-0.462497595126991,0.170883942433057,0.243105347279715
"Reinekea",0.209079501944,-0.446294795588257,0.242893282702315
"Thalassobaculum",0.441937429309875,0.216706250522496,0.242270290440539
"Halovulum",0.313786135786075,0.378281251583253,0.24155844431095
"Phyllonema",-0.134683243581292,-0.47204093749495,0.240962222772689
"Zunongwangia",-0.296721358885362,0.390734881131888,0.240717312151926
"Methylohalomonas",-0.488290156335799,0.00921316902540368,0.23851215925793
"Histidinibacterium",0.484842352238777,0.0366611384999542,0.236416145600543
"Catenococcus",-0.335214519031562,0.351349102306672,0.235814965461266
"Portibacter",0.367024585645315,-0.317098275662464,0.235258362896223
"Allosediminivita",-0.416626178432333,0.236867920378718,0.229683784259669
"Flexithrix",0.155465475215338,-0.450554673896981,0.227169028154346
"Rapidithrix",0.256990415154284,-0.400346453998774,0.226321356710563
"Desulfatitalea",0.19222445209115,0.434028571778741,0.225331041102037
"Candidatus_Marispirochaeta",-0.0941605790670353,-0.463530565903684,0.223726800177229
"Fusibacter",0.294088820835666,0.370034718189174,0.223413927205854
"Albimonas",0.289891406604216,-0.369378575651274,0.220477559773135
"Simkania",0.179086091152652,0.431564297370375,0.218319570809121
"Thiogranum",0.21015987750409,0.414706344293353,0.216148526109691
"Pelagicoccus",0.266505773883375,-0.378228283900074,0.214081962255172
"Nitrospina",0.168824603177882,0.430231137210053,0.213600578063225
"Rubrivirga",-0.458163607372268,-0.0317854651212925,0.210924206913347
"Tropicimonas-Psychromarinibacter",0.245947463524638,-0.385477334957867,0.209082930580423
"Owenweeksia",0.404751524940233,-0.204189536256401,0.205517163658048
"Sufflavibacter",-0.236554341386098,0.386341526031805,0.205217731165195
"Woeseia",0.41584259516575,-0.177288737553187,0.204356360417389
"Halocella",0.274353919009856,-0.357090004294944,0.202783344043429
"Kyrtuthrix",-0.144571709898781,-0.426044074195816,0.202414532460428
"Novosphingobium",-0.287389318485435,0.341641418590833,0.199311479276279
"Francisella",-0.386555136371819,0.222293730996757,0.198839376295894
"Candidatus_Entotheonella",0.323819597695076,0.303708656404996,0.197098079826729
"Thermodesulfovibrio",0.087423851522474,0.435124451468278,0.196976218080593
"Marivirga",0.124222395865807,-0.418330440101907,0.190431560750497
"Diplosphaera",0.105436631086804,-0.422812023237517,0.189886890169137
"Blastocatella",0.391047824590686,-0.191483777967421,0.189584438341785
"Marinobacter",-0.308550968728428,0.306905498659719,0.189394685410822
"Silicimonas",0.434238201422403,0.00816651829816377,0.188629507595678
"Natranaerovirga",-0.423339754198981,0.0958184332663673,0.188397719638875
"Marinococcus",-0.0433737870672987,0.430950163966741,0.18759932922752
"Puniceicoccus",0.310315684204493,-0.297066833446123,0.184544527397009
"Rhodomicrobium",0.21210375276545,0.373501931931149,0.184491695093488
"Pelagibacterium",-0.277674540450516,0.327164361605588,0.184139669919197
"Candidatus_Hepatoplasma",0.15088783942326,0.396881103936739,0.180281750747864
"Pseudohongiella",0.301668080095517,0.297248095035583,0.179360060550798
"Rhodospirillum",-0.169895442894621,0.387168745449391,0.178764098969215
"Peredibacter",0.326391108947973,-0.268336995253505,0.178535899021967
"Litorimonas",0.228683795157468,-0.35220270425666,0.176343023053327
"Aestuariivivens",0.138601456931465,0.396307424651929,0.176269938697769
"Balneola",0.41212103392853,0.00215562024305797,0.169848393304953
"Aureispira",-0.15468153630496,-0.379605906423468,0.168027021865246
"Coraliomargarita",0.244860493118719,-0.328515904874461,0.167879360845828
"Nitrospira",-0.231787640864944,0.337824957228269,0.167851212184018
"Mangrovibacterium",-0.117243984214693,0.391183616214229,0.166770773428976
"Andreesenia",0.0681437076309694,0.402358811881467,0.166536178388361
"Turneriella",0.0169761407930107,0.406756816559973,0.165739297174228
"Roseospira",-0.399789276168718,-0.0603571779102631,0.163474454264798
"Mesobacillus",0.0938140658726033,0.391651666692306,0.16219210697841
"Halobacteriovorax",0.180773089423871,0.358870225539146,0.161466748638368
"Halanaerobium",0.113656783304286,0.382127927602503,0.158939617444861
"Candidatus_Thiodiazotropha",0.208408330520515,0.338067897835483,0.157723935777251
"Oceanicella",0.28795235133623,-0.267663124757039,0.154560104994765
"Granulosicoccus",-0.0669758817342666,-0.385381170858398,0.153004415586272
"Pleionea",0.0697839824575528,0.38129269054795,0.150253920072931
"Blastopirellula",0.34879069333896,0.164385460519407,0.14867752739005
"Limibacillus",0.172583179890756,0.342854808730558,0.147334373850873
"Tistlia",-0.0313641443095879,0.382076360263416,0.146966054620413
"Ketobacter",0.129240203882062,0.359776490372801,0.146142153324447
"Marinobacterium",-0.123079564382709,0.360133584849609,0.144844778105268
"Foliisarcina",0.100108995662481,0.366929868324602,0.14465933928126
"Catalinimonas",0.0502577367270079,0.373792427866214,0.14224661923104
"Gilvibacter",0.251097221544169,-0.27518747095752,0.138777958839198
"Agarilytica",-0.237469663847765,0.283117198979489,0.136547189605962
"Aurantiacibacter",0.166034937031587,0.329888472112744,0.136394004347964
"Oricola",0.126522879614323,0.346119882823373,0.135807012351566
"Ekhidna",0.297435484439872,-0.210379434596211,0.132727373905003
"Tepidamorphus",-0.359881395522217,0.0426418531505033,0.131332946483127
"Hyphobacterium",-0.359881395231752,0.0426418533367961,0.131332946289949
"Alkalispirochaeta",-0.359881394069893,0.0426418540819667,0.131332945517238
"Rhodobium",-0.359881393779428,0.0426418542682596,0.13133294532406
"Parasphingopyxis",0.157425732565634,0.322529672124458,0.128808250674537
"Gracilimonas",0.0752700988291634,0.349785848789095,0.128015727790859
"Vicingus",0.284221533155258,-0.216028452129203,0.127450172038465
"Roseimarinus",0.067987864514764,0.345660035702007,0.12410321000279
"Sumerlaea",0.286966034236388,0.201037824277196,0.122765711595469
"Bauldia",-0.0348564111611442,0.343262509189044,0.119044119613794
"Croceibacterium",-0.119187404011422,0.323433575341895,0.118814914933423
"Euryhalocaulis",0.178493617869736,0.292935803085587,0.117671356349625
"Afifella",-0.340434055011218,0.0298647650691862,0.116787250004018
"Pseudahrensia",-0.280624770078295,-0.194315760744472,0.116508876455198
"Geothermobacter",0.0807444255068299,0.331148272285371,0.116178840488014
"Mooreia",-0.339617458131404,0.01320045235326,0.115514269809967
"Euzebya",-0.338310633506155,-0.00396931516552762,0.114469840206219
"Candidatus_Amoebophilus",0.144432318841745,0.305525608057213,0.114206591904733
"Microbulbifer",0.211975918022878,0.249915997887457,0.107391795821725
"Pelagibius",-0.033616714350416,0.324456489228855,0.106402096886432
"Saprospira",0.189868194221677,-0.263588653805861,0.105528909592186
"Robertkochia",0.294523424500739,0.121961875166808,0.101618746573847
"Clostridiisalibacter",-0.109257782197914,0.297332561540082,0.100343915122793
"Halococcus",-0.094550360042352,0.300317943309067,0.0991306376575263
"Acuticoccus",-0.191897661039873,-0.243568333913723,0.0961502455980809
"Rubricoccus",-0.269109893605514,-0.153589954887914,0.0960100090788424
"Desertibacillus",-0.297938718238275,0.0781331150097014,0.0948722634865852
"Thermotunica",-0.297938716139938,0.0781331136371391,0.0948722620217489
"Priestia",-0.297938716139938,0.0781331136371391,0.0948722620217489
"Paraclostridium",-0.297938714880937,0.078133112813602,0.0948722611428471
"Candidatus_Endobugula",-0.297938713621935,0.0781331119900645,0.0948722602639453
"Metabacillus",-0.297938702710586,0.0781331048527407,0.0948722526467966
"Acanthopleuribacter",0.224415386822566,0.207004750256823,0.0932132324716117
"Pikeienuella",0.17034677384915,0.233621684538487,0.0835971148474138
"Rossellomorea",-0.280099161688249,0.063419394010024,0.0824775599150588
"Henriciella",0.16362655206472,-0.234656673110541,0.0818374027758958
"Pacificimonas",-0.216757655935987,0.18303997096821,0.080487512378907
"Photobacterium",0.155124288744802,-0.236516620358624,0.0800036566644461
"Tunicatimonas",-0.088383158010065,-0.267709169732911,0.0794797821789169
"Flavimarina",-0.14728998921774,-0.237079956820534,0.0779012468497884
"Lewinella",-0.119907022054584,-0.241338334066359,0.0726218854279241
"Coxiella",0.263935618021371,0.0412038369375584,0.0713597666386999
"Actibacterium",-0.133103186178786,-0.229584748190348,0.0704256147725698
"Methyloceanibacter",0.243717037638709,0.065876443727763,0.0637377002736051
"Sphingomicrobium",0.247626473906095,0.0248681468884647,0.0619372953088322
"Roseospirillum",-0.223138466876129,-0.105078970184312,0.0608323653748248
"Ilumatobacter",0.0578630797569855,0.230551750340818,0.0565022455841781
"Roseitalea",0.0174531530837702,-0.215686079995404,0.0468250976563494
"Sandaracinus",0.174850584751864,-0.117673275437394,0.0444197267402334
"Pelagerythrobacter",-0.0704372485391081,0.198149596472357,0.044224668563918
"Saccharospirillum",0.100272226664067,0.183826919129612,0.043846855636855
"Candidatus_Nitrosoarchaeum",-0.0133783327968256,0.207488400900345,0.0432304162966048
"Halobacillus",0.0583702933674892,-0.19177473124493,0.040184638691872
"Fulvivirga",0.171606805195617,-0.100646424876556,0.0395785984298786
"Thalassocola",0.196739513580572,0.0269778344729019,0.0394342397567673
"Agaribacterium",0.0296117066254069,-0.189772728843532,0.0368905417819898
"Chelativorans",-0.171626910432699,0.0737960938753469,0.0349016598559326
"Catenovulum",-0.0264702825341096,-0.174295361833361,0.0310795490140578
"Marivibrio",0.125502352085203,-0.107148533237598,0.0272316485538869
"Serinicoccus",-0.139115862662973,0.0340086999127833,0.020509814914221
"Reichenbachiella",0.0165441329621687,0.132634923016095,0.0178657311389553
"Marinoscillum",0.107072086593402,0.0795238255384075,0.0177884705557281
"Vibrio",0.0810018373000716,0.101950936901027,0.0169552911809845
"Hahella",0.0917450847808594,-0.0509420113272059,0.0110122490995082
"Limibaculum",-0.0696757662294259,0.0765345617795668,0.0107122515464479
"Kamptonema",0.0984852281608379,-0.0143873541194312,0.00990633612445021
"Truepera",-0.0642999044573573,-0.0550933022010689,0.00716974966064357
"Allorhizobium",0.0688794824675585,0.0273436513545583,0.00549205837439834
"Pontixanthobacter",0.0688794824675585,0.0273436513545583,0.00549205837439834
"Candidatus_Xiphinematobacter",0.0688794804265483,0.0273436513545583,0.00549205809323089
"Rhodovibrio",0.0688794800183463,0.0273436513545583,0.0054920580369974
"Cucumibacter",0.0688794796101443,0.0273436513545583,0.00549205798076392
"Pseudohoeflea",0.0688794796101443,0.0273436513545583,0.00549205798076392
"Martelella",0.0515197018341444,0.0315108506374941,0.00364721338497761
